일자,평균
2017년 10월 10일,100265
2017년 10월 11일,100174
2017년 10월 12일,99932
2017년 10월 13일,107174
2017년 10월 14일,110154
2017년 10월 15일,93524
2017년 10월 16일,107090
2017년 10월 17일,107990
2017년 10월 18일,105905
2017년 10월 19일,108980
2017년 10월 1일,90462
2017년 10월 21일,112677
2017년 10월 22일,94609
2017년 10월 23일,109922
2017년 10월 24일,89582
2017년 10월 25일,108705
2017년 10월 26일,107769
2017년 10월 27일,110437
2017년 10월 28일,113371
2017년 10월 29일,96137
2017년 10월 2일,98868
2017년 10월 30일,109326
2017년 10월 31일,94880
2017년 10월 3일,84867
2017년 10월 4일,89114
2017년 10월 5일,81267
2017년 10월 6일,86330
2017년 10월 7일,95932
2017년 10월 8일,87753
2017년 10월 9일,93862
2017년 11월 10일,109494
2017년 11월 11일,111895
2017년 11월 12일,95119
2017년 11월 13일,105285
2017년 11월 14일,106720
2017년 11월 15일,94034
2017년 11월 16일,106734
2017년 11월 17일,109719
2017년 11월 18일,107577
2017년 11월 19일,93787
2017년 11월 1일,107699
2017년 11월 20일,106947
2017년 11월 21일,107049
2017년 11월 22일,105946
2017년 11월 23일,105620
2017년 11월 24일,111891
2017년 11월 25일,106208
2017년 11월 26일,91512
2017년 11월 27일,106872
2017년 11월 28일,104619
2017년 11월 29일,107363
2017년 11월 2일,105564
2017년 11월 30일,106125
2017년 11월 3일,109676
2017년 11월 4일,109914
2017년 11월 5일,95493
2017년 11월 6일,108387
2017년 11월 7일,94941
2017년 11월 8일,95119
2017년 11월 9일,108694
2017년 12월 10일,86153
2017년 12월 11일,102537
2017년 12월 12일,103945
2017년 12월 13일,102143
2017년 12월 14일,104479
2017년 12월 15일,106992
2017년 12월 16일,104789
2017년 12월 17일,89767
2017년 12월 18일,102316
2017년 12월 19일,100807
2017년 12월 1일,111249
2017년 12월 20일,101415
2017년 12월 21일,100904
2017년 12월 22일,107729
2017년 12월 23일,103251
2017년 12월 24일,83058
2017년 12월 25일,86678
2017년 12월 26일,101472
2017년 12월 27일,104460
2017년 12월 28일,103699
2017년 12월 29일,106780
2017년 12월 2일,106055
2017년 12월 30일,98822
2017년 12월 31일,87094
2017년 12월 3일,91653
2017년 12월 4일,104310
2017년 12월 5일,104364
2017년 12월 6일,99014
2017년 12월 7일,103408
2017년 12월 8일,107569
2017년 12월 9일,102343
2017년 6월 10일,110838
2017년 6월 11일,92274
2017년 6월 12일,108882
2017년 6월 13일,108516
2017년 6월 14일,109120
2017년 6월 15일,109127
2017년 6월 16일,112594
2017년 6월 17일,111319
2017년 6월 18일,92599
2017년 6월 19일,108087
2017년 6월 1일,108656
2017년 6월 20일,109456
2017년 6월 21일,109322
2017년 6월 22일,109910
2017년 6월 23일,112333
2017년 6월 24일,108693
2017년 6월 25일,92206
2017년 6월 26일,108679
2017년 6월 27일,107833
2017년 6월 28일,107717
2017년 6월 29일,108270
2017년 6월 2일,114477
2017년 6월 30일,113039
2017년 6월 3일,111557
2017년 6월 5일,112199
2017년 6월 6일,93926
2017년 6월 7일,105052
2017년 6월 8일,108703
2017년 6월 9일,112822
2017년 7월 10일,106014
2017년 7월 11일,105961
2017년 7월 12일,109842
2017년 7월 13일,109941
2017년 7월 14일,113667
2017년 7월 15일,106380
2017년 7월 16일,90871
2017년 7월 17일,107020
2017년 7월 18일,107295
2017년 7월 19일,109707
2017년 7월 1일,105991
2017년 7월 20일,110185
2017년 7월 21일,114121
2017년 7월 22일,109597
2017년 7월 23일,90666
2017년 7월 24일,105979
2017년 7월 25일,108601
2017년 7월 26일,108339
2017년 7월 27일,108914
2017년 7월 28일,111860
2017년 7월 29일,105536
2017년 7월 2일,88273
2017년 7월 30일,92147
2017년 7월 31일,105235
2017년 7월 3일,104190
2017년 7월 4일,105188
2017년 7월 5일,109859
2017년 7월 6일,106714
2017년 7월 7일,111904
2017년 7월 8일,104923
2017년 7월 9일,91340
2017년 8월 10일,107041
2017년 8월 11일,111121
2017년 8월 12일,105095
2017년 8월 13일,87318
2017년 8월 14일,103671
2017년 8월 15일,89066
2017년 8월 16일,105889
2017년 8월 17일,106525
2017년 8월 18일,111522
2017년 8월 19일,107367
2017년 8월 1일,106805
2017년 8월 20일,91969
2017년 8월 21일,105445
2017년 8월 22일,107410
2017년 8월 23일,107750
2017년 8월 24일,105500
2017년 8월 25일,115425
2017년 8월 26일,113164
2017년 8월 27일,95069
2017년 8월 28일,111035
2017년 8월 29일,110457
2017년 8월 2일,108590
2017년 8월 30일,111112
2017년 8월 31일,112320
2017년 8월 3일,106559
2017년 8월 4일,108030
2017년 8월 5일,104497
2017년 8월 6일,90181
2017년 8월 7일,106369
2017년 8월 8일,106806
2017년 8월 9일,104212
2017년 9월 10일,96182
2017년 9월 11일,108160
2017년 9월 12일,110004
2017년 9월 13일,112958
2017년 9월 14일,113601
2017년 9월 15일,116460
2017년 9월 16일,114957
2017년 9월 17일,99409
2017년 9월 18일,111206
2017년 9월 19일,106308
2017년 9월 1일,116545
2017년 9월 20일,97010
2017년 9월 21일,109418
2017년 9월 22일,112185
2017년 9월 23일,108514
2017년 9월 24일,93723
2017년 9월 25일,107566
2017년 9월 26일,108495
2017년 9월 27일,106698
2017년 9월 28일,113555
2017년 9월 29일,117359
2017년 9월 2일,111253
2017년 9월 30일,110254
2017년 9월 3일,96599
2017년 9월 4일,111169
2017년 9월 5일,108984
2017년 9월 6일,108809
2017년 9월 7일,110846
2017년 9월 8일,115851
2017년 9월 9일,114513
2018년 10월 10일,109516
2018년 10월 11일,109668
2018년 10월 12일,116568
2018년 10월 13일,114213
2018년 10월 14일,0
2018년 10월 15일,0
2018년 10월 16일,0
2018년 10월 17일,108970
2018년 10월 18일,108229
2018년 10월 19일,116736
2018년 10월 1일,0
2018년 10월 20일,115343
2018년 10월 21일,0
2018년 10월 22일,0
2018년 10월 23일,0
2018년 10월 24일,107513
2018년 10월 25일,108517
2018년 10월 26일,109515
2018년 10월 27일,114006
2018년 10월 28일,0
2018년 10월 29일,0
2018년 10월 2일,0
2018년 10월 30일,0
2018년 10월 31일,110956
2018년 10월 3일,97770
2018년 10월 4일,111829
2018년 10월 5일,107644
2018년 10월 6일,100665
2018년 10월 7일,0
2018년 10월 8일,0
2018년 10월 9일,0
2018년 11월 10일,112203
2018년 11월 11일,0
2018년 11월 12일,0
2018년 11월 13일,0
2018년 11월 14일,112307
2018년 11월 15일,111204
2018년 11월 16일,113713
2018년 11월 17일,114519
2018년 11월 18일,0
2018년 11월 19일,0
2018년 11월 1일,111038
2018년 11월 20일,0
2018년 11월 21일,92410
2018년 11월 22일,111506
2018년 11월 23일,114766
2018년 11월 24일,107054
2018년 11월 25일,0
2018년 11월 26일,0
2018년 11월 27일,0
2018년 11월 28일,109126
2018년 11월 29일,108496
2018년 11월 2일,111401
2018년 11월 30일,115659
2018년 11월 3일,114296
2018년 11월 4일,0
2018년 11월 5일,0
2018년 11월 6일,0
2018년 11월 7일,107442
2018년 11월 8일,105707
2018년 11월 9일,108523
2018년 12월 10일,0
2018년 12월 12일,78507
2018년 12월 13일,107092
2018년 12월 14일,114741
2018년 12월 15일,110562
2018년 12월 16일,0
2018년 12월 17일,0
2018년 12월 18일,0
2018년 12월 19일,107874
2018년 12월 1일,111627
2018년 12월 20일,102269
2018년 12월 21일,113259
2018년 12월 22일,110248
2018년 12월 23일,0
2018년 12월 24일,0
2018년 12월 25일,0
2018년 12월 26일,101984
2018년 12월 27일,100866
2018년 12월 28일,104122
2018년 12월 29일,95957
2018년 12월 2일,0
2018년 12월 30일,0
2018년 12월 31일,0
2018년 12월 3일,0
2018년 12월 4일,0
2018년 12월 5일,109833
2018년 12월 6일,108041
2018년 12월 7일,109932
2018년 12월 8일,110286
2018년 12월 9일,0
2018년 1월 10일,86559
2018년 1월 11일,90831
2018년 1월 12일,101811
2018년 1월 13일,98728
2018년 1월 14일,82856
2018년 1월 15일,101341
2018년 1월 16일,97899
2018년 1월 17일,99054
2018년 1월 18일,100760
2018년 1월 19일,106502
2018년 1월 1일,78183
2018년 1월 20일,101684
2018년 1월 21일,84715
2018년 1월 22일,97929
2018년 1월 23일,99154
2018년 1월 24일,98668
2018년 1월 25일,99998
2018년 1월 26일,103566
2018년 1월 27일,98567
2018년 1월 28일,81942
2018년 1월 29일,101193
2018년 1월 2일,99018
2018년 1월 30일,99820
2018년 1월 3일,101731
2018년 1월 4일,99633
2018년 1월 5일,105702
2018년 1월 6일,100236
2018년 1월 7일,81532
2018년 1월 8일,96894
2018년 1월 9일,92734
2018년 2월 10일,102772
2018년 2월 11일,81068
2018년 2월 12일,99633
2018년 2월 13일,104344
2018년 2월 14일,109742
2018년 2월 15일,83956
2018년 2월 16일,84218
2018년 2월 17일,80539
2018년 2월 18일,81822
2018년 2월 19일,102547
2018년 2월 1일,101625
2018년 2월 20일,101078
2018년 2월 21일,103205
2018년 2월 22일,104350
2018년 2월 23일,104290
2018년 2월 24일,103240
2018년 2월 25일,86036
2018년 2월 26일,105883
2018년 2월 27일,103879
2018년 2월 28일,101898
2018년 2월 3일,100544
2018년 2월 4일,84513
2018년 2월 5일,101525
2018년 2월 6일,100851
2018년 2월 7일,101721
2018년 2월 8일,103514
2018년 2월 9일,105962
2018년 3월 10일,106319
2018년 3월 11일,89904
2018년 3월 12일,105155
2018년 3월 13일,104902
2018년 3월 14일,107141
2018년 3월 15일,97887
2018년 3월 16일,107422
2018년 3월 17일,107312
2018년 3월 18일,88294
2018년 3월 19일,97639
2018년 3월 1일,91325
2018년 3월 20일,102048
2018년 3월 21일,94940
2018년 3월 22일,103900
2018년 3월 23일,109475
2018년 3월 24일,104508
2018년 3월 25일,90224
2018년 3월 26일,105072
2018년 3월 27일,102843
2018년 3월 28일,104996
2018년 3월 29일,102530
2018년 3월 2일,107927
2018년 3월 30일,110438
2018년 3월 31일,105661
2018년 3월 3일,101293
2018년 3월 4일,87460
2018년 3월 5일,98019
2018년 3월 6일,102649
2018년 3월 7일,103377
2018년 3월 8일,97256
2018년 3월 9일,104935
2018년 4월 10일,106213
2018년 4월 11일,106737
2018년 4월 12일,106667
2018년 4월 13일,107824
2018년 4월 14일,100508
2018년 4월 15일,92723
2018년 4월 16일,106071
2018년 4월 17일,104490
2018년 4월 18일,105865
2018년 4월 19일,106067
2018년 4월 1일,89729
2018년 4월 20일,110519
2018년 4월 21일,107683
2018년 4월 22일,87621
2018년 4월 23일,96461
2018년 4월 24일,100680
2018년 4월 25일,108054
2018년 4월 26일,105828
2018년 4월 27일,109869
2018년 4월 28일,106765
2018년 4월 29일,90681
2018년 4월 2일,104136
2018년 4월 30일,104162
2018년 4월 3일,105679
2018년 4월 4일,100822
2018년 4월 5일,99006
2018년 4월 6일,106161
2018년 4월 7일,105168
2018년 4월 8일,89810
2018년 4월 9일,105795
2018년 5월 10일,107527
2018년 5월 12일,99616
2018년 5월 13일,89535
2018년 5월 14일,106335
2018년 5월 15일,106060
2018년 5월 16일,103071
2018년 5월 17일,104711
2018년 5월 19일,108996
2018년 5월 1일,0
2018년 5월 21일,109091
2018년 5월 22일,93186
2018년 5월 23일,107677
2018년 5월 24일,107568
2018년 5월 25일,109330
2018년 5월 26일,107755
2018년 5월 27일,0
2018년 5월 28일,105332
2018년 5월 29일,105314
2018년 5월 2일,0
2018년 5월 30일,107377
2018년 5월 31일,107194
2018년 5월 3일,100871
2018년 5월 4일,111566
2018년 5월 5일,100546
2018년 5월 6일,86908
2018년 5월 7일,95521
2018년 5월 8일,109427
2018년 5월 9일,106328
2018년 6월 10일,0
2018년 6월 11일,104319
2018년 6월 12일,105996
2018년 6월 13일,95200
2018년 6월 14일,104818
2018년 6월 15일,111447
2018년 6월 16일,105932
2018년 6월 17일,0
2018년 6월 18일,104265
2018년 6월 19일,102192
2018년 6월 1일,110811
2018년 6월 20일,105260
2018년 6월 21일,106724
2018년 6월 22일,109091
2018년 6월 23일,104100
2018년 6월 24일,0
2018년 6월 25일,105640
2018년 6월 26일,100664
2018년 6월 27일,103894
2018년 6월 28일,103408
2018년 6월 29일,110567
2018년 6월 2일,105945
2018년 6월 30일,102284
2018년 6월 3일,0
2018년 6월 4일,104398
2018년 6월 5일,107349
2018년 6월 6일,89431
2018년 6월 7일,106058
2018년 6월 8일,111117
2018년 6월 9일,106942
2018년 7월 10일,102914
2018년 7월 11일,93400
2018년 7월 12일,106368
2018년 7월 13일,108240
2018년 7월 14일,105728
2018년 7월 15일,0
2018년 7월 16일,104898
2018년 7월 17일,102600
2018년 7월 18일,106802
2018년 7월 19일,109058
2018년 7월 1일,0
2018년 7월 20일,114776
2018년 7월 21일,108470
2018년 7월 22일,0
2018년 7월 23일,109575
2018년 7월 24일,108528
2018년 7월 26일,111135
2018년 7월 27일,114493
2018년 7월 28일,104482
2018년 7월 29일,0
2018년 7월 2일,98783
2018년 7월 30일,108993
2018년 7월 31일,110540
2018년 7월 3일,101325
2018년 7월 4일,104475
2018년 7월 5일,102147
2018년 7월 6일,104531
2018년 7월 7일,101990
2018년 7월 8일,0
2018년 7월 9일,98620
2018년 8월 10일,111409
2018년 8월 11일,107414
2018년 8월 12일,0
2018년 8월 13일,0
2018년 8월 14일,0
2018년 8월 15일,97435
2018년 8월 16일,107741
2018년 8월 17일,113240
2018년 8월 1일,84275
2018년 8월 22일,90599
2018년 8월 23일,102208
2018년 8월 24일,104717
2018년 8월 26일,0
2018년 8월 27일,98300
2018년 8월 28일,0
2018년 8월 29일,109532
2018년 8월 2일,107954
2018년 8월 30일,53051
2018년 8월 31일,110698
2018년 8월 3일,71141
2018년 8월 8일,109990
2018년 8월 9일,93000
2018년 9월 10일,0
2018년 9월 11일,0
2018년 9월 12일,111858
2018년 9월 13일,111005
2018년 9월 14일,111953
2018년 9월 15일,112113
2018년 9월 16일,0
2018년 9월 17일,0
2018년 9월 18일,0
2018년 9월 19일,113948
2018년 9월 1일,108258
2018년 9월 21일,115161
2018년 9월 22일,111909
2018년 9월 24일,0
2018년 9월 25일,0
2018년 9월 26일,93778
2018년 9월 27일,112247
2018년 9월 28일,111124
2018년 9월 29일,107027
2018년 9월 2일,0
2018년 9월 30일,0
2018년 9월 3일,0
2018년 9월 4일,0
2018년 9월 5일,112212
2018년 9월 6일,107090
2018년 9월 7일,113494
2018년 9월 8일,113184
2018년 9월 9일,0
2019년 10월 10일,102652
2019년 10월 11일,107918
2019년 10월 12일,105472
2019년 10월 13일,88497
2019년 10월 14일,103471
2019년 10월 15일,104280
2019년 10월 16일,102163
2019년 10월 17일,104913
2019년 10월 18일,107648
2019년 10월 19일,107876
2019년 10월 1일,100796
2019년 10월 20일,91611
2019년 10월 21일,100577
2019년 10월 22일,100922
2019년 10월 23일,97458
2019년 10월 24일,99456
2019년 10월 25일,99744
2019년 10월 26일,108414
2019년 10월 27일,91185
2019년 10월 28일,96192
2019년 10월 29일,93243
2019년 10월 2일,100060
2019년 10월 30일,91234
2019년 10월 31일,101350
2019년 10월 3일,88344
2019년 10월 4일,105676
2019년 10월 5일,100530
2019년 10월 6일,88322
2019년 10월 7일,97702
2019년 10월 8일,104864
2019년 10월 9일,91469
2019년 11월 10일,87165
2019년 11월 11일,103571
2019년 11월 12일,104027
2019년 11월 13일,92279
2019년 11월 14일,103168
2019년 11월 15일,92190
2019년 11월 16일,103950
2019년 11월 17일,84808
2019년 11월 18일,98030
2019년 11월 19일,91946
2019년 11월 1일,106270
2019년 11월 20일,87813
2019년 11월 21일,103351
2019년 11월 22일,98385
2019년 11월 23일,94055
2019년 11월 24일,89756
2019년 11월 25일,97701
2019년 11월 26일,102402
2019년 11월 27일,103005
2019년 11월 28일,97653
2019년 11월 29일,100823
2019년 11월 2일,105594
2019년 11월 30일,101454
2019년 11월 3일,92113
2019년 11월 4일,104239
2019년 11월 5일,103758
2019년 11월 6일,104181
2019년 11월 7일,103834
2019년 11월 8일,109807
2019년 11월 9일,105347
2019년 12월 10일,73978
2019년 12월 11일,68785
2019년 12월 12일,71449
2019년 12월 13일,82156
2019년 12월 14일,81717
2019년 12월 15일,70146
2019년 12월 16일,76866
2019년 12월 17일,75472
2019년 12월 18일,77249
2019년 12월 19일,78725
2019년 12월 1일,83494
2019년 12월 20일,79625
2019년 12월 21일,79684
2019년 12월 22일,69915
2019년 12월 23일,76230
2019년 12월 24일,0
2019년 12월 25일,68040
2019년 12월 26일,75158
2019년 12월 27일,81870
2019년 12월 28일,76493
2019년 12월 29일,63110
2019년 12월 2일,97048
2019년 12월 30일,72561
2019년 12월 31일,81834
2019년 12월 3일,75041
2019년 12월 4일,77471
2019년 12월 5일,79559
2019년 12월 6일,73536
2019년 12월 7일,73934
2019년 12월 8일,69008
2019년 12월 9일,77567
2019년 1월 10일,104195
2019년 1월 11일,111319
2019년 1월 12일,106403
2019년 1월 13일,0
2019년 1월 14일,0
2019년 1월 15일,0
2019년 1월 16일,106761
2019년 1월 17일,104583
2019년 1월 18일,112486
2019년 1월 19일,106013
2019년 1월 1일,0
2019년 1월 20일,0
2019년 1월 21일,0
2019년 1월 22일,0
2019년 1월 23일,107440
2019년 1월 24일,107413
2019년 1월 25일,110771
2019년 1월 26일,107466
2019년 1월 27일,0
2019년 1월 28일,0
2019년 1월 29일,0
2019년 1월 2일,99863
2019년 1월 30일,110483
2019년 1월 31일,109444
2019년 1월 3일,100402
2019년 1월 4일,103797
2019년 1월 5일,98967
2019년 1월 6일,0
2019년 1월 7일,0
2019년 1월 8일,0
2019년 1월 9일,106330
2019년 2월 10일,0
2019년 2월 11일,0
2019년 2월 12일,0
2019년 2월 13일,108377
2019년 2월 14일,109100
2019년 2월 15일,110062
2019년 2월 16일,107471
2019년 2월 18일,105485
2019년 2월 19일,99189
2019년 2월 1일,114645
2019년 2월 20일,107174
2019년 2월 21일,109741
2019년 2월 22일,111571
2019년 2월 23일,110025
2019년 2월 24일,92427
2019년 2월 25일,105914
2019년 2월 26일,107669
2019년 2월 27일,106489
2019년 2월 28일,111075
2019년 2월 2일,104701
2019년 2월 3일,0
2019년 2월 4일,0
2019년 2월 5일,0
2019년 2월 6일,85106
2019년 2월 7일,105122
2019년 2월 8일,108292
2019년 2월 9일,103683
2019년 3월 10일,66294
2019년 3월 11일,74255
2019년 3월 12일,73652
2019년 3월 13일,110577
2019년 3월 14일,110366
2019년 3월 15일,113513
2019년 3월 16일,111347
2019년 3월 17일,95575
2019년 3월 18일,107201
2019년 3월 19일,109022
2019년 3월 1일,96679
2019년 3월 20일,106809
2019년 3월 21일,107476
2019년 3월 22일,113987
2019년 3월 23일,107315
2019년 3월 24일,92769
2019년 3월 25일,107174
2019년 3월 26일,106446
2019년 3월 27일,107373
2019년 3월 28일,106823
2019년 3월 29일,113216
2019년 3월 2일,101819
2019년 3월 30일,106997
2019년 3월 31일,91263
2019년 3월 3일,90016
2019년 3월 4일,106321
2019년 3월 5일,105468
2019년 3월 6일,107846
2019년 3월 7일,107660
2019년 3월 8일,116806
2019년 3월 9일,111281
2019년 4월 10일,104700
2019년 4월 11일,107509
2019년 4월 12일,112609
2019년 4월 13일,109618
2019년 4월 14일,68313
2019년 4월 15일,105028
2019년 4월 16일,104831
2019년 4월 17일,108978
2019년 4월 18일,108139
2019년 4월 19일,111203
2019년 4월 1일,80167
2019년 4월 20일,110456
2019년 4월 21일,92062
2019년 4월 22일,92833
2019년 4월 23일,103151
2019년 4월 24일,106345
2019년 4월 25일,104982
2019년 4월 26일,111240
2019년 4월 27일,108361
2019년 4월 28일,91574
2019년 4월 29일,103759
2019년 4월 2일,104917
2019년 4월 30일,108773
2019년 4월 3일,109363
2019년 4월 4일,109323
2019년 4월 5일,112150
2019년 4월 6일,108818
2019년 4월 7일,93093
2019년 4월 8일,106832
2019년 4월 9일,102974
2019년 5월 10일,113551
2019년 5월 11일,110252
2019년 5월 12일,94230
2019년 5월 13일,105566
2019년 5월 14일,107183
2019년 5월 15일,110027
2019년 5월 16일,108804
2019년 5월 17일,113390
2019년 5월 18일,106565
2019년 5월 19일,91547
2019년 5월 1일,104244
2019년 5월 20일,105806
2019년 5월 21일,107587
2019년 5월 22일,109161
2019년 5월 23일,109081
2019년 5월 24일,106704
2019년 5월 25일,102163
2019년 5월 26일,92111
2019년 5월 27일,99660
2019년 5월 28일,105806
2019년 5월 29일,109451
2019년 5월 2일,109440
2019년 5월 30일,106730
2019년 5월 31일,112534
2019년 5월 3일,115617
2019년 5월 4일,109858
2019년 5월 5일,94477
2019년 5월 6일,96445
2019년 5월 7일,108910
2019년 5월 8일,112784
2019년 5월 9일,109781
2019년 6월 10일,104565
2019년 6월 11일,105371
2019년 6월 12일,108260
2019년 6월 13일,108025
2019년 6월 14일,111696
2019년 6월 15일,109556
2019년 6월 16일,89456
2019년 6월 17일,106107
2019년 6월 18일,100826
2019년 6월 19일,107680
2019년 6월 1일,108294
2019년 6월 20일,108197
2019년 6월 21일,113336
2019년 6월 22일,107689
2019년 6월 23일,90891
2019년 6월 24일,105330
2019년 6월 25일,105261
2019년 6월 26일,107399
2019년 6월 27일,105493
2019년 6월 28일,112259
2019년 6월 29일,103174
2019년 6월 2일,79892
2019년 6월 30일,88741
2019년 6월 3일,106230
2019년 6월 4일,105808
2019년 6월 5일,107459
2019년 6월 6일,89491
2019년 6월 7일,106084
2019년 6월 8일,105294
2019년 6월 9일,84479
2019년 7월 10일,103994
2019년 7월 11일,102516
2019년 7월 12일,110994
2019년 7월 13일,106223
2019년 7월 14일,76377
2019년 7월 15일,102776
2019년 7월 16일,100093
2019년 7월 17일,104914
2019년 7월 18일,103602
2019년 7월 19일,110232
2019년 7월 1일,97874
2019년 7월 20일,101152
2019년 7월 21일,85583
2019년 7월 22일,105629
2019년 7월 23일,89106
2019년 7월 24일,105242
2019년 7월 25일,101079
2019년 7월 26일,107767
2019년 7월 27일,102584
2019년 7월 28일,63683
2019년 7월 29일,87228
2019년 7월 2일,92176
2019년 7월 30일,103906
2019년 7월 31일,105508
2019년 7월 3일,106518
2019년 7월 4일,104655
2019년 7월 5일,112028
2019년 7월 6일,108313
2019년 7월 7일,90704
2019년 7월 8일,105050
2019년 7월 9일,102992
2019년 8월 10일,103164
2019년 8월 11일,61444
2019년 8월 12일,87088
2019년 8월 13일,98688
2019년 8월 14일,107125
2019년 8월 15일,91605
2019년 8월 16일,107488
2019년 8월 17일,100925
2019년 8월 18일,89489
2019년 8월 19일,104038
2019년 8월 1일,103818
2019년 8월 20일,105095
2019년 8월 21일,103369
2019년 8월 22일,103017
2019년 8월 23일,112063
2019년 8월 24일,106818
2019년 8월 25일,92840
2019년 8월 26일,107800
2019년 8월 27일,101153
2019년 8월 28일,102514
2019년 8월 29일,102175
2019년 8월 2일,106849
2019년 8월 30일,111069
2019년 8월 31일,105067
2019년 8월 3일,100751
2019년 8월 4일,88721
2019년 8월 5일,104841
2019년 8월 6일,103886
2019년 8월 7일,105061
2019년 8월 8일,105497
2019년 8월 9일,99876
2019년 9월 10일,111222
2019년 9월 11일,108874
2019년 9월 12일,83219
2019년 9월 13일,87124
2019년 9월 14일,82693
2019년 9월 15일,87005
2019년 9월 16일,105243
2019년 9월 17일,106441
2019년 9월 18일,106001
2019년 9월 19일,104510
2019년 9월 1일,90506
2019년 9월 20일,108178
2019년 9월 21일,98384
2019년 9월 22일,76040
2019년 9월 23일,103363
2019년 9월 24일,105133
2019년 9월 25일,104868
2019년 9월 26일,104461
2019년 9월 27일,108934
2019년 9월 28일,102568
2019년 9월 29일,91185
2019년 9월 2일,103503
2019년 9월 30일,104850
2019년 9월 3일,101388
2019년 9월 4일,101911
2019년 9월 5일,100921
2019년 9월 6일,108262
2019년 9월 7일,94697
2019년 9월 8일,88109
2019년 9월 9일,101725
2020-06-23 00:00:00,363
2020년 10월 10일,90125
2020년 10월 11일,63628
2020년 10월 12일,81828
2020년 10월 13일,82758
2020년 10월 14일,94533
2020년 10월 15일,95880
2020년 10월 16일,98202
2020년 10월 17일,94129
2020년 10월 18일,47106
2020년 10월 19일,62773
2020년 10월 1일,73429
2020년 10월 20일,90561
2020년 10월 21일,98145
2020년 10월 22일,98125
2020년 10월 23일,104398
2020년 10월 24일,96022
2020년 10월 25일,79487
2020년 10월 26일,96747
2020년 10월 27일,96276
2020년 10월 28일,98961
2020년 10월 29일,100265
2020년 10월 2일,73618
2020년 10월 30일,104483
2020년 10월 31일,99144
2020년 10월 3일,76043
2020년 10월 4일,61372
2020년 10월 5일,82985
2020년 10월 6일,78029
2020년 10월 7일,95732
2020년 10월 8일,99132
2020년 10월 9일,86529
2020년 11월 10일,99023
2020년 11월 11일,102099
2020년 11월 12일,101218
2020년 11월 13일,104395
2020년 11월 14일,98618
2020년 11월 15일,82489
2020년 11월 16일,95521
2020년 11월 17일,95812
2020년 11월 18일,97751
2020년 11월 19일,95494
2020년 11월 1일,78261
2020년 11월 20일,101675
2020년 11월 21일,96232
2020년 11월 22일,76539
2020년 11월 23일,97020
2020년 11월 24일,95706
2020년 11월 25일,98965
2020년 11월 26일,96701
2020년 11월 27일,97703
2020년 11월 28일,92674
2020년 11월 29일,72594
2020년 11월 2일,95838
2020년 11월 30일,91465
2020년 11월 3일,96480
2020년 11월 4일,99251
2020년 11월 5일,99578
2020년 11월 6일,102837
2020년 11월 7일,97720
2020년 11월 8일,54029
2020년 11월 9일,78147
2020년 12월 10일,93403
2020년 12월 11일,97467
2020년 12월 12일,88335
2020년 12월 13일,64712
2020년 12월 14일,90476
2020년 12월 15일,90217
2020년 12월 16일,93453
2020년 12월 17일,93511
2020년 12월 18일,95918
2020년 12월 19일,87297
2020년 12월 1일,92549
2020년 12월 20일,66868
2020년 12월 21일,91837
2020년 12월 22일,88234
2020년 12월 23일,94451
2020년 12월 24일,98403
2020년 12월 25일,71032
2020년 12월 26일,77677
2020년 12월 27일,59685
2020년 12월 28일,89388
2020년 12월 29일,87544
2020년 12월 2일,95248
2020년 12월 30일,90358
2020년 12월 31일,94355
2020년 12월 3일,95278
2020년 12월 4일,99647
2020년 12월 5일,89081
2020년 12월 6일,70475
2020년 12월 7일,91757
2020년 12월 8일,92201
2020년 12월 9일,94953
2020년 1월 10일,107519
2020년 1월 11일,103841
2020년 1월 12일,64902
2020년 1월 13일,75471
2020년 1월 14일,77323
2020년 1월 15일,105531
2020년 1월 16일,104264
2020년 1월 17일,108127
2020년 1월 18일,104434
2020년 1월 19일,64300
2020년 1월 1일,59528
2020년 1월 20일,77382
2020년 1월 21일,80473
2020년 1월 22일,105240
2020년 1월 23일,108478
2020년 1월 24일,89829
2020년 1월 25일,87655
2020년 1월 26일,62426
2020년 1월 27일,58259
2020년 1월 28일,75171
2020년 1월 29일,101839
2020년 1월 2일,72035
2020년 1월 30일,101366
2020년 1월 31일,105718
2020년 1월 3일,78729
2020년 1월 4일,74331
2020년 1월 5일,63741
2020년 1월 6일,72105
2020년 1월 7일,69649
2020년 1월 8일,73425
2020년 1월 9일,103705
2020년 2월 10일,76666
2020년 2월 11일,76022
2020년 2월 12일,97761
2020년 2월 13일,100032
2020년 2월 14일,107366
2020년 2월 15일,101602
2020년 2월 16일,56581
2020년 2월 17일,73438
2020년 2월 18일,76306
2020년 2월 19일,102864
2020년 2월 1일,97378
2020년 2월 20일,102265
2020년 2월 21일,102980
2020년 2월 22일,91194
2020년 2월 23일,48283
2020년 2월 24일,60089
2020년 2월 25일,38528
2020년 2월 26일,70736
2020년 2월 27일,91770
2020년 2월 28일,92908
2020년 2월 29일,84127
2020년 2월 2일,59879
2020년 2월 3일,75216
2020년 2월 4일,77005
2020년 2월 5일,103469
2020년 2월 6일,101159
2020년 2월 7일,105721
2020년 2월 8일,100274
2020년 2월 9일,61668
2020년 3월 10일,63733
2020년 3월 11일,71959
2020년 3월 12일,94514
2020년 3월 13일,98283
2020년 3월 14일,91779
2020년 3월 15일,50936
2020년 3월 16일,71655
2020년 3월 17일,68733
2020년 3월 18일,72588
2020년 3월 19일,92211
2020년 3월 1일,44552
2020년 3월 20일,101731
2020년 3월 21일,92515
2020년 3월 22일,54423
2020년 3월 23일,72441
2020년 3월 24일,70868
2020년 3월 25일,72575
2020년 3월 26일,93887
2020년 3월 27일,96789
2020년 3월 28일,91113
2020년 3월 29일,52019
2020년 3월 2일,68781
2020년 3월 30일,54757
2020년 3월 31일,67891
2020년 3월 3일,67912
2020년 3월 4일,68618
2020년 3월 5일,92637
2020년 3월 6일,97918
2020년 3월 7일,85205
2020년 3월 8일,49855
2020년 3월 9일,68495
2020년 4월 10일,102984
2020년 4월 11일,94835
2020년 4월 12일,52331
2020년 4월 13일,74611
2020년 4월 14일,76078
2020년 4월 15일,64859
2020년 4월 16일,98981
2020년 4월 17일,102664
2020년 4월 18일,95858
2020년 4월 19일,53776
2020년 4월 1일,72415
2020년 4월 20일,71135
2020년 4월 21일,72936
2020년 4월 22일,75165
2020년 4월 23일,98877
2020년 4월 24일,103383
2020년 4월 25일,93433
2020년 4월 26일,51212
2020년 4월 27일,60026
2020년 4월 28일,44473
2020년 4월 29일,65852
2020년 4월 2일,96377
2020년 4월 30일,90546
2020년 4월 3일,101703
2020년 4월 4일,93742
2020년 4월 5일,56036
2020년 4월 6일,73448
2020년 4월 7일,69807
2020년 4월 8일,75755
2020년 4월 9일,98402
2020년 5월 10일,74022
2020년 5월 11일,94154
2020년 5월 12일,94303
2020년 5월 13일,97517
2020년 5월 14일,96260
2020년 5월 15일,96154
2020년 5월 16일,93689
2020년 5월 17일,78983
2020년 5월 18일,93529
2020년 5월 19일,90243
2020년 5월 1일,95610
2020년 5월 20일,97612
2020년 5월 21일,97787
2020년 5월 22일,100958
2020년 5월 23일,98387
2020년 5월 24일,75474
2020년 5월 25일,94875
2020년 5월 26일,94651
2020년 5월 27일,97972
2020년 5월 28일,85429
2020년 5월 29일,102245
2020년 5월 2일,93827
2020년 5월 30일,96566
2020년 5월 31일,77446
2020년 5월 3일,56521
2020년 5월 4일,74127
2020년 5월 5일,59858
2020년 5월 6일,83460
2020년 5월 7일,100565
2020년 5월 8일,105116
2020년 5월 9일,88863
2020년 6월 10일,97588
2020년 6월 11일,97820
2020년 6월 12일,100783
2020년 6월 13일,95720
2020년 6월 14일,76173
2020년 6월 15일,97488
2020년 6월 16일,93843
2020년 6월 17일,95070
2020년 6월 18일,93655
2020년 6월 19일,96581
2020년 6월 1일,96404
2020년 6월 20일,88915
2020년 6월 21일,70770
2020년 6월 22일,93573
2020년 6월 23일,164549
2020년 6월 24일,5117
2020년 6월 25일,89934
2020년 6월 26일,97008
2020년 6월 27일,88161
2020년 6월 28일,67695
2020년 6월 29일,85915
2020년 6월 2일,94670
2020년 6월 30일,78895
2020년 6월 3일,97976
2020년 6월 4일,96671
2020년 6월 5일,101392
2020년 6월 6일,91279
2020년 6월 7일,77918
2020년 6월 8일,93975
2020년 6월 9일,97089
2020년 7월 10일,94175
2020년 7월 11일,86651
2020년 7월 12일,65606
2020년 7월 13일,77659
2020년 7월 14일,83055
2020년 7월 15일,92549
2020년 7월 16일,95682
2020년 7월 17일,99066
2020년 7월 18일,90039
2020년 7월 19일,70217
2020년 7월 1일,91702
2020년 7월 20일,88890
2020년 7월 21일,92773
2020년 7월 22일,91219
2020년 7월 23일,88200
2020년 7월 24일,95320
2020년 7월 25일,88560
2020년 7월 26일,71117
2020년 7월 27일,84199
2020년 7월 28일,78717
2020년 7월 29일,91124
2020년 7월 2일,92127
2020년 7월 30일,88596
2020년 7월 31일,94845
2020년 7월 3일,93950
2020년 7월 4일,86717
2020년 7월 5일,68392
2020년 7월 6일,90986
2020년 7월 7일,89289
2020년 7월 8일,92389
2020년 7월 9일,83018
2020년 8월 10일,49948
2020년 8월 11일,49687
2020년 8월 12일,93752
2020년 8월 13일,93766
2020년 8월 14일,98840
2020년 8월 15일,87741
2020년 8월 16일,42158
2020년 8월 17일,48053
2020년 8월 18일,50889
2020년 8월 19일,94486
2020년 8월 1일,85300
2020년 8월 20일,53371
2020년 8월 21일,97317
2020년 8월 22일,87304
2020년 8월 23일,36394
2020년 8월 24일,51457
2020년 8월 25일,50463
2020년 8월 26일,91324
2020년 8월 27일,89023
2020년 8월 28일,95571
2020년 8월 29일,85498
2020년 8월 2일,64768
2020년 8월 30일,35324
2020년 8월 31일,50032
2020년 8월 3일,80223
2020년 8월 4일,79870
2020년 8월 5일,93123
2020년 8월 6일,90755
2020년 8월 7일,95078
2020년 8월 8일,87198
2020년 8월 9일,39380
2020년 9월 10일,92558
2020년 9월 11일,93839
2020년 9월 12일,86080
2020년 9월 13일,62901
2020년 9월 14일,81587
2020년 9월 15일,80675
2020년 9월 16일,91354
2020년 9월 17일,92137
2020년 9월 18일,67964
2020년 9월 19일,92425
2020년 9월 1일,50213
2020년 9월 20일,67171
2020년 9월 21일,84771
2020년 9월 22일,83424
2020년 9월 23일,95858
2020년 9월 24일,98120
2020년 9월 25일,99891
2020년 9월 26일,95632
2020년 9월 27일,68366
2020년 9월 28일,88875
2020년 9월 29일,89659
2020년 9월 2일,86547
2020년 9월 30일,81147
2020년 9월 3일,88061
2020년 9월 4일,95681
2020년 9월 5일,85969
2020년 9월 6일,57958
2020년 9월 7일,72335
2020년 9월 8일,79929
2020년 9월 9일,90820
2021년 1월 10일,59353
2021년 1월 11일,89156
2021년 1월 12일,87899
2021년 1월 13일,90928
2021년 1월 14일,92634
2021년 1월 15일,95456
2021년 1월 16일,87458
2021년 1월 17일,63108
2021년 1월 18일,79926
2021년 1월 19일,87404
2021년 1월 1일,59224
2021년 1월 20일,92636
2021년 1월 21일,90707
2021년 1월 22일,93966
2021년 1월 23일,87306
2021년 1월 24일,68915
2021년 1월 25일,87232
2021년 1월 26일,87756
2021년 1월 27일,93678
2021년 1월 28일,89559
2021년 1월 29일,94258
2021년 1월 2일,71391
2021년 1월 30일,87084
2021년 1월 31일,69619
2021년 1월 3일,58844
2021년 1월 4일,86930
2021년 1월 5일,88453
2021년 1월 6일,90701
2021년 1월 7일,72803
2021년 1월 8일,86916
2021년 1월 9일,79636
2021년 2월 10일,102014
2021년 2월 11일,72884
2021년 2월 12일,68721
2021년 2월 13일,69939
2021년 2월 14일,68094
2021년 2월 15일,93424
2021년 2월 16일,93563
2021년 2월 17일,88990
2021년 2월 18일,90668
2021년 2월 19일,97997
2021년 2월 1일,89547
2021년 2월 20일,92514
2021년 2월 21일,74083
2021년 2월 22일,94308
2021년 2월 23일,93111
2021년 2월 24일,93389
2021년 2월 25일,91666
2021년 2월 26일,97749
2021년 2월 27일,92111
2021년 2월 28일,73738
2021년 2월 2일,92863
2021년 2월 3일,94003
2021년 2월 4일,92366
2021년 2월 5일,97488
2021년 2월 6일,90918
2021년 2월 7일,72586
2021년 2월 8일,97216
2021년 2월 9일,99314
2021년 3월 10일,94176
2021년 3월 11일,92730
2021년 3월 12일,92165
2021년 3월 13일,90849
2021년 3월 14일,74266
2021년 3월 15일,92264
2021년 3월 16일,94450
2021년 3월 17일,94138
2021년 3월 18일,93222
2021년 3월 19일,97117
2021년 3월 1일,69284
2021년 3월 20일,87047
2021년 3월 21일,74947
2021년 3월 22일,95065
2021년 3월 23일,93836
2021년 3월 24일,93279
2021년 3월 25일,93468
2021년 3월 26일,97408
2021년 3월 27일,87934
2021년 3월 28일,70424
2021년 3월 29일,92560
2021년 3월 2일,91499
2021년 3월 30일,93763
2021년 3월 31일,95183
2021년 3월 3일,92285
2021년 3월 4일,90470
2021년 3월 5일,96145
2021년 3월 6일,89789
2021년 3월 7일,73760
2021년 3월 8일,92845
2021년 3월 9일,92041
2021년 4월 10일,89300
2021년 4월 11일,73045
2021년 4월 12일,88745
2021년 4월 13일,91197
2021년 4월 14일,91777
2021년 4월 15일,91287
2021년 4월 16일,92743
2021년 4월 17일,88477
2021년 4월 18일,73271
2021년 4월 19일,93327
2021년 4월 1일,93133
2021년 4월 20일,91205
2021년 4월 21일,91071
2021년 4월 22일,89713
2021년 4월 23일,94381
2021년 4월 24일,89168
2021년 4월 25일,73965
2021년 4월 26일,92225
2021년 4월 27일,90785
2021년 4월 28일,91888
2021년 4월 29일,92480
2021년 4월 2일,96890
2021년 4월 30일,96554
2021년 4월 3일,83869
2021년 4월 4일,71222
2021년 4월 5일,94972
2021년 4월 6일,92658
2021년 4월 7일,91459
2021년 4월 8일,91697
2021년 4월 9일,96293
2021년 5월 10일,89088
2021년 5월 11일,89549
2021년 5월 12일,93166
2021년 5월 13일,93109
2021년 5월 14일,96973
2021년 5월 15일,88716
2021년 5월 16일,66326
2021년 5월 17일,89436
2021년 5월 18일,94695
2021년 5월 19일,79577
2021년 5월 1일,86194
2021년 5월 20일,88962
2021년 5월 21일,93299
2021년 5월 22일,88800
2021년 5월 23일,72388
2021년 5월 24일,91861
2021년 5월 25일,93614
2021년 5월 26일,90026
2021년 5월 27일,91556
2021년 5월 28일,94136
2021년 5월 29일,89804
2021년 5월 2일,74307
2021년 5월 30일,73882
2021년 5월 31일,90957
2021년 5월 3일,94030
2021년 5월 4일,92461
2021년 5월 5일,80206
2021년 5월 6일,92013
2021년 5월 7일,99260
2021년 5월 8일,92996
2021년 5월 9일,77349
2021년 6월 10일,91143
2021년 6월 11일,94124
2021년 6월 12일,88278
2021년 6월 13일,72311
2021년 6월 14일,90289
2021년 6월 15일,89545
2021년 6월 16일,91198
2021년 6월 17일,89280
2021년 6월 18일,93014
2021년 6월 19일,89797
2021년 6월 1일,90799
2021년 6월 20일,76737
2021년 6월 21일,93168
2021년 6월 22일,90177
2021년 6월 23일,87209
2021년 6월 24일,94549
2021년 6월 25일,102740
2021년 6월 26일,91068
2021년 6월 27일,76373
2021년 6월 28일,97692
2021년 6월 29일,96636
2021년 6월 2일,91460
2021년 6월 30일,97579
2021년 6월 3일,88082
2021년 6월 4일,96847
2021년 6월 5일,90430
2021년 6월 6일,73035
2021년 6월 7일,91268
2021년 6월 8일,90723
2021년 6월 9일,91173