,date,도로,00:00:00,00:00:00,00:00:00,01:00:00,01:00:00,01:00:00,02:00:00,02:00:00,02:00:00,03:00:00,03:00:00,03:00:00,04:00:00,04:00:00,04:00:00,05:00:00,05:00:00,05:00:00,06:00:00,06:00:00,06:00:00,07:00:00,07:00:00,07:00:00,08:00:00,08:00:00,08:00:00,09:00:00,09:00:00,09:00:00,10:00:00,10:00:00,10:00:00,11:00:00,11:00:00,11:00:00,12:00:00,12:00:00,12:00:00,13:00:00,13:00:00,13:00:00,14:00:00,14:00:00,14:00:00,15:00:00,15:00:00,15:00:00,16:00:00,16:00:00,16:00:00,17:00:00,17:00:00,17:00:00,18:00:00,18:00:00,18:00:00,19:00:00,19:00:00,19:00:00,20:00:00,20:00:00,20:00:00,21:00:00,21:00:00,21:00:00,22:00:00,22:00:00,22:00:00,23:00:00,23:00:00,23:00:00
,date,도로,통행속도,차로당교통량,총교통량,통행속도,차로당교통량,총교통량,통행속도,차로당교통량,총교통량,통행속도,차로당교통량,총교통량,통행속도,차로당교통량,총교통량,통행속도,차로당교통량,총교통량,통행속도,차로당교통량,총교통량,통행속도,차로당교통량,총교통량,통행속도,차로당교통량,총교통량,통행속도,차로당교통량,총교통량,통행속도,차로당교통량,총교통량,통행속도,차로당교통량,총교통량,통행속도,차로당교통량,총교통량,통행속도,차로당교통량,총교통량,통행속도,차로당교통량,총교통량,통행속도,차로당교통량,총교통량,통행속도,차로당교통량,총교통량,통행속도,차로당교통량,총교통량,통행속도,차로당교통량,총교통량,통행속도,차로당교통량,총교통량,통행속도,차로당교통량,총교통량,통행속도,차로당교통량,총교통량,통행속도,차로당교통량,총교통량,통행속도,차로당교통량,총교통량
0,2017년06월,계룡로,59.6,455,1609,62.0,306,1090,62.7,236,843,62.5,184,658,60.5,198,705,60.4,309,1099,56.6,583,2064,52.3,1042,3715,45.0,1294,4639,48.2,1227,4387,47.2,1207,4287,47.3,1201,4268,48.3,1146,4082,46.9,1239,4423,45.5,1256,4485,45.5,1260,4511,45.2,1292,4626,44.3,1336,4812,41.4,1402,5059,45.6,1220,4377,47.5,1093,3915,47.6,1064,3801,50.3,898,3190,56.2,619,2197
1,2017년06월,계백로,60.5,268,929,61.3,174,607,61.3,126,442,61.2,100,343,60.7,122,406,62.7,265,830,59.6,570,1774,56.4,948,2910,52.2,1057,3253,54.0,966,3063,53.3,944,2994,52.7,937,2983,52.6,890,2852,51.3,959,3058,50.9,991,3154,50.4,1012,3222,50.1,1051,3341,49.0,1162,3631,48.6,1173,3658,51.1,948,3022,50.9,802,2642,52.3,726,2404,54.0,575,1941,57.4,393,1349
2,2017년06월,계족로,50.1,197,686,49.9,123,426,49.6,95,329,48.7,76,264,48.4,109,376,49.1,236,821,47.1,416,1446,44.0,659,2304,44.2,740,2595,44.6,688,2414,45.8,661,2320,45.5,648,2278,45.2,642,2250,44.7,679,2385,44.9,692,2422,44.7,708,2491,44.6,755,2652,44.5,801,2823,43.3,814,2876,44.5,682,2399,44.7,593,2077,45.2,537,1882,46.9,432,1509,49.1,298,1036
3,2017년06월,동서대로2,62.4,69,276,64.2,48,192,64.7,41,162,65.2,37,146,65.6,50,196,68.5,123,490,69.1,236,942,67.6,400,1598,66.3,495,1980,65.2,472,1886,65.3,425,1698,65.6,397,1585,65.4,391,1563,65.1,415,1658,64.8,418,1671,65.0,424,1695,64.1,468,1872,64.2,533,2134,64.0,635,2538,64.0,501,2001,59.1,207,830,59.1,172,686,60.1,138,550,62.6,95,379
4,2017년07월,계룡로,69.6,425,1498,70.7,300,1060,70.6,233,829,70.5,186,660,68.6,189,677,67.9,289,1027,67.2,542,1910,63.0,964,3435,56.3,1214,4349,58.0,1178,4210,57.3,1176,4179,57.9,1172,4170,58.4,1145,4082,57.4,1212,4334,56.1,1229,4393,56.1,1232,4415,55.6,1250,4487,55.1,1292,4659,53.4,1352,4876,57.0,1192,4281,57.9,1063,3810,58.2,1002,3571,61.5,817,2901,66.3,566,1998
5,2017년07월,계백로,59.2,262,913,58.9,173,607,58.0,128,448,58.0,100,346,57.3,121,402,58.5,243,767,57.2,529,1657,54.5,876,2702,51.3,997,3086,52.4,939,2986,52.0,944,2990,51.1,946,3002,50.8,921,2946,49.8,980,3118,49.7,1000,3179,48.9,1016,3239,48.5,1053,3340,47.9,1134,3555,46.9,1158,3617,49.7,933,2999,50.0,785,2600,51.0,701,2332,53.1,547,1856,56.6,376,1288
6,2017년07월,계족로,49.4,201,705,49.0,126,443,48.7,96,339,47.6,78,275,47.1,108,377,47.6,218,761,47.4,391,1365,43.8,615,2160,43.9,699,2453,44.3,661,2326,44.5,654,2297,44.7,650,2287,44.2,653,2291,43.8,678,2385,43.7,688,2410,44.1,696,2448,43.5,729,2562,43.5,777,2741,42.1,794,2807,43.5,669,2356,43.8,581,2037,44.8,516,1812,46.5,410,1439,48.4,289,1006
7,2017년07월,동서대로2,61.1,65,256,61.7,47,187,62.5,40,160,62.6,37,148,62.1,45,179,63.3,101,405,66.5,220,876,65.2,370,1480,64.9,455,1820,64.2,434,1737,64.1,408,1631,64.5,390,1557,64.2,389,1554,64.3,415,1657,64.3,415,1659,63.8,429,1718,62.6,470,1881,63.2,523,2090,63.1,600,2398,62.3,468,1871,57.3,190,762,57.6,161,646,58.8,128,509,60.3,87,346
8,2017년08월,계룡로,65.7,337,1221,67.1,238,865,67.0,188,688,68.9,149,550,65.6,155,570,65.0,221,810,64.9,407,1476,62.3,717,2626,56.4,927,3417,58.4,892,3289,57.1,887,3244,57.1,893,3267,57.8,864,3165,56.4,913,3356,55.0,930,3417,55.1,928,3419,55.2,948,3497,55.5,999,3691,53.5,1045,3872,55.1,921,3391,55.6,810,2966,55.8,746,2722,57.9,637,2314,61.8,443,1605
9,2017년08월,계백로,58.8,262,913,58.6,173,606,59.0,129,450,59.2,101,350,58.2,122,406,57.7,242,769,57.1,535,1675,54.8,869,2670,52.3,992,3080,52.3,946,3008,52.2,957,3034,51.6,960,3054,51.5,923,2952,50.4,970,3093,49.7,1001,3195,49.2,1010,3222,49.0,1046,3322,48.0,1136,3564,46.9,1149,3592,47.5,933,3003,48.9,786,2599,51.0,690,2297,53.3,544,1849,56.2,377,1294
10,2017년08월,계족로,48.4,194,682,48.9,123,430,48.4,96,338,47.7,77,270,48.0,109,380,47.2,221,770,47.0,402,1410,43.5,609,2136,43.8,692,2435,44.5,659,2328,45.0,659,2319,45.0,653,2306,44.5,649,2281,44.0,670,2362,44.3,684,2406,44.3,697,2456,43.8,729,2575,43.7,793,2803,41.9,791,2804,42.4,682,2407,43.7,574,2022,44.2,503,1768,46.2,407,1429,47.9,283,991
11,2017년08월,동서대로2,61.1,67,266,61.2,49,195,61.8,42,166,62.6,38,153,61.0,45,181,61.2,91,362,65.9,227,907,65.5,354,1416,64.2,466,1866,64.1,447,1788,64.1,415,1658,64.7,396,1581,64.8,385,1540,64.2,408,1630,64.4,413,1648,63.6,442,1766,63.1,484,1935,63.4,527,2107,62.1,615,2458,59.2,389,1552,56.9,190,758,57.7,170,677,58.5,132,530,59.8,91,363
12,2017년09월,계룡로,67.1,336,1217,68.1,234,853,67.8,188,688,68.7,149,549,66.1,151,557,64.7,224,822,62.8,421,1528,60.8,749,2753,54.7,921,3411,58.0,891,3294,56.7,881,3239,57.3,871,3198,58.2,829,3054,57.4,894,3308,55.7,916,3376,54.9,923,3408,55.8,935,3459,55.8,985,3653,51.2,1025,3811,55.0,913,3366,56.9,792,2905,56.9,740,2699,59.5,626,2273,63.4,440,1592
13,2017년09월,계백로,60.6,263,918,61.0,170,596,60.4,128,446,60.2,100,345,59.9,123,410,59.3,250,799,58.2,572,1785,55.0,961,2945,50.8,1055,3241,52.9,970,3074,52.6,962,3050,51.7,945,3011,52.1,909,2904,50.3,988,3134,49.8,1012,3213,49.6,1035,3283,49.4,1085,3419,48.9,1167,3616,47.6,1160,3617,50.4,946,3033,52.1,775,2557,53.7,685,2283,55.2,545,1852,57.8,372,1282
14,2017년09월,계족로,50.5,202,714,49.8,127,448,49.9,100,350,48.7,80,281,48.7,117,407,48.8,241,842,47.2,429,1503,43.6,659,2317,44.2,716,2528,44.6,682,2403,45.3,661,2328,45.4,648,2286,44.7,645,2271,44.2,692,2442,44.3,706,2483,44.5,729,2576,44.0,761,2691,43.6,797,2820,42.2,815,2896,43.4,709,2514,45.4,586,2067,45.7,514,1813,47.5,416,1470,49.5,294,1034
15,2017년09월,동서대로2,61.7,81,325,62.5,57,228,62.1,47,189,63.3,42,166,62.0,49,196,62.4,99,393,66.7,246,983,65.9,417,1670,66.0,542,2165,65.5,500,1999,65.4,452,1809,65.5,426,1704,65.7,421,1680,65.1,444,1773,64.8,449,1797,64.7,483,1931,64.0,547,2186,63.8,626,2503,62.4,639,2553,58.8,320,1280,60.2,235,941,59.9,214,855,60.4,168,671,60.7,114,457
16,2017년10월,계룡로,68.1,301,1094,68.1,217,790,68.5,176,647,69.4,143,523,67.2,140,514,65.9,192,704,63.1,344,1251,62.7,599,2203,58.7,765,2839,61.0,768,2839,58.3,788,2897,57.7,783,2884,58.3,760,2808,58.4,809,2995,57.3,835,3085,56.8,835,3085,56.9,848,3142,56.4,892,3313,52.7,919,3409,56.9,803,2962,58.0,700,2576,58.7,643,2355,61.5,532,1938,64.6,387,1402
17,2017년10월,계백로,61.8,245,859,62.1,166,585,62.2,125,443,61.5,100,349,61.0,112,378,60.5,208,679,58.0,467,1482,56.8,785,2430,53.6,907,2799,53.5,902,2851,52.9,951,2997,52.5,948,2997,52.2,926,2939,50.1,973,3072,49.6,1010,3173,49.5,1027,3221,49.4,1051,3294,48.5,1107,3442,47.8,1069,3366,51.3,860,2783,52.5,706,2341,53.9,625,2087,55.6,493,1679,58.5,340,1172
18,2017년10월,계족로,51.0,191,674,51.1,125,439,50.4,99,347,49.4,78,276,49.6,106,371,49.3,207,724,47.5,359,1262,44.8,556,1957,44.8,633,2230,44.8,624,2197,45.0,641,2256,45.0,641,2260,44.7,650,2283,43.9,687,2420,44.4,703,2472,44.5,722,2551,43.9,722,2544,43.2,763,2691,42.0,781,2772,44.6,646,2289,46.0,538,1897,46.5,467,1647,48.4,379,1335,50.0,271,951
19,2017년10월,동서대로2,61.8,73,294,63.0,54,215,61.7,45,180,63.3,40,160,62.3,45,182,63.0,83,329,67.1,192,767,66.4,371,1484,66.6,483,1930,66.0,469,1877,65.4,443,1770,65.8,414,1658,66.0,421,1682,65.6,439,1755,65.1,445,1776,64.9,475,1900,64.1,540,2158,63.7,590,2358,61.5,576,2301,59.4,294,1172,60.5,211,841,60.0,192,766,60.7,147,586,60.7,101,402
20,2017년11월,계룡로,65.0,305,1115,66.2,220,809,66.2,184,683,67.4,134,493,65.0,135,506,63.3,201,740,59.2,387,1416,57.8,727,2689,52.6,918,3424,55.9,876,3257,54.0,861,3184,54.5,836,3096,55.3,812,3010,54.4,877,3265,53.2,900,3344,52.6,907,3377,52.2,933,3481,50.1,991,3707,45.6,1011,3765,52.1,870,3226,54.6,749,2766,54.7,704,2588,57.2,590,2153,62.1,406,1482
21,2017년11월,계백로,62.0,237,832,62.0,155,547,61.3,127,452,61.2,91,315,60.5,107,358,60.0,217,707,57.1,487,1560,55.4,890,2766,52.6,1027,3174,53.7,954,3043,53.2,946,3028,52.5,921,2962,52.5,876,2821,50.9,948,3039,50.4,987,3148,49.9,1007,3196,49.0,1056,3329,47.2,1120,3500,46.9,1078,3398,51.6,842,2753,53.1,702,2338,54.4,630,2118,56.0,496,1702,59.3,344,1194
22,2017년11월,계족로,50.5,184,650,50.6,116,409,49.5,91,319,49.7,72,253,48.9,102,354,48.6,211,734,47.2,391,1370,44.0,640,2245,44.7,729,2567,45.0,678,2389,45.6,668,2354,45.5,645,2276,44.8,639,2244,44.3,682,2406,44.7,706,2483,44.3,725,2564,43.7,750,2645,42.8,805,2852,42.6,798,2834,44.3,651,2299,45.6,539,1891,46.0,477,1676,47.6,386,1356,50.0,267,930
23,2017년11월,동서대로2,61.9,75,297,62.5,54,215,61.9,45,179,63.2,40,159,62.7,46,183,62.4,88,349,66.1,213,850,65.7,429,1712,65.5,580,2319,65.0,525,2100,64.7,449,1794,65.3,422,1685,65.3,430,1722,64.5,456,1824,64.3,454,1815,63.9,487,1947,63.4,554,2214,62.0,586,2342,61.1,655,2619,59.4,316,1263,60.5,219,875,60.1,203,810,60.5,158,631,61.6,103,408
24,2017년12월,계룡로,58.3,352,1294,60.5,250,917,61.2,194,716,61.1,151,558,58.7,152,567,56.7,201,748,52.7,375,1384,50.4,676,2515,45.2,907,3404,48.1,882,3299,47.0,911,3387,47.2,926,3455,47.1,904,3378,45.8,964,3616,44.4,985,3691,44.9,986,3701,44.3,1008,3784,41.3,1064,3998,39.1,1067,3995,45.6,906,3384,48.7,794,2949,47.9,748,2772,50.5,633,2334,55.7,447,1643
25,2017년12월,계백로,59.7,257,904,60.1,173,611,59.9,129,459,59.2,97,343,58.4,103,353,56.4,183,602,54.2,399,1295,53.1,758,2365,52.1,904,2823,53.5,862,2763,52.9,909,2925,52.2,924,2986,51.9,890,2889,50.3,959,3090,49.6,984,3151,49.4,997,3181,48.7,1021,3243,47.5,1067,3373,47.1,1014,3239,51.4,781,2576,52.2,661,2222,53.2,602,2038,54.3,493,1694,56.8,349,1215
26,2017년12월,계족로,49.6,191,670,49.4,125,438,48.5,95,333,48.7,76,265,48.2,98,340,47.2,188,655,45.7,344,1202,42.7,557,1954,44.1,641,2260,44.7,612,2156,44.7,629,2215,44.8,634,2241,43.8,642,2255,43.6,680,2400,43.8,708,2495,44.0,732,2589,43.1,733,2586,42.7,774,2739,43.0,750,2656,44.9,603,2124,45.8,505,1773,45.7,449,1577,47.0,374,1310,48.9,271,941
27,2017년12월,동서대로2,60.4,75,299,61.1,56,225,61.1,47,185,61.7,40,159,61.2,48,190,62.2,82,327,64.0,176,706,63.3,344,1373,64.0,478,1910,63.0,476,1905,63.9,417,1667,63.8,403,1613,64.3,425,1700,63.5,459,1832,62.5,451,1800,63.2,473,1893,62.7,529,2117,60.8,548,2188,58.1,481,1923,57.4,267,1064,58.1,195,782,57.8,183,732,58.6,144,574,59.8,99,394
28,2018년 01월,계룡로,57.6,326,1193,59.3,230,841,60.3,174,643,59.6,136,505,58.0,141,523,56.2,185,683,52.7,346,1274,50.8,640,2380,45.4,909,3398,48.1,881,3291,47.4,885,3282,47.8,892,3318,47.8,863,3223,46.4,930,3487,45.3,964,3605,45.5,977,3650,44.8,982,3669,43.7,1027,3844,39.6,1079,4022,46.0,898,3338,48.7,753,2790,48.3,706,2609,50.8,575,2113,55.7,416,1528
29,2018년 01월,계백로,60.0,226,798,60.0,157,552,60.1,112,397,59.7,89,309,59.3,100,340,57.6,167,550,55.1,364,1189,53.9,693,2175,53.6,872,2748,54.0,838,2698,53.4,862,2776,52.9,876,2837,52.7,846,2749,51.5,911,2951,50.8,951,3067,50.6,948,3054,50.6,966,3094,49.2,1006,3196,47.9,995,3192,50.9,755,2496,51.5,627,2114,52.6,555,1891,54.1,444,1534,57.0,315,1102
30,2018년 01월,계족로,48.9,170,595,48.5,114,399,48.5,86,300,48.3,70,243,47.2,95,326,47.4,179,623,45.7,321,1122,42.9,526,1832,43.4,623,2186,44.7,588,2072,44.9,600,2106,44.8,607,2140,44.4,609,2136,44.0,650,2291,44.1,675,2370,44.3,705,2489,43.6,697,2447,43.0,730,2576,42.6,742,2627,44.6,587,2068,45.7,481,1684,45.7,423,1486,47.1,336,1176,48.6,249,865
31,2018년 01월,동서대로2,60.1,69,275,59.8,52,207,60.2,43,173,60.5,38,151,63.1,51,202,63.4,76,303,63.3,150,599,61.7,295,1176,62.1,444,1777,62.1,449,1794,62.7,392,1566,63.8,367,1465,65.3,381,1524,63.7,421,1683,62.5,422,1689,63.1,436,1745,62.5,479,1916,61.3,523,2092,56.9,354,1414,56.8,240,959,57.3,174,695,57.0,163,651,58.0,126,503,59.6,86,341
32,2018년 02월,계룡로,57.7,321,1182,59.2,224,823,60.2,172,634,60.4,135,499,58.6,132,492,56.7,180,669,52.9,332,1229,52.3,608,2266,45.8,871,3262,48.2,860,3214,47.0,885,3284,47.8,901,3342,47.9,879,3267,46.4,935,3496,44.7,961,3585,44.9,987,3684,45.0,969,3627,44.4,1020,3820,39.8,1063,3972,44.7,916,3404,48.6,776,2881,48.5,712,2635,51.0,590,2171,55.2,411,1511
33,2018년 02월,계백로,60.2,231,814,60.4,157,554,60.5,115,407,60.6,92,318,60.1,100,344,58.6,170,562,56.0,368,1199,55.7,699,2172,53.7,885,2771,54.1,867,2768,53.3,910,2896,52.6,935,2998,52.2,910,2930,50.7,964,3082,49.9,990,3157,49.8,991,3165,50.2,1008,3197,49.5,1042,3281,48.4,1024,3258,51.7,809,2650,52.3,671,2252,52.9,591,1995,54.2,470,1612,56.8,327,1134
34,2018년 02월,계족로,48.2,176,617,49.3,115,400,49.2,86,301,48.6,71,248,48.1,92,320,47.7,171,598,45.9,312,1085,43.7,508,1771,43.8,624,2193,44.8,609,2141,44.9,630,2216,44.7,638,2250,44.0,643,2259,43.5,683,2406,44.1,700,2462,44.2,725,2560,43.8,722,2543,43.4,743,2620,42.4,747,2642,44.5,611,2157,45.6,506,1771,45.9,437,1533,47.1,348,1221,48.3,254,885
35,2018년 02월,동서대로2,61.3,65,260,61.0,50,198,61.7,41,164,63.3,36,145,64.4,52,209,64.1,78,311,63.6,151,601,63.7,301,1204,63.7,460,1841,64.0,441,1763,63.0,433,1729,63.7,407,1627,65.7,395,1576,63.2,438,1751,62.3,440,1757,63.1,457,1826,63.0,503,2010,63.0,566,2264,60.1,459,1836,59.2,245,979,59.0,185,740,58.5,169,675,59.4,128,513,60.7,87,347
36,2018년 03월,계룡로,59.1,321,1180,60.7,225,825,61.5,179,660,61.0,142,528,59.2,147,550,57.4,208,773,53.4,388,1429,51.4,720,2681,44.8,937,3510,47.7,898,3363,47.6,883,3284,47.7,894,3323,47.8,856,3189,46.8,927,3465,46.2,947,3529,46.7,971,3627,46.0,981,3671,44.9,1030,3865,40.0,1079,4049,45.0,938,3505,48.4,809,3011,47.9,755,2796,50.7,625,2302,56.3,431,1583
37,2018년 03월,계백로,59.9,237,834,59.9,157,554,59.9,115,405,59.5,90,314,58.7,109,375,57.3,199,649,55.4,451,1436,55.3,832,2580,51.0,958,2979,53.4,892,2858,52.8,900,2875,52.4,895,2872,52.2,868,2796,50.8,935,3002,50.7,962,3077,50.3,980,3140,50.2,1020,3239,48.9,1093,3418,47.4,1091,3431,50.4,854,2773,51.1,700,2333,52.1,625,2104,53.7,498,1705,57.1,340,1177
38,2018년 03월,계족로,49.5,179,627,49.4,113,394,48.9,87,302,48.8,69,242,47.5,99,342,47.7,194,673,45.9,355,1238,44.1,595,2082,44.0,683,2401,44.8,645,2273,45.5,630,2217,45.0,623,2198,44.4,623,2190,44.2,664,2339,44.5,676,2375,44.7,702,2476,44.3,735,2594,43.9,771,2718,42.6,779,2761,44.2,641,2266,45.3,531,1863,45.5,461,1617,46.7,373,1303,49.1,264,916
39,2018년 03월,동서대로2,64.7,130,521,65.0,87,346,64.5,67,269,64.7,54,216,64.1,79,318,63.5,118,472,64.6,241,964,64.5,434,1734,64.1,594,2374,63.9,553,2210,63.2,516,2064,63.7,492,1970,63.6,489,1954,62.8,517,2066,62.8,522,2088,63.1,533,2128,62.4,589,2358,61.7,662,2647,60.5,697,2789,59.2,477,1909,60.0,375,1498,60.0,355,1420,61.8,276,1106,63.8,182,729
40,2018년 04월,계룡로,58.8,328,1202,60.9,229,840,62.0,175,644,61.3,138,510,60.0,143,530,57.7,211,781,55.0,404,1487,51.7,763,2840,44.2,969,3623,47.9,917,3425,47.1,902,3349,47.7,897,3328,47.9,872,3239,46.7,940,3504,46.4,950,3537,46.4,977,3641,45.7,984,3680,44.4,1037,3895,40.3,1074,4038,44.9,943,3524,48.2,828,3082,47.9,772,2865,50.6,645,2381,56.2,438,1611
41,2018년 04월,계백로,60.4,242,849,60.6,163,575,60.7,120,418,59.9,91,318,59.6,110,374,58.7,215,694,57.1,494,1562,54.7,883,2722,50.3,993,3070,52.5,922,2938,52.2,928,2949,52.1,892,2845,51.8,862,2764,50.7,938,2988,50.1,971,3083,49.6,991,3140,49.7,1029,3257,48.6,1115,3475,47.6,1103,3441,50.4,870,2802,51.6,734,2427,52.9,647,2167,54.2,516,1763,57.3,346,1196
42,2018년 04월,계족로,49.6,181,635,49.6,114,398,50.1,85,300,48.8,68,241,48.3,102,350,48.3,204,712,47.6,379,1326,44.0,623,2183,43.9,699,2464,44.7,654,2305,45.1,639,2251,45.0,621,2193,44.4,618,2172,44.2,664,2344,44.6,673,2364,44.6,700,2468,44.2,738,2608,44.3,786,2779,43.3,782,2768,43.8,656,2319,45.5,547,1922,45.7,471,1655,47.0,380,1331,49.1,265,923
43,2018년 04월,동서대로2,65.5,130,518,66.3,84,334,66.7,68,270,66.2,54,216,64.2,71,283,64.7,119,478,66.2,257,1028,65.5,447,1788,64.5,592,2367,63.7,557,2231,63.5,511,2043,63.6,477,1905,63.6,472,1886,62.9,508,2031,62.8,507,2028,62.8,520,2081,62.2,574,2297,62.2,648,2590,60.7,709,2836,61.2,505,2022,61.5,386,1543,61.2,359,1433,62.6,284,1136,64.2,183,733
44,2018년 05월,계룡로,59.0,324,1190,60.6,228,839,61.9,173,640,61.3,138,514,60.0,142,527,58.6,224,828,55.7,415,1529,52.0,756,2811,44.7,948,3545,47.7,910,3400,46.6,902,3340,47.4,905,3350,48.0,876,3250,47.2,940,3503,46.5,952,3541,46.0,958,3577,45.3,983,3681,43.5,1037,3894,40.9,1070,4023,45.6,923,3450,48.2,826,3071,47.6,784,2911,50.2,653,2416,56.1,443,1625
45,2018년 05월,계백로,60.7,247,866,60.6,166,584,61.1,121,424,60.3,95,331,60.5,115,388,60.1,248,793,58.0,538,1686,54.8,904,2783,49.9,998,3096,52.3,931,2965,51.6,936,2971,51.4,931,2962,51.1,894,2871,50.0,955,3054,48.8,975,3112,48.5,988,3165,48.7,1028,3283,47.3,1133,3554,47.4,1124,3520,49.9,886,2861,50.5,755,2501,52.1,668,2238,53.8,541,1846,57.5,363,1253
46,2018년 05월,계족로,49.7,183,644,49.2,114,399,49.4,87,303,49.2,69,241,48.2,105,365,49.1,218,760,47.5,396,1387,43.8,620,2174,43.8,692,2438,44.9,663,2340,45.4,643,2266,45.2,640,2257,44.6,631,2218,44.3,668,2355,44.2,680,2394,44.2,705,2487,43.7,740,2608,43.7,807,2859,42.5,803,2845,43.4,653,2302,44.3,558,1962,44.7,482,1694,46.5,393,1377,49.2,272,948
47,2018년 05월,동서대로2,66.2,129,513,65.9,87,348,66.1,69,274,66.1,57,226,64.6,70,281,66.2,131,522,66.2,280,1120,65.1,453,1809,64.1,576,2303,63.2,556,2221,63.2,506,2026,63.5,478,1913,63.5,470,1878,62.8,503,2012,62.7,511,2043,62.6,523,2091,61.7,583,2329,62.0,666,2663,60.6,727,2910,61.7,540,2159,60.1,395,1583,60.3,371,1484,62.0,294,1174,64.5,192,771
48,2018년 06월,계룡로,58.4,327,1203,60.5,231,853,61.1,176,654,60.9,141,524,59.4,146,544,59.1,232,860,55.6,424,1562,51.7,781,2903,43.6,979,3666,47.4,923,3449,46.9,896,3324,47.7,909,3374,48.0,868,3219,46.4,933,3481,45.5,943,3511,45.1,961,3588,44.7,982,3670,43.4,1038,3892,39.9,1072,4031,45.8,914,3413,47.9,822,3064,47.4,792,2943,49.6,675,2493,55.2,468,1719
49,2018년 06월,계백로,59.9,253,887,60.1,171,602,60.9,123,434,61.0,99,340,61.1,126,422,61.8,274,873,58.7,569,1785,54.8,959,2957,49.7,1044,3255,52.8,958,3070,52.2,943,3026,51.4,935,3013,51.5,893,2891,50.1,949,3059,49.3,969,3120,48.8,987,3185,48.4,1034,3326,47.7,1136,3585,47.2,1134,3569,51.0,913,2956,51.5,774,2577,53.0,697,2347,54.1,561,1922,57.1,388,1343
50,2018년 06월,계족로,50.3,188,662,50.0,120,420,50.8,89,311,49.7,73,258,48.7,112,389,49.6,235,819,47.7,417,1460,43.6,652,2280,43.6,717,2526,44.4,671,2368,45.7,646,2277,45.5,648,2286,44.8,623,2188,44.0,657,2322,44.5,667,2349,44.2,689,2436,43.9,734,2587,43.8,805,2851,43.0,800,2833,44.6,643,2267,44.7,562,1977,45.3,496,1751,46.7,411,1445,49.3,290,1015
51,2018년 06월,동서대로2,67.5,149,597,68.2,98,392,68.5,76,304,68.6,61,248,66.5,80,320,68.0,144,574,66.3,296,1184,65.3,476,1906,64.4,595,2382,63.6,560,2239,63.6,498,1994,63.6,484,1935,63.5,474,1898,62.5,509,2039,62.4,519,2078,62.0,533,2129,61.8,593,2373,61.9,664,2656,60.8,740,2960,62.7,563,2253,62.2,476,1904,62.3,446,1784,63.2,356,1423,65.3,234,937
52,2018년 07월,계룡로,57.6,326,1197,59.8,224,825,60.5,170,629,59.8,138,512,57.8,145,536,57.5,237,874,54.7,438,1609,49.5,835,3091,40.6,1050,3917,44.8,984,3663,44.1,940,3476,44.7,949,3513,45.5,913,3378,44.5,964,3580,43.8,978,3633,43.7,986,3674,42.7,1006,3751,40.5,1077,4029,36.4,1113,4181,43.5,975,3620,46.6,864,3211,46.1,826,3064,48.7,697,2564,54.6,467,1714
53,2018년 07월,계백로,59.4,246,853,60.2,161,562,60.3,118,409,60.6,95,331,60.0,129,424,59.8,272,855,57.9,573,1772,54.2,972,2969,48.7,1062,3277,50.9,961,3063,50.0,941,3002,49.3,937,2996,49.5,891,2870,48.4,934,2995,47.8,956,3068,47.5,972,3122,47.2,1012,3234,46.7,1145,3570,46.4,1158,3616,49.6,929,2978,50.5,768,2534,51.3,699,2328,53.4,561,1901,56.9,378,1294
54,2018년 07월,계족로,48.9,175,615,49.5,112,393,49.8,84,294,49.3,70,245,48.6,110,381,48.4,226,791,47.2,416,1461,42.6,664,2325,43.0,737,2604,44.2,679,2398,45.4,649,2289,45.2,656,2315,44.6,636,2239,44.1,659,2326,44.3,668,2348,44.5,695,2452,44.2,730,2582,44.4,806,2863,43.3,810,2877,44.6,651,2297,44.9,560,1979,44.9,491,1726,46.7,393,1382,49.2,275,965
55,2018년 07월,동서대로2,66.4,146,585,67.6,93,373,67.5,72,287,67.6,59,235,65.5,77,311,65.9,145,581,65.1,297,1187,64.3,493,1970,63.5,620,2483,62.7,554,2216,62.6,505,2018,62.8,481,1920,62.5,470,1880,61.8,519,2076,61.6,524,2096,61.5,541,2163,61.3,595,2382,60.9,671,2686,59.5,780,3119,60.9,590,2360,61.4,483,1932,61.3,459,1834,62.3,358,1430,65.1,228,911
56,2018년 08월,계룡로,56.9,341,1246,58.7,232,852,59.4,178,659,58.7,143,532,57.2,154,567,55.6,230,847,53.9,424,1558,50.3,822,3046,42.3,1070,3979,46.0,984,3650,44.5,961,3540,44.9,976,3601,46.2,932,3444,45.8,992,3678,44.6,1000,3709,44.7,1019,3784,43.8,1043,3879,42.1,1118,4173,37.1,1160,4343,42.2,1020,3786,46.6,882,3266,46.2,840,3105,48.8,695,2555,54.0,485,1771
57,2018년 08월,계백로,57.8,252,876,57.9,166,577,57.9,118,413,57.9,99,341,57.4,135,440,57.7,260,816,56.4,540,1669,53.9,947,2875,49.6,1040,3213,50.5,949,3020,50.8,945,3005,50.0,948,3035,50.6,902,2898,49.7,939,3010,49.3,959,3074,48.1,973,3124,48.4,1029,3284,47.9,1141,3567,45.0,1155,3615,47.2,921,2980,48.6,768,2553,49.9,678,2280,51.8,540,1846,55.2,375,1293
58,2018년 08월,계족로,49.4,175,616,49.0,113,395,49.2,84,294,48.4,71,248,48.5,113,390,48.4,215,751,46.5,403,1410,43.1,637,2231,43.1,703,2483,44.3,668,2361,45.5,643,2270,45.2,653,2310,44.7,629,2215,44.3,658,2326,44.9,675,2381,45.0,698,2469,44.3,745,2633,44.6,821,2909,42.6,825,2926,43.7,674,2377,45.0,556,1955,44.6,494,1738,46.3,399,1398,48.9,275,964
59,2018년 08월,동서대로2,64.8,149,595,65.2,95,380,65.1,70,277,65.8,60,241,62.9,81,323,62.9,135,538,63.3,281,1123,62.7,466,1862,61.9,614,2457,61.2,562,2250,61.2,507,2029,61.5,496,1982,62.0,479,1916,61.2,517,2066,61.3,529,2115,61.2,546,2182,61.0,602,2409,60.9,682,2725,58.5,781,3125,58.8,596,2384,59.7,483,1933,60.4,442,1769,61.1,347,1388,63.0,228,910
60,2018년 09월,계룡로,57.5,373,1362,59.6,266,976,60.3,204,749,60.3,163,600,57.7,166,611,56.2,250,922,53.8,452,1658,50.8,780,2890,43.7,1003,3733,46.3,987,3674,44.8,979,3621,45.6,993,3676,45.9,958,3559,45.0,1012,3772,44.6,1034,3847,44.2,1054,3922,44.1,1077,4014,42.7,1135,4240,38.7,1155,4310,43.6,1034,3849,47.4,897,3320,47.3,825,3044,49.7,691,2535,55.0,500,1827
61,2018년 09월,계백로,60.2,275,954,60.1,181,635,60.5,137,479,61.0,111,379,59.9,135,446,58.5,260,828,57.3,565,1738,55.2,940,2853,50.5,1046,3224,51.7,989,3127,50.9,989,3121,50.0,995,3157,49.7,959,3049,48.9,1020,3224,47.7,1035,3289,48.4,1063,3355,48.7,1126,3524,47.9,1212,3740,47.1,1181,3684,50.7,959,3084,52.0,784,2595,53.3,691,2321,54.9,558,1894,58.3,401,1383
62,2018년 09월,계족로,50.6,184,655,50.8,119,421,50.1,89,318,49.2,73,261,49.0,103,363,48.6,206,736,46.9,391,1379,43.2,634,2222,42.8,705,2501,43.9,669,2377,44.8,655,2322,44.9,653,2324,44.0,634,2257,43.6,675,2408,43.6,704,2503,43.3,737,2617,43.2,776,2762,43.3,844,2990,41.9,787,2820,44.2,605,2189,45.3,510,1838,45.1,431,1555,47.0,351,1264,49.5,262,934
63,2018년 09월,동서대로2,67.7,163,655,68.2,110,439,68.4,81,327,67.7,69,276,65.5,81,322,64.8,142,569,64.8,292,1170,64.6,461,1843,63.5,614,2456,62.7,600,2402,62.3,549,2195,62.4,537,2149,62.5,536,2145,61.8,580,2320,61.9,585,2342,61.6,603,2409,61.4,667,2670,61.2,731,2924,60.2,764,3059,60.6,632,2527,62.2,491,1966,62.5,449,1796,64.0,354,1414,66.6,241,961
64,2018년 10월,계룡로,58.7,355,1301,60.4,248,909,60.8,194,712,60.3,151,559,58.7,153,566,56.7,247,912,52.9,452,1657,50.9,821,3039,43.6,1066,3964,46.5,1021,3792,45.9,1007,3718,46.8,979,3628,46.4,943,3509,45.3,1019,3794,44.6,1049,3900,45.0,1060,3952,44.8,1068,3987,42.8,1148,4300,38.1,1179,4401,44.1,1043,3884,48.2,886,3284,47.5,837,3093,50.2,696,2556,55.8,489,1790
65,2018년 10월,계백로,61.1,257,896,61.0,171,594,60.2,125,437,60.3,98,339,60.2,126,416,58.5,245,781,55.2,534,1654,54.3,942,2842,50.6,1101,3372,52.5,1013,3199,52.1,996,3156,51.3,979,3113,51.1,936,2984,49.7,999,3169,49.4,1021,3236,48.6,1067,3366,48.1,1107,3461,47.5,1172,3605,45.9,1135,3557,50.1,910,2949,50.9,743,2481,52.3,674,2268,54.7,531,1819,57.5,376,1305
66,2018년 10월,계족로,50.4,168,598,50.1,106,376,50.0,84,300,48.5,68,240,48.2,99,349,48.4,205,728,46.4,396,1399,43.5,660,2315,43.0,757,2677,44.2,690,2442,45.1,663,2342,45.0,654,2309,44.4,647,2283,43.8,681,2415,44.3,710,2507,44.4,746,2655,43.2,774,2737,43.3,828,2931,41.8,790,2836,44.1,627,2250,45.2,496,1777,45.9,438,1568,47.3,356,1276,49.2,258,916
67,2018년 10월,동서대로2,68.3,158,633,69.5,102,408,68.1,79,316,68.0,63,254,65.9,77,307,64.6,138,549,63.1,289,1160,63.5,523,2092,63.9,723,2889,63.0,668,2672,62.6,573,2291,62.7,550,2198,63.3,530,2120,62.1,576,2304,62.0,590,2362,61.4,616,2465,61.0,701,2804,60.3,752,3006,59.6,816,3261,61.0,622,2490,62.1,473,1892,62.4,446,1786,63.9,352,1409,66.7,228,916
68,2018년 11월,계룡로,58.6,355,1301,60.5,246,903,61.6,193,711,61.1,153,565,59.2,152,563,56.8,240,885,52.5,446,1640,50.7,834,3084,43.2,1098,4091,46.1,1030,3839,46.1,997,3693,46.8,992,3682,47.1,952,3539,45.6,1017,3791,45.3,1054,3921,45.0,1063,3964,44.7,1092,4074,41.7,1177,4402,36.4,1196,4462,44.3,1036,3855,48.4,882,3260,47.7,838,3094,50.4,699,2563,55.9,487,1783
69,2018년 11월,계백로,60.5,256,889,61.0,163,569,61.0,124,430,61.2,102,349,60.8,125,410,59.2,238,757,56.2,535,1674,54.4,981,3000,51.0,1132,3481,52.6,1047,3302,51.8,1008,3196,51.4,982,3131,51.3,942,3004,50.3,1020,3220,50.2,1044,3302,49.5,1064,3364,48.0,1123,3506,46.2,1188,3682,45.2,1159,3643,50.2,908,2940,51.1,737,2462,52.8,671,2258,54.6,539,1849,57.3,375,1298
70,2018년 11월,계족로,49.7,179,630,50.2,112,394,49.8,87,304,48.8,70,245,48.4,105,364,48.5,222,776,45.7,417,1463,42.9,664,2329,42.4,783,2761,44.0,710,2506,45.3,678,2386,44.9,669,2367,45.0,663,2333,44.0,708,2502,44.5,730,2575,43.7,766,2715,43.3,782,2761,42.3,851,3024,41.7,848,3015,43.8,673,2376,45.5,546,1923,45.7,485,1707,46.5,400,1407,49.8,284,992
71,2018년 11월,동서대로2,68.0,157,631,68.8,99,396,68.3,78,310,69.7,64,254,67.1,74,297,65.0,134,534,63.8,289,1156,63.4,508,2032,63.1,742,2966,62.8,701,2805,62.8,586,2345,63.3,549,2194,63.7,543,2172,62.7,589,2354,62.5,604,2417,62.0,636,2541,60.6,709,2836,60.8,758,3032,58.8,820,3278,60.9,612,2447,62.3,478,1911,63.0,445,1783,64.0,356,1423,66.7,231,926
72,2018년 12월,계룡로,59.3,366,1341,61.0,253,931,61.9,201,740,61.7,157,584,59.7,149,555,57.2,224,832,53.1,412,1522,51.0,746,2763,44.5,1007,3751,46.7,977,3637,46.6,977,3627,46.2,989,3676,46.1,944,3516,45.1,992,3713,43.8,1035,3863,44.3,1045,3904,43.8,1062,3971,41.5,1149,4308,37.8,1162,4344,45.4,980,3654,48.6,854,3167,47.5,819,3024,50.4,685,2516,56.1,486,1781
73,2018년 12월,계백로,61.9,266,926,62.2,170,598,62.7,129,452,62.0,105,363,61.4,120,396,59.5,206,665,55.8,457,1454,54.2,857,2637,51.8,1020,3149,53.4,955,3025,52.5,973,3098,51.7,986,3152,51.7,938,3009,50.4,989,3153,49.8,1017,3239,49.9,1030,3260,48.8,1070,3353,47.1,1156,3595,47.6,1096,3469,51.8,826,2708,52.6,698,2344,53.6,647,2188,55.3,529,1820,58.8,381,1329
74,2018년 12월,계족로,49.2,185,651,49.6,112,393,49.6,87,302,47.1,69,242,46.8,97,336,46.8,204,713,45.2,376,1318,43.7,609,2136,44.0,711,2512,44.3,671,2375,45.2,662,2334,44.1,682,2410,44.0,669,2355,43.8,705,2496,43.8,732,2591,43.3,754,2673,42.6,776,2749,42.5,834,2964,42.0,815,2900,44.2,638,2259,45.3,518,1823,45.3,477,1678,47.0,388,1364,49.1,280,978
75,2018년 12월,동서대로2,69.3,161,645,69.7,104,413,69.3,82,331,69.7,65,262,67.6,72,288,65.3,120,482,62.9,253,1011,63.1,441,1762,63.6,632,2525,62.9,638,2554,63.1,581,2322,63.3,552,2207,63.9,556,2221,62.8,612,2446,62.2,617,2467,62.3,646,2585,61.7,696,2784,61.4,739,2957,60.3,784,3138,62.3,556,2223,63.3,444,1776,63.6,431,1724,64.7,344,1377,67.3,227,907
76,2019년 01월,계룡로,59.2,341,1250,60.9,237,872,62.0,184,678,61.3,146,541,59.5,146,541,57.7,214,796,53.9,390,1445,51.7,710,2639,45.0,1039,3879,47.7,999,3722,47.2,982,3636,47.2,994,3688,47.6,942,3503,45.9,997,3726,44.8,1028,3834,45.1,1047,3909,45.4,1047,3909,43.2,1132,4233,38.0,1178,4402,45.2,1007,3746,48.8,846,3134,47.8,803,2969,51.1,667,2447,56.4,468,1716
77,2019년 01월,계백로,62.2,244,849,62.4,155,544,62.2,115,405,61.6,96,330,61.9,115,382,60.0,199,643,57.0,424,1357,55.4,821,2511,53.8,1017,3158,54.5,939,2987,53.4,952,3032,52.7,969,3105,52.4,907,2922,51.6,962,3083,51.1,988,3166,50.7,1003,3203,50.4,1025,3240,49.0,1121,3498,47.8,1109,3517,51.7,838,2753,53.2,688,2312,53.9,630,2137,55.7,502,1723,58.7,353,1232
78,2019년 01월,계족로,49.5,169,599,50.1,106,376,49.6,80,281,47.6,66,230,47.0,95,330,47.1,193,676,45.9,358,1260,45.2,599,2105,45.6,726,2559,45.9,659,2332,45.6,652,2297,44.8,670,2372,44.7,647,2281,44.2,690,2446,44.3,719,2538,44.5,741,2629,43.7,750,2655,43.3,819,2911,42.2,830,2952,44.5,636,2256,45.6,512,1806,45.8,467,1649,47.2,375,1320,49.1,261,914
79,2019년 01월,동서대로2,69.5,144,575,69.9,92,364,70.0,73,291,69.1,59,237,67.2,74,297,65.8,118,472,65.2,238,950,65.0,421,1684,64.5,622,2486,64.2,629,2518,63.7,558,2232,64.0,536,2141,64.3,526,2104,63.3,580,2318,62.7,591,2366,62.8,618,2471,62.3,656,2623,63.2,697,2786,60.2,798,3195,62.6,575,2301,63.7,434,1735,64.1,412,1648,65.6,326,1303,67.6,209,837
80,2019년 02월,계룡로,58.8,354,1285,60.7,248,900,61.6,192,697,61.5,149,544,59.9,151,556,57.9,217,793,54.2,398,1449,52.7,715,2627,45.5,1049,3881,47.3,1027,3788,46.9,1017,3721,47.2,1037,3800,47.3,997,3669,46.2,1063,3927,45.3,1079,3983,45.6,1112,4106,45.2,1117,4129,44.0,1175,4345,39.8,1228,4538,45.0,1048,3859,48.5,904,3312,48.1,843,3082,51.1,698,2529,56.2,502,1815
81,2019년 02월,계백로,61.3,243,852,61.6,160,562,61.6,121,424,61.8,92,321,60.5,111,373,59.5,194,633,57.5,419,1344,56.6,799,2428,53.4,975,3032,54.1,936,2984,53.1,963,3069,52.2,957,3066,52.1,926,2989,51.0,980,3136,50.2,1005,3216,49.7,1013,3233,49.7,1047,3321,48.9,1125,3520,47.6,1129,3560,51.5,869,2847,52.8,704,2366,53.9,629,2136,55.9,496,1711,58.5,359,1252
82,2019년 02월,계족로,50.5,167,589,50.5,110,387,50.2,80,282,48.8,65,229,48.3,92,320,48.4,187,656,47.1,343,1199,46.7,556,1940,46.4,709,2494,46.8,664,2337,46.2,659,2320,45.8,676,2388,45.6,669,2350,44.8,711,2512,44.8,737,2595,44.7,750,2651,44.4,760,2680,44.5,809,2858,43.0,814,2887,45.6,648,2294,46.9,523,1842,47.1,462,1625,48.3,375,1315,50.2,269,938
83,2019년 02월,동서대로2,68.1,141,562,68.7,92,369,68.6,71,285,68.7,56,225,66.5,74,296,65.0,110,440,64.4,226,904,65.9,387,1549,64.8,588,2349,64.3,581,2323,63.3,557,2226,63.2,534,2136,63.5,531,2124,62.5,582,2329,62.3,581,2327,62.3,599,2396,61.6,658,2629,62.2,702,2808,60.7,754,3017,61.2,592,2367,62.9,447,1788,63.3,414,1655,64.7,320,1282,66.5,211,843
84,2019년 03월,계룡로,58.4,342,1250,60.2,241,882,61.3,187,684,61.5,144,529,59.5,148,547,57.2,217,801,54.6,400,1467,52.6,736,2718,45.5,991,3686,48.0,963,3575,47.3,958,3536,47.7,957,3525,47.4,928,3432,46.1,989,3672,45.8,1011,3752,46.1,1034,3839,45.4,1041,3878,44.0,1108,4131,40.2,1148,4272,44.9,993,3688,48.1,856,3160,47.5,794,2930,50.4,653,2397,55.7,447,1635
85,2019년 03월,계백로,60.6,242,849,60.9,159,560,60.6,119,415,60.6,89,311,60.8,110,370,59.9,207,670,58.1,469,1474,56.9,853,2608,52.2,972,3011,54.1,922,2927,53.4,934,2964,52.8,928,2952,52.4,890,2857,50.9,956,3044,50.0,975,3089,50.0,993,3151,49.8,1031,3249,48.5,1128,3513,46.1,1104,3472,50.2,866,2823,51.8,708,2373,52.6,628,2125,54.7,488,1682,57.8,334,1165
86,2019년 03월,계족로,50.4,170,600,50.2,109,385,50.2,81,287,49.4,64,225,48.5,95,330,48.7,195,678,47.5,357,1248,47.4,583,2045,46.5,714,2522,47.0,663,2340,46.8,655,2310,46.5,645,2278,46.2,648,2280,45.2,687,2422,44.9,699,2459,45.4,721,2545,44.8,756,2665,44.6,806,2854,43.1,800,2842,45.1,652,2304,46.6,527,1858,47.0,469,1653,48.0,375,1316,50.5,259,907
87,2019년 03월,동서대로2,67.1,146,585,67.3,92,366,67.6,69,277,67.7,58,232,65.9,81,324,65.4,116,466,66.0,238,951,66.9,436,1743,65.6,608,2432,64.5,584,2338,63.7,554,2216,63.5,527,2110,63.3,526,2101,62.2,569,2278,62.0,571,2284,62.1,581,2326,61.4,634,2537,61.2,688,2751,61.0,711,2844,60.0,583,2330,61.5,450,1801,61.7,427,1709,63.1,327,1307,65.4,206,825
88,2019년 04월,계룡로,58.2,320,1168,59.9,225,819,60.7,173,633,60.8,135,497,59.1,148,548,57.1,220,811,55.3,412,1509,51.6,758,2804,44.1,1013,3770,47.1,943,3495,46.7,920,3387,47.6,912,3357,47.4,876,3229,46.4,944,3493,46.0,956,3536,45.9,975,3618,45.3,994,3701,43.7,1050,3920,39.9,1111,4140,44.2,954,3535,47.3,826,3053,46.6,791,2917,49.4,646,2367,55.2,441,1611
89,2019년 04월,계백로,60.3,232,813,60.4,152,534,60.5,112,395,60.3,86,304,60.6,119,400,59.6,243,776,59.0,526,1636,56.0,927,2833,51.1,1033,3175,53.5,949,3001,53.3,936,2958,52.4,908,2883,52.0,876,2796,50.8,944,2992,50.3,972,3079,50.1,995,3145,49.7,1030,3232,47.9,1133,3503,46.2,1115,3465,49.5,877,2838,51.2,724,2409,52.5,643,2169,54.2,505,1732,57.8,339,1179
90,2019년 04월,계족로,50.4,170,600,50.6,106,372,50.3,80,278,49.2,62,218,48.6,101,349,48.7,209,727,48.3,392,1373,46.5,634,2220,46.0,751,2655,47.0,685,2415,46.6,659,2323,46.8,649,2289,46.4,643,2260,45.4,679,2396,45.3,694,2443,45.4,723,2553,44.8,754,2664,44.4,808,2860,43.2,816,2898,45.1,660,2335,46.4,546,1917,46.7,479,1686,48.1,379,1330,50.4,257,897
91,2019년 04월,동서대로2,66.7,140,561,67.0,88,353,67.3,66,265,67.5,54,218,65.6,83,332,65.5,119,472,69.5,254,1015,68.4,440,1761,66.3,621,2483,65.1,577,2307,64.7,521,2082,64.2,489,1956,63.7,487,1948,63.1,537,2148,63.0,530,2120,63.0,544,2179,62.1,602,2404,62.0,661,2644,61.4,711,2843,60.5,550,2200,61.1,447,1788,61.2,423,1695,62.7,324,1296,64.9,210,842
92,2019년 05월,계룡로,58.0,345,1263,59.6,241,883,60.8,186,684,60.4,145,535,58.6,155,572,58.3,238,874,55.6,438,1605,51.8,788,2909,44.5,1031,3834,47.1,978,3629,47.0,961,3543,47.6,955,3514,47.4,922,3401,46.2,990,3661,45.6,1005,3720,45.5,1017,3775,45.0,1042,3877,43.2,1095,4094,40.1,1128,4221,44.8,977,3631,47.1,882,3273,46.5,836,3092,49.4,696,2558,55.0,468,1715
93,2019년 05월,계백로,60.2,246,861,60.5,160,563,60.2,118,413,60.4,91,318,59.5,126,415,60.3,264,826,59.1,544,1676,55.7,912,2776,50.7,1019,3126,52.9,953,3018,52.4,947,2992,52.2,934,2960,51.9,899,2864,50.6,954,3031,49.8,981,3102,49.4,1006,3189,49.1,1050,3315,48.2,1164,3613,47.4,1134,3538,50.5,905,2898,51.6,767,2531,53.0,682,2285,55.2,529,1812,58.2,357,1242
94,2019년 05월,계족로,50.3,176,621,50.7,113,396,50.3,84,294,50.2,67,237,49.7,103,358,49.8,211,737,48.4,392,1373,46.4,624,2183,46.2,743,2624,46.9,687,2426,46.8,664,2339,46.7,656,2314,46.8,644,2266,45.7,678,2394,45.3,697,2455,45.3,720,2545,45.0,758,2671,44.8,835,2962,43.5,808,2869,45.3,661,2336,46.4,559,1971,46.6,502,1768,48.0,398,1403,50.8,269,941
95,2019년 05월,동서대로2,67.1,146,583,68.2,92,368,67.4,71,284,67.0,56,224,65.3,75,299,66.5,120,482,68.6,266,1064,66.9,455,1817,64.6,618,2475,64.0,571,2283,63.7,531,2121,63.3,503,2014,63.2,496,1983,62.3,545,2182,62.2,545,2180,62.3,562,2249,62.0,609,2435,61.7,671,2683,60.5,738,2953,62.3,548,2191,61.2,473,1892,61.7,445,1778,63.3,343,1374,65.7,216,864
96,2019년 06월,계룡로,57.4,355,1302,59.4,248,911,60.2,190,699,60.6,159,586,58.6,158,583,59.1,242,889,55.8,427,1566,51.7,761,2810,44.1,993,3692,47.1,947,3520,46.4,934,3446,47.2,943,3474,47.1,913,3367,46.0,973,3603,45.7,986,3653,45.1,1003,3729,44.7,1032,3840,43.0,1089,4063,39.9,1114,4161,45.2,937,3476,46.6,865,3208,46.0,816,3027,48.8,687,2536,54.5,468,1721
97,2019년 06월,계백로,59.8,251,881,60.5,162,567,60.0,120,417,60.0,95,330,60.0,125,408,61.2,268,837,59.0,528,1626,55.6,877,2680,50.6,975,3017,52.5,925,2932,52.1,924,2915,51.5,919,2918,51.2,880,2803,50.1,939,2975,49.7,961,3043,49.3,981,3114,49.2,1021,3216,48.1,1112,3477,47.1,1098,3452,50.1,877,2806,50.8,744,2464,51.7,664,2224,53.6,523,1792,56.9,355,1232
98,2019년 06월,계족로,50.7,179,631,50.9,118,411,50.1,88,306,49.8,69,241,49.8,103,359,50.3,216,756,48.3,383,1340,46.5,598,2101,46.1,718,2538,47.0,665,2352,46.7,644,2273,46.6,632,2240,46.6,631,2224,45.0,663,2349,44.8,672,2376,44.8,694,2458,44.4,736,2601,44.5,805,2851,44.2,788,2799,46.1,636,2245,45.9,540,1912,46.5,488,1721,48.1,396,1393,50.4,268,938
99,2019년 06월,동서대로2,66.1,148,590,67.0,93,373,66.6,71,284,66.7,61,244,64.8,76,302,66.3,129,515,65.3,268,1071,64.2,442,1769,62.8,595,2383,62.1,558,2232,62.0,520,2078,62.2,500,2000,61.7,497,1989,61.1,540,2157,60.6,544,2176,60.9,549,2196,60.7,599,2396,60.5,660,2637,59.1,719,2875,61.4,529,2115,60.3,454,1817,60.1,432,1727,61.4,336,1345,64.1,213,853
100,2019년 07월,계룡로,56.8,338,1240,58.7,236,867,60.0,179,660,59.6,145,533,58.1,153,564,57.3,234,863,55.2,418,1536,51.3,764,2829,43.5,1019,3796,47.1,944,3506,46.2,934,3437,46.6,936,3449,46.7,911,3362,45.3,962,3565,44.4,965,3573,44.6,978,3631,44.7,1003,3734,43.2,1068,3992,39.5,1111,4160,44.9,938,3486,46.7,852,3159,46.3,804,2978,49.3,662,2436,54.6,458,1680
101,2019년 07월,계백로,58.4,236,824,58.4,154,538,58.4,113,395,58.3,89,309,57.9,121,397,59.1,253,791,58.2,513,1581,54.7,887,2713,50.5,989,3060,52.5,928,2938,51.7,930,2943,50.8,926,2935,50.9,889,2838,49.6,941,2995,49.2,955,3027,48.4,971,3079,48.8,1007,3185,47.6,1104,3443,46.4,1107,3473,49.5,867,2784,50.0,725,2405,51.4,644,2156,53.4,502,1712,56.7,346,1192
102,2019년 07월,계족로,49.4,165,582,49.6,108,378,49.1,78,274,49.0,63,223,48.6,97,338,49.4,216,751,48.3,379,1326,46.5,613,2148,45.8,732,2585,46.9,669,2359,46.9,647,2279,46.4,652,2306,46.1,636,2239,44.5,672,2375,44.0,669,2361,44.5,707,2496,44.1,727,2564,44.2,798,2825,44.2,799,2837,46.0,629,2218,45.6,542,1904,45.8,474,1665,47.4,369,1294,49.8,261,908
103,2019년 07월,동서대로2,64.5,138,550,64.6,87,352,64.5,67,265,64.7,55,220,62.9,72,288,63.4,124,495,64.2,269,1075,63.5,448,1791,62.3,590,2363,61.8,546,2184,61.6,509,2033,61.5,488,1952,61.2,480,1921,60.5,525,2100,60.1,521,2081,60.2,537,2147,60.2,584,2333,59.8,650,2599,59.1,723,2895,60.2,536,2144,59.5,447,1788,59.7,425,1698,61.1,327,1308,63.4,206,826
104,2019년 08월,계룡로,56.7,342,1257,58.2,239,879,59.3,186,687,58.9,147,541,57.1,158,582,55.6,236,868,54.1,418,1535,51.2,718,2661,44.1,968,3603,46.6,929,3450,46.0,928,3422,46.8,944,3483,47.1,924,3415,46.1,978,3634,45.5,984,3650,44.9,989,3676,44.3,1012,3773,42.7,1068,3991,39.4,1106,4137,44.0,969,3599,46.8,862,3197,46.4,801,2970,49.2,657,2415,54.2,456,1676
105,2019년 08월,계백로,58.7,240,842,58.8,156,551,58.5,116,404,58.2,92,321,58.0,130,427,57.7,251,788,57.2,524,1607,54.9,837,2531,50.9,963,2974,51.5,928,2926,51.5,940,2959,51.0,934,2955,51.1,907,2883,49.8,947,2998,49.5,961,3048,49.2,968,3069,48.7,1022,3211,47.7,1101,3424,46.6,1102,3439,49.1,885,2841,50.9,746,2458,52.5,636,2130,54.2,492,1683,56.9,344,1189
106,2019년 08월,계족로,49.2,166,587,49.0,110,386,48.4,81,281,47.8,65,226,48.0,101,353,47.9,215,751,47.4,380,1333,46.3,572,2010,45.1,682,2412,45.8,648,2294,45.7,649,2291,45.6,651,2305,45.7,636,2243,44.3,667,2362,44.1,680,2396,43.8,698,2470,43.1,725,2568,43.1,779,2770,42.5,767,2731,44.1,626,2219,45.3,535,1891,45.3,462,1630,47.0,363,1275,49.2,259,906
107,2019년 08월,동서대로2,64.7,138,550,64.6,87,350,65.0,68,274,64.6,56,221,62.6,77,308,62.0,129,516,63.3,264,1055,63.3,421,1685,62.0,577,2306,61.2,547,2185,61.3,519,2073,61.2,501,2005,61.2,493,1970,60.7,532,2130,60.4,534,2134,60.4,553,2212,60.0,598,2391,60.3,650,2602,58.7,709,2834,59.7,556,2224,60.3,458,1832,60.8,418,1671,62.2,316,1267,64.1,203,811
108,2019년 09월,계룡로,55.4,334,1224,57.7,238,875,58.7,186,682,58.8,147,543,57.1,153,566,54.1,225,831,52.7,401,1464,49.0,725,2675,41.7,939,3483,45.6,896,3328,44.8,907,3355,45.6,911,3368,45.4,896,3313,44.3,961,3562,43.4,975,3625,43.5,990,3679,43.0,1010,3754,41.7,1048,3915,37.4,1077,4018,42.2,955,3558,45.7,825,3060,45.2,760,2820,48.0,629,2323,52.9,434,1597
109,2019년 09월,계백로,58.7,225,795,59.4,148,526,58.9,110,388,58.8,90,315,58.0,111,372,56.4,221,707,56.3,477,1472,54.0,824,2524,49.6,924,2843,51.3,888,2795,50.0,907,2851,49.5,889,2816,49.8,868,2761,48.6,928,2917,48.2,936,2944,47.8,932,2943,47.6,976,3053,46.2,1049,3268,44.2,1030,3262,47.9,827,2702,50.0,674,2264,50.7,586,1991,53.0,457,1577,56.2,312,1087
110,2019년 09월,계족로,47.8,117,432,49.4,76,278,48.6,56,204,47.5,45,165,47.6,66,244,45.6,143,526,45.2,293,1049,44.0,527,1861,41.5,623,2213,41.7,571,2023,40.5,574,2036,40.6,545,1950,41.0,535,1913,40.2,588,2093,39.5,622,2210,38.6,628,2232,37.5,648,2310,36.9,654,2327,35.8,563,2063,39.1,407,1515,42.3,339,1260,43.1,304,1127,45.7,241,891,48.4,161,595
111,2019년 09월,동서대로2,62.5,135,540,63.8,87,346,63.8,66,264,63.1,52,210,61.6,69,277,59.1,124,493,60.1,239,957,61.5,422,1686,60.3,590,2357,59.9,560,2240,59.3,527,2109,59.7,506,2025,59.6,505,2020,58.7,549,2196,58.6,558,2232,58.3,566,2261,57.8,615,2462,57.5,669,2673,55.5,690,2760,55.8,562,2245,57.3,439,1758,57.5,402,1610,59.1,311,1247,61.1,198,794
112,2019년 10월,계룡로,56.3,329,1210,58.4,234,862,59.1,180,664,58.8,141,520,57.1,150,560,54.9,234,866,51.7,430,1577,49.4,772,2847,41.2,996,3698,45.8,949,3528,45.8,932,3445,46.0,929,3439,45.5,904,3349,44.7,982,3644,43.9,994,3688,43.7,1012,3762,43.0,1035,3851,41.8,1100,4106,37.0,1125,4204,43.3,966,3604,46.5,841,3120,45.9,771,2864,48.6,636,2347,53.6,438,1611
113,2019년 10월,계백로,60.3,218,772,60.2,142,501,60.1,105,371,59.6,86,301,59.5,114,380,59.0,235,760,56.9,511,1587,54.2,869,2671,49.7,962,2964,50.8,906,2847,50.8,904,2838,50.1,883,2798,50.1,847,2689,48.4,892,2809,48.4,907,2857,48.0,941,2947,47.3,987,3064,45.7,1100,3399,44.4,1072,3396,49.4,834,2722,51.6,670,2254,52.7,584,1990,54.6,448,1556,58.1,306,1076
114,2019년 10월,계족로,48.7,95,365,49.2,62,235,49.0,43,166,48.4,36,137,47.2,56,212,45.6,128,490,42.5,242,908,41.9,466,1691,39.8,564,2046,40.8,506,1838,40.4,493,1786,41.2,453,1667,41.0,448,1641,39.2,492,1799,38.9,525,1908,37.7,549,2005,37.0,566,2058,36.0,548,2017,33.0,469,1782,38.6,364,1380,42.0,294,1123,43.1,259,989,45.5,204,779,48.9,137,523
115,2019년 10월,동서대로2,64.7,131,525,65.2,83,332,65.0,66,262,64.1,50,203,62.7,69,277,62.6,137,547,61.2,271,1084,61.7,474,1897,60.9,665,2659,60.5,613,2456,59.9,554,2216,60.2,519,2077,60.2,516,2066,59.2,568,2271,58.8,576,2300,58.7,595,2378,58.2,668,2671,57.2,720,2879,55.3,762,3048,57.7,571,2287,59.1,435,1738,59.5,403,1611,60.8,307,1230,63.3,195,780
116,2019년 11월,계룡로,55.9,325,1188,58.0,234,855,59.1,179,659,58.8,139,510,57.0,143,527,54.8,221,815,51.0,421,1546,48.8,772,2843,40.7,1008,3737,45.4,944,3511,45.4,935,3458,45.8,941,3474,45.6,917,3395,44.1,983,3651,43.4,1013,3756,43.0,1019,3787,42.2,1049,3905,39.1,1128,4214,36.2,1115,4153,43.0,958,3560,46.2,832,3069,45.8,768,2844,48.3,631,2315,53.4,430,1575
117,2019년 11월,계백로,60.0,220,780,59.9,142,504,59.9,104,367,59.8,84,293,59.3,107,359,58.4,222,715,56.3,482,1522,53.6,850,2614,49.9,974,2982,52.0,928,2932,51.2,913,2888,50.9,890,2833,50.7,836,2658,49.1,908,2871,48.8,933,2953,47.9,956,3006,46.8,1008,3122,44.6,1095,3404,44.6,1051,3317,48.6,819,2692,51.2,671,2262,52.3,586,1996,54.4,454,1577,57.9,308,1085
118,2019년 11월,계족로,47.5,121,480,51.1,51,205,48.6,53,209,47.1,42,167,46.7,62,245,45.7,144,571,42.9,269,1065,42.7,511,1943,41.1,663,2493,41.6,621,2344,43.5,483,1760,43.9,536,1916,44.2,498,1795,43.2,500,1827,43.0,511,1875,40.8,520,1919,39.6,587,2127,37.2,481,1828,33.6,552,2193,39.4,428,1703,41.9,359,1428,44.3,324,1289,45.7,255,1014,48.4,165,656
119,2019년 11월,동서대로2,64.0,134,534,64.5,83,330,64.6,62,252,64.4,48,193,63.0,66,264,62.3,128,514,61.3,268,1074,61.3,470,1883,60.9,716,2863,60.4,676,2704,60.1,587,2351,60.5,539,2155,60.3,539,2153,59.2,606,2425,59.0,614,2456,58.8,639,2555,57.9,692,2769,56.3,750,2999,54.4,778,3116,56.7,567,2269,58.4,438,1755,59.1,404,1617,60.2,318,1272,62.7,195,778
120,2019년 12월,계룡로,56.8,339,1242,58.9,245,897,59.8,189,695,59.4,147,539,57.9,148,546,55.7,208,771,52.0,373,1372,49.2,685,2526,42.8,909,3379,46.7,895,3328,45.5,914,3380,45.2,897,3318,45.1,916,3395,43.5,950,3536,42.9,986,3667,43.0,993,3695,42.2,1022,3808,39.4,1086,4061,37.2,1050,3914,44.1,891,3313,46.8,794,2932,46.2,739,2732,49.0,610,2244,54.0,427,1565
121,2019년 12월,계백로,60.2,240,854,60.6,163,580,59.7,118,421,59.6,93,326,58.5,101,351,57.5,199,660,55.8,428,1375,53.4,772,2414,51.0,902,2811,52.5,878,2840,51.5,916,2943,50.8,893,2887,49.7,890,2906,47.8,943,3056,47.5,982,3160,46.7,980,3143,45.8,1033,3271,44.7,1096,3461,45.0,1015,3271,49.7,781,2599,51.2,651,2225,52.0,595,2051,53.9,470,1649,56.7,337,1195
122,2019년 12월,계족로,48.1,144,507,48.5,94,331,48.0,70,249,47.5,61,214,47.3,81,282,46.7,168,599,41.8,283,1021,40.4,434,1573,39.2,511,1836,39.2,511,1845,39.0,537,1927,39.0,536,1928,40.8,543,1937,37.6,570,2052,36.3,592,2132,36.0,605,2187,34.6,594,2150,35.8,595,2165,37.5,573,2076,40.4,451,1611,41.9,390,1404,42.9,351,1257,43.7,283,1011,47.4,208,737
123,2019년 12월,동서대로2,64.9,134,536,65.4,87,348,65.7,67,268,64.8,51,204,62.8,66,264,62.3,116,463,61.6,233,935,60.4,424,1694,60.6,604,2415,60.6,602,2411,60.5,571,2282,60.5,509,2034,60.1,545,2182,59.2,593,2371,58.9,608,2431,58.9,625,2497,58.0,660,2638,56.3,717,2867,55.4,724,2896,57.9,512,2051,58.9,399,1598,59.1,390,1559,60.7,300,1203,63.1,193,770
124,2020년 01월,계룡로,57.2,316,1155,58.9,231,845,60.3,174,636,60.0,139,509,58.4,142,523,56.5,196,721,53.0,351,1292,50.3,630,2323,45.0,899,3325,47.6,865,3200,46.7,895,3297,47.0,922,3402,47.0,905,3348,45.6,969,3590,44.4,1006,3723,44.4,1007,3744,44.3,1011,3755,42.7,1061,3945,39.9,1073,3991,45.2,901,3337,48.1,776,2868,47.7,706,2610,50.5,580,2123,55.4,398,1460
125,2020년 01월,계백로,59.8,227,801,60.0,155,548,59.7,112,396,60.0,89,312,59.4,100,346,58.7,189,629,55.8,399,1296,53.3,752,2367,51.0,913,2865,53.0,883,2824,52.1,924,2940,51.7,936,3002,51.1,917,2954,49.8,962,3087,49.4,992,3172,48.6,997,3185,47.9,1020,3238,46.5,1066,3366,45.8,1025,3303,49.9,799,2643,51.6,668,2260,52.6,586,2001,54.5,459,1591,57.0,322,1133
126,2020년 01월,계족로,47.1,150,530,47.8,103,362,46.4,77,272,46.1,65,227,46.5,90,314,46.4,191,678,41.2,330,1179,40.3,492,1762,40.3,594,2160,39.8,533,1940,39.4,546,1961,40.7,564,2019,41.6,552,1971,38.9,583,2101,37.3,610,2200,36.9,619,2242,35.9,626,2265,36.6,675,2429,37.4,670,2404,40.6,520,1848,41.6,448,1595,42.7,404,1432,43.0,326,1160,46.1,236,835
127,2020년 01월,동서대로2,65.2,127,507,65.3,86,347,65.8,65,260,65.9,52,210,63.6,65,261,62.9,107,430,62.3,213,854,60.5,372,1485,61.2,560,2239,61.8,556,2225,61.3,528,2112,61.7,509,2038,61.6,511,2042,60.7,568,2272,60.4,575,2298,60.3,597,2389,59.7,623,2492,59.1,653,2613,56.8,713,2851,58.7,525,2099,60.3,401,1601,60.7,373,1492,62.0,282,1128,64.2,183,735
128,2020년 02월,계룡로,57.3,290,1064,58.6,208,763,58.7,160,588,58.9,129,473,57.0,135,498,55.6,194,717,52.6,351,1290,51.2,660,2440,44.6,964,3579,48.1,897,3332,47.7,893,3296,48.0,890,3287,48.0,859,3175,46.8,925,3431,46.3,960,3550,46.5,968,3589,46.2,965,3585,45.5,1029,3828,41.9,1081,4020,46.9,876,3247,49.1,740,2728,49.0,663,2450,51.6,542,1991,55.7,377,1381
129,2020년 02월,계백로,56.6,202,712,56.9,135,478,56.4,104,360,56.4,80,281,56.2,96,330,55.7,187,617,53.4,402,1279,52.4,753,2307,50.3,902,2803,52.1,838,2670,51.4,852,2721,51.2,853,2734,50.6,817,2630,49.5,865,2763,49.4,891,2848,48.6,889,2841,47.9,918,2906,47.2,1007,3142,45.8,986,3135,49.2,728,2397,50.5,595,2012,51.1,516,1763,52.0,403,1399,53.9,283,992
130,2020년 02월,계족로,41.8,132,464,42.1,91,318,41.0,67,238,40.2,57,198,41.2,80,277,41.0,172,605,36.3,294,1040,35.8,433,1532,35.4,519,1864,35.1,472,1705,34.6,481,1720,35.7,488,1744,36.6,483,1719,34.4,506,1818,33.4,531,1910,33.1,539,1945,32.2,547,1966,32.9,585,2095,33.6,585,2081,36.1,447,1581,36.9,384,1360,37.8,344,1217,38.0,279,990,40.8,205,722
131,2020년 02월,동서대로2,64.6,118,472,64.6,81,324,64.4,63,254,63.3,52,208,62.6,65,258,62.0,110,442,62.0,222,891,61.9,401,1607,62.0,608,2432,62.1,568,2275,61.5,527,2106,62.0,504,2014,62.0,493,1972,61.4,546,2186,61.1,550,2200,61.2,556,2222,60.9,604,2420,60.5,671,2687,59.0,714,2853,60.3,516,2065,61.4,382,1531,61.6,345,1381,61.9,263,1049,63.6,170,678
132,2020년 03월,계룡로,58.4,241,887,59.3,177,646,59.7,137,502,59.5,110,404,58.4,112,416,56.8,178,659,54.2,337,1237,53.2,657,2423,46.8,918,3411,49.9,814,3019,49.3,800,2942,49.6,799,2943,49.5,753,2788,48.4,835,3097,47.8,869,3215,47.7,875,3244,47.6,891,3310,46.9,973,3617,43.1,1054,3916,47.5,842,3113,50.3,666,2464,50.4,577,2135,52.8,467,1714,56.6,324,1191
133,2020년 03월,계백로,58.6,173,604,58.9,117,410,58.8,88,308,58.7,72,251,58.8,86,293,57.9,189,615,56.0,433,1337,55.0,760,2285,52.2,906,2815,52.6,810,2568,51.9,820,2602,51.7,812,2588,51.5,781,2482,50.2,833,2636,49.8,873,2757,49.2,868,2748,48.9,913,2857,48.4,1018,3146,47.3,1013,3168,50.2,741,2409,52.1,561,1875,53.2,464,1584,54.5,358,1244,56.7,250,882
134,2020년 03월,계족로,39.0,119,419,39.3,81,283,38.0,61,216,38.1,51,178,38.3,71,247,38.3,157,551,34.3,261,922,33.4,384,1354,33.1,471,1685,32.9,431,1552,32.7,443,1580,33.6,456,1618,34.5,448,1587,32.3,467,1669,30.9,485,1739,30.8,492,1771,30.0,499,1791,31.0,533,1903,31.8,518,1849,34.0,394,1396,34.9,329,1178,35.8,294,1047,35.7,237,850,38.9,176,626
135,2020년 03월,동서대로2,66.9,100,399,67.0,67,268,66.4,55,220,66.9,45,181,64.6,55,220,64.3,108,433,65.0,216,864,65.6,383,1532,64.2,576,2303,63.5,494,1976,62.7,455,1817,63.0,442,1767,62.6,437,1747,62.1,477,1908,61.8,488,1950,61.7,498,1992,61.8,543,2170,61.2,636,2543,61.1,676,2704,60.8,497,1989,62.2,354,1416,63.0,298,1193,64.1,229,915,65.7,146,583
136,2020년 04월,계룡로,58.2,279,1023,59.6,199,728,60.0,154,566,59.7,124,457,58.7,129,477,57.3,203,745,55.6,374,1369,53.0,679,2506,46.2,932,3458,49.6,870,3219,48.7,856,3148,48.9,860,3164,49.0,823,3038,47.8,898,3326,46.5,931,3445,46.4,933,3463,45.8,954,3539,45.0,1072,3992,42.4,1082,4023,46.6,891,3298,49.3,745,2754,49.4,652,2413,51.9,531,1955,56.3,364,1337
137,2020년 04월,계백로,59.0,189,661,59.2,124,434,58.9,95,326,58.8,77,267,58.9,99,332,58.1,217,693,56.9,484,1478,54.4,804,2413,50.2,936,2861,51.9,853,2665,51.3,859,2693,51.0,861,2694,50.5,829,2609,49.0,895,2801,48.7,936,2936,48.1,928,2898,47.1,971,3013,46.9,1107,3409,46.7,1057,3273,49.4,793,2558,51.0,619,2051,52.2,514,1736,54.0,394,1360,56.6,274,960
138,2020년 04월,계족로,38.1,116,409,38.4,79,278,37.4,60,210,37.2,49,174,37.7,72,246,37.7,139,493,33.8,238,850,32.6,377,1326,32.1,468,1667,32.2,428,1529,31.9,440,1562,32.9,450,1594,33.8,441,1557,31.6,458,1632,30.1,477,1700,30.1,482,1726,29.2,494,1765,30.1,529,1877,31.0,473,1701,33.5,341,1227,34.4,292,1059,35.2,260,940,35.7,210,761,38.9,159,571
139,2020년 04월,동서대로2,68.1,115,458,68.7,75,304,68.4,60,239,68.5,49,198,66.5,62,248,66.8,117,470,69.8,232,929,66.9,399,1595,65.1,582,2328,64.4,505,2020,63.8,474,1898,63.5,467,1868,63.0,458,1835,62.4,491,1966,62.2,504,2018,62.4,517,2067,62.1,562,2250,61.6,669,2674,61.3,678,2713,61.7,514,2056,62.4,391,1565,63.3,342,1366,64.8,255,1017,67.1,162,650
140,2020년 05월,계룡로,58.1,294,1080,59.6,206,757,60.4,160,588,59.8,131,480,58.5,136,503,58.0,210,772,55.5,381,1400,52.0,683,2530,45.0,924,3439,48.1,879,3276,47.3,877,3244,47.5,886,3278,47.3,850,3153,46.5,952,3540,45.6,938,3489,45.3,984,3663,44.8,998,3723,43.2,1058,3959,41.2,1067,3985,45.6,915,3397,48.0,821,3044,48.1,702,2606,51.0,568,2100,55.4,391,1440
141,2020년 05월,계백로,58.6,205,720,59.3,139,493,59.0,103,364,59.0,85,293,58.7,110,367,58.8,242,766,57.1,516,1573,54.3,830,2489,50.3,957,2928,51.3,897,2804,50.6,924,2889,50.7,926,2902,50.5,886,2802,49.1,981,3083,48.7,977,3070,48.0,1015,3181,47.5,1052,3274,46.7,1136,3518,45.6,1084,3380,49.2,868,2783,50.5,743,2459,52.0,591,1984,53.7,457,1569,56.6,309,1071
142,2020년 05월,계족로,52.3,112,389,51.9,77,267,50.6,58,199,50.5,49,170,50.1,72,247,50.1,138,492,47.4,247,868,47.8,397,1397,47.3,486,1722,47.7,450,1593,46.9,477,1681,47.9,495,1739,48.7,488,1709,48.8,525,1858,48.5,517,1830,47.4,538,1907,47.1,553,1958,49.3,592,2102,50.1,575,2073,51.7,412,1491,51.7,334,1202,51.3,262,936,52.5,208,741,54.6,158,559
143,2020년 05월,동서대로2,70.1,123,489,70.6,81,324,70.3,64,257,70.7,52,207,68.2,64,256,68.7,115,462,70.6,237,947,68.2,399,1597,66.0,549,2193,65.5,493,1972,64.8,475,1900,64.7,475,1902,64.8,465,1858,64.0,526,2103,63.9,513,2052,64.1,548,2192,63.6,594,2374,62.8,663,2652,61.6,689,2755,64.1,510,2042,63.4,456,1826,64.3,380,1518,65.7,285,1142,68.5,178,711
144,2020년 06월,계룡로,57.5,271,1000,58.4,186,684,58.5,146,538,57.6,116,427,56.9,126,468,56.7,217,796,54.9,401,1464,50.3,795,2920,43.2,963,3572,47.9,881,3271,47.5,852,3140,47.6,845,3113,47.9,815,3014,46.6,870,3211,45.8,890,3294,45.3,907,3362,44.9,936,3482,45.3,997,3713,41.9,1035,3851,46.4,817,3018,47.3,704,2600,47.7,660,2440,50.7,539,1986,55.1,368,1358
145,2020년 06월,계백로,63.7,175,521,62.6,110,331,61.9,82,244,59.7,70,206,60.7,107,293,62.2,271,691,65.7,586,1461,63.1,1020,2509,60.1,1082,2741,60.8,956,2470,60.5,959,2486,59.9,938,2448,59.4,921,2391,57.8,959,2487,57.7,1002,2605,58.1,1023,2657,57.1,1089,2806,56.9,1179,3009,54.4,1123,2908,53.3,807,2137,53.1,614,1704,55.7,513,1443,57.3,385,1101,60.2,262,761
146,2020년 06월,계족로,58.8,111,376,56.9,76,257,56.1,57,194,55.4,50,169,54.9,74,251,55.8,135,477,53.7,270,931,54.4,470,1621,54.5,568,1958,56.1,504,1731,53.8,513,1765,53.8,519,1785,53.9,494,1696,54.7,521,1794,55.0,545,1875,54.7,542,1866,54.1,562,1945,54.2,586,2038,54.2,569,2012,55.2,374,1323,54.1,315,1105,54.8,251,878,57.1,207,720,58.2,148,508
147,2020년 06월,동서대로2,68.9,125,496,66.7,83,331,66.5,65,258,66.5,55,217,64.7,67,270,66.4,129,518,68.0,265,1062,66.7,478,1914,65.3,616,2465,64.9,533,2131,64.5,486,1940,64.5,482,1926,63.9,468,1872,62.8,504,2015,62.3,516,2063,62.4,534,2137,62.1,601,2401,61.7,664,2655,58.8,715,2862,60.8,473,1891,59.6,418,1673,61.4,379,1515,63.7,288,1152,66.4,185,741
148,2020년 07월,계룡로,57.0,284,1046,58.3,199,731,58.5,153,561,57.8,124,457,56.0,134,494,54.1,223,819,53.5,405,1479,48.4,794,2927,41.3,977,3621,46.7,897,3319,46.5,871,3210,46.9,889,3266,47.4,863,3175,46.6,920,3393,45.0,934,3447,45.3,959,3549,44.4,994,3683,43.8,1055,3910,41.3,1108,4102,46.8,886,3257,48.1,769,2833,47.9,689,2543,50.4,569,2090,54.8,390,1431
149,2020년 07월,계백로,62.9,176,520,62.2,113,338,60.2,87,259,59.2,75,216,58.8,105,286,59.4,260,671,62.1,570,1432,60.5,992,2481,58.4,1084,2750,60.3,952,2475,60.0,978,2547,59.9,963,2516,60.0,928,2428,58.7,985,2567,58.2,1017,2658,58.1,1037,2696,58.3,1108,2867,57.4,1214,3094,56.7,1176,3015,57.6,843,2223,57.2,642,1765,58.3,535,1497,59.3,398,1136,61.4,261,762
150,2020년 07월,계족로,58.2,111,377,56.3,77,261,54.5,57,193,55.2,58,194,54.6,88,294,54.5,167,569,54.2,261,899,55.1,463,1598,54.8,565,1945,55.7,513,1760,54.3,525,1800,54.6,532,1822,54.2,526,1800,55.8,543,1867,55.6,580,1992,55.6,573,1973,55.6,609,2097,55.3,634,2191,55.3,625,2190,56.2,398,1411,55.4,325,1139,55.3,261,911,56.7,210,731,58.2,150,519
151,2020년 07월,동서대로2,67.8,129,517,67.2,85,337,66.1,65,260,65.4,56,224,63.3,67,269,64.5,124,493,65.4,256,1025,64.0,475,1899,63.0,614,2454,62.9,529,2117,63.0,483,1933,62.9,477,1909,63.1,471,1885,62.2,506,2024,61.7,518,2071,61.7,535,2138,61.8,601,2406,61.5,671,2687,59.4,726,2903,62.0,493,1970,60.6,411,1646,61.1,370,1480,62.7,295,1179,65.5,189,757
152,2020년 08월,계룡로,56.2,287,1055,57.3,203,744,58.0,157,576,57.9,126,463,56.4,134,493,54.9,214,783,53.8,395,1439,50.0,709,2615,44.5,910,3370,47.0,862,3193,45.9,857,3160,45.6,872,3220,45.8,868,3204,45.2,912,3375,44.2,916,3394,43.8,943,3498,43.7,971,3602,42.6,1036,3851,40.5,1059,3931,44.7,881,3262,47.3,776,2870,46.9,683,2526,49.8,546,2014,53.7,381,1398
153,2020년 08월,계백로,62.3,181,544,61.7,118,360,61.5,87,262,61.6,73,213,62.2,104,287,62.7,255,658,64.1,561,1410,62.7,913,2297,60.7,1001,2557,60.6,952,2479,59.5,992,2599,58.9,1001,2638,58.3,979,2588,57.6,1025,2703,57.1,1037,2739,57.0,1052,2777,56.4,1099,2885,55.5,1185,3056,54.8,1135,2945,54.9,844,2275,56.0,649,1809,56.9,525,1505,58.0,391,1144,59.8,257,762
154,2020년 08월,계족로,55.9,111,374,55.7,79,265,55.5,58,196,54.3,50,169,53.4,76,255,54.1,130,456,51.8,244,845,54.2,432,1483,54.7,536,1837,54.2,508,1739,52.5,526,1803,52.5,541,1858,52.3,545,1865,53.5,551,1891,53.7,572,1959,54.4,579,1989,54.2,602,2069,54.3,631,2173,53.7,561,1957,53.9,377,1335,53.7,317,1109,52.9,256,890,54.5,202,697,55.8,146,500
155,2020년 08월,동서대로2,65.3,128,509,65.0,83,333,65.1,65,258,65.0,55,220,63.7,67,269,62.9,128,514,63.0,260,1039,62.1,431,1725,61.7,578,2315,60.7,529,2117,61.1,495,1978,60.9,489,1954,60.6,495,1978,59.7,517,2068,59.2,520,2076,59.1,541,2163,59.5,597,2389,59.7,657,2624,57.8,683,2732,58.7,506,2024,58.7,402,1605,59.4,350,1400,61.9,282,1125,64.3,183,731
156,2020년 09월,계룡로,56.3,282,1038,57.0,186,684,57.2,126,465,56.7,101,375,55.3,114,419,53.6,203,747,52.4,414,1509,48.5,783,2879,42.3,966,3567,46.7,898,3324,46.3,881,3252,46.6,892,3291,46.8,863,3189,45.7,925,3427,44.4,948,3519,44.1,974,3619,42.9,1012,3753,42.4,1067,3970,39.4,1083,4022,44.4,915,3394,47.5,764,2822,47.5,652,2416,50.1,531,1957,54.2,367,1349
157,2020년 09월,계백로,64.7,166,497,63.8,106,314,64.0,76,221,64.7,64,185,64.2,94,255,63.3,251,642,63.8,601,1499,62.4,1026,2542,60.2,1112,2797,61.5,976,2526,60.3,992,2570,60.1,986,2569,60.1,949,2478,58.9,1021,2646,58.2,1047,2727,58.3,1050,2739,58.0,1159,2980,56.1,1228,3145,53.5,1167,3015,56.5,853,2275,57.2,605,1689,59.0,487,1386,60.7,359,1036,63.3,237,696
158,2020년 09월,계족로,57.2,110,377,56.1,79,267,55.2,60,203,55.0,59,198,53.9,80,270,53.2,131,464,52.7,252,890,54.4,485,1676,54.7,592,2039,54.5,557,1920,52.4,565,1945,52.8,571,1974,52.2,565,1947,53.5,581,2006,54.1,617,2126,54.3,624,2156,54.4,644,2226,55.0,644,2235,54.5,541,1946,53.8,392,1407,54.5,323,1140,54.2,256,899,55.8,197,691,57.0,145,503
159,2020년 09월,동서대로2,65.0,129,515,64.4,78,311,65.3,59,234,64.2,51,203,62.8,62,246,59.8,129,516,61.7,264,1055,61.0,476,1902,60.2,626,2500,59.6,540,2161,59.8,504,2019,59.7,497,1988,59.7,495,1980,58.5,528,2113,58.2,543,2173,58.0,561,2247,58.3,636,2546,57.9,700,2799,56.8,725,2902,58.0,563,2253,59.1,424,1694,59.9,365,1459,61.9,278,1112,64.4,181,724
160,2020년 10월,계룡로,57.9,280,1027,59.1,200,734,59.9,155,569,59.7,124,457,57.7,131,482,55.5,213,780,52.6,398,1456,49.6,731,2685,43.2,909,3355,47.0,861,3185,46.7,866,3195,47.1,873,3221,47.0,858,3172,45.9,929,3433,44.9,947,3519,44.6,965,3580,44.2,997,3706,43.1,1052,3917,39.4,1062,3939,45.6,899,3337,48.5,766,2828,48.1,670,2482,50.8,543,1998,55.1,372,1367
161,2020년 10월,계백로,69.7,172,517,69.2,112,339,69.0,84,252,68.9,72,210,68.2,96,267,66.7,235,615,65.5,573,1438,64.4,986,2447,62.6,1083,2720,62.8,1008,2582,61.7,1044,2673,61.0,1019,2637,60.7,991,2565,59.5,1055,2716,58.7,1089,2822,59.1,1124,2898,58.3,1195,3043,56.7,1280,3244,56.7,1190,3063,61.1,843,2252,62.8,627,1747,64.0,513,1456,65.4,379,1095,67.6,251,738
162,2020년 10월,계족로,58.4,113,387,57.4,79,271,57.0,58,201,57.1,52,179,55.6,74,255,54.8,127,448,53.3,220,789,54.7,462,1609,54.8,584,2030,54.6,559,1939,52.9,571,1975,52.7,577,2003,53.2,578,1997,54.3,593,2054,54.5,626,2168,54.9,620,2148,54.1,637,2212,54.8,593,2098,54.0,516,1880,54.9,387,1384,55.3,329,1159,54.8,263,922,56.8,210,738,58.9,149,522
163,2020년 10월,동서대로2,65.9,125,501,66.3,83,332,66.1,65,260,65.7,56,222,63.8,68,275,62.0,127,511,62.0,274,1095,61.8,483,1930,61.0,662,2648,60.1,572,2289,59.7,532,2129,60.0,509,2035,59.9,511,2043,58.4,547,2185,58.3,565,2260,57.7,599,2397,57.4,683,2733,57.6,731,2922,57.0,781,3120,59.0,569,2276,60.4,422,1689,61.0,363,1451,62.3,279,1118,64.7,182,726
164,2020년 11월,계룡로,57.5,277,1015,58.9,195,712,59.8,152,558,59.2,123,453,57.4,130,478,55.5,207,759,51.6,404,1482,48.2,760,2789,41.4,970,3583,46.2,897,3329,45.6,899,3323,45.9,905,3351,45.8,896,3314,44.4,952,3532,43.3,986,3661,43.1,994,3704,42.1,1038,3867,40.4,1102,4116,38.1,1085,4030,45.4,895,3315,48.0,764,2814,47.5,670,2474,50.1,541,1990,54.7,367,1345
165,2020년 11월,계백로,67.5,169,510,67.9,107,330,67.0,82,245,67.0,70,207,66.3,95,264,65.8,233,613,64.2,549,1403,62.1,1017,2537,60.3,1116,2820,62.0,1015,2632,60.9,1015,2644,60.3,979,2576,60.1,942,2477,59.0,1023,2670,58.2,1050,2752,57.2,1069,2797,56.2,1164,2999,54.8,1235,3171,55.2,1138,2967,60.5,799,2163,61.5,603,1697,62.5,503,1437,63.0,374,1090,65.6,243,722
166,2020년 11월,계족로,57.3,106,367,56.5,70,244,56.2,54,186,55.9,49,168,54.8,72,247,54.0,122,436,52.0,208,751,53.9,417,1467,54.4,582,2012,53.9,547,1886,52.1,553,1907,51.9,548,1891,51.8,563,1935,53.8,578,1994,54.2,602,2074,53.9,595,2055,53.3,595,2069,52.1,538,1929,52.4,488,1772,54.0,372,1326,54.2,311,1098,54.3,253,886,56.0,200,703,58.1,138,480
167,2020년 11월,동서대로2,63.0,119,476,63.3,79,314,62.9,62,244,62.1,51,204,60.6,67,271,59.8,126,502,59.4,279,1114,60.7,497,1988,60.2,748,2991,59.2,636,2547,58.7,582,2326,58.8,531,2125,58.5,535,2138,57.2,590,2359,57.1,619,2476,56.7,669,2672,55.7,742,2967,56.0,774,3096,55.9,809,3234,58.2,569,2272,59.3,427,1707,58.9,356,1422,59.4,274,1096,61.9,170,682
168,2020년 12월,계룡로,57.4,204,754,58.3,135,499,58.2,100,368,58.2,83,307,56.2,95,352,55.4,176,649,52.0,369,1355,48.3,729,2683,42.5,935,3454,47.4,871,3235,46.5,874,3227,46.2,884,3262,45.9,870,3206,44.6,927,3439,43.3,969,3588,43.3,979,3632,42.8,1012,3762,41.5,1074,4004,40.1,1059,3928,46.6,825,3043,48.9,691,2542,48.9,612,2258,51.5,485,1783,55.5,292,1076
169,2020년 12월,계백로,69.0,130,386,68.6,82,244,67.7,60,176,68.1,53,152,68.0,77,214,67.5,201,532,66.1,498,1279,63.2,950,2391,62.0,1047,2677,63.6,908,2388,62.1,948,2506,61.7,938,2504,61.4,915,2432,60.1,982,2596,59.7,1026,2720,59.6,1043,2758,58.7,1133,2947,57.4,1184,3066,58.0,1061,2795,61.9,714,1956,63.2,535,1525,64.2,449,1300,65.4,331,971,67.1,195,573
170,2020년 12월,계족로,57.3,91,308,56.6,64,214,55.9,47,159,53.1,38,129,55.1,67,227,53.9,111,394,52.4,189,677,54.3,352,1261,54.4,526,1823,54.6,506,1743,53.1,529,1822,53.1,542,1873,52.2,544,1872,54.2,565,1953,54.8,606,2091,54.6,586,2022,54.2,571,1987,53.2,516,1854,52.7,467,1696,54.3,335,1193,55.1,287,1011,54.8,236,827,56.8,186,652,57.8,121,420
171,2020년 12월,동서대로2,64.1,90,361,63.8,60,239,63.2,48,192,63.9,41,163,62.1,58,230,61.2,108,432,60.5,255,1019,60.4,467,1869,59.8,673,2691,59.1,619,2479,59.2,587,2345,59.2,529,2117,59.0,521,2085,57.8,580,2321,57.4,608,2428,57.6,659,2636,56.5,720,2877,56.8,748,2991,56.1,769,3074,58.6,512,2047,60.2,384,1534,59.9,329,1316,61.0,237,949,62.7,135,538
172,2021년 01월,계룡로,54.9,172,639,55.5,115,428,55.6,83,309,55.4,71,268,53.5,84,311,52.7,154,569,49.8,328,1209,47.1,625,2315,42.6,863,3199,45.7,836,3110,44.8,844,3126,45.1,867,3213,45.1,876,3242,43.8,937,3480,42.5,967,3596,42.9,985,3665,43.0,993,3695,42.1,1046,3895,39.5,1038,3860,45.3,796,2938,47.4,675,2487,46.7,635,2344,50.1,408,1501,53.5,252,929
173,2021년 01월,계백로,64.7,109,319,63.9,68,198,63.0,50,147,63.5,45,130,63.4,67,183,62.8,167,442,61.4,398,1032,60.3,772,1956,60.5,930,2376,61.5,830,2185,60.5,876,2313,60.2,892,2374,60.3,870,2322,59.4,943,2497,59.0,986,2604,59.2,976,2590,58.4,1028,2688,57.1,1081,2810,57.0,988,2620,59.8,647,1785,60.0,489,1407,60.3,426,1241,60.9,275,804,62.7,160,471
174,2021년 01월,계족로,56.4,83,279,54.8,57,191,55.2,42,143,53.7,37,127,54.2,58,195,52.9,100,351,51.9,170,608,53.0,294,1061,54.0,475,1645,53.7,472,1629,52.6,497,1713,52.9,516,1784,52.2,527,1818,54.5,551,1906,54.5,590,2034,54.7,580,2005,54.5,555,1917,54.3,511,1818,53.2,445,1615,54.3,313,1117,54.7,265,935,54.6,246,875,56.3,159,561,57.6,108,377
175,2021년 01월,동서대로2,59.8,80,321,59.9,54,216,59.6,41,166,59.0,38,151,58.0,52,206,57.2,93,373,56.5,214,853,56.9,388,1552,58.6,577,2307,57.8,540,2156,57.3,518,2073,57.9,499,1995,57.9,490,1959,57.1,538,2153,56.6,568,2269,56.9,602,2407,56.3,649,2596,56.8,670,2678,54.5,719,2876,56.2,472,1890,57.3,369,1475,56.8,341,1365,57.5,187,747,59.3,115,459
176,2021년 02월,계룡로,57.5,223,826,57.8,149,551,57.5,113,414,57.9,91,336,56.4,103,381,55.5,172,636,52.4,342,1261,50.6,641,2366,44.7,906,3350,47.3,869,3220,45.6,890,3279,45.8,903,3334,46.4,905,3347,45.1,957,3549,43.8,999,3708,43.7,998,3712,43.8,1020,3788,43.5,1068,3978,41.2,1064,3947,46.4,863,3185,49.1,726,2673,48.9,648,2384,52.0,494,1813,56.0,314,1152
177,2021년 02월,계백로,67.4,138,408,67.2,88,259,66.6,66,192,66.9,57,162,66.2,82,224,65.1,192,510,63.6,457,1170,63.4,882,2195,63.2,1062,2679,63.6,987,2540,62.3,1046,2701,62.3,1072,2780,62.1,1043,2718,61.0,1112,2875,60.1,1149,2972,60.2,1149,2970,59.8,1189,3048,57.6,1227,3137,57.2,1130,2941,60.4,784,2120,61.9,584,1643,63.8,491,1398,64.9,353,1017,66.4,209,612
178,2021년 02월,계족로,61.2,127,446,60.3,62,214,58.9,46,160,57.1,39,136,57.5,59,205,57.7,108,387,56.5,184,667,57.5,347,1229,59.4,537,1865,58.5,532,1848,57.1,564,1952,57.2,580,2021,56.8,582,2014,58.6,616,2143,60.1,673,2348,60.3,665,2328,59.7,651,2264,60.0,638,2252,59.6,540,1981,58.3,374,1345,59.0,304,1084,58.8,250,892,60.2,188,667,61.7,129,452
179,2021년 02월,동서대로2,63.5,99,396,62.9,68,274,63.3,52,210,62.6,46,186,61.4,64,256,60.7,105,420,59.7,231,921,62.5,404,1615,64.1,615,2458,62.2,567,2268,60.7,540,2159,61.0,530,2122,61.1,523,2090,60.0,562,2246,59.4,584,2337,59.0,609,2437,57.9,675,2698,58.3,705,2822,57.8,733,2930,59.0,529,2115,60.5,399,1594,60.9,359,1435,61.5,242,969,63.5,144,575
180,2021년 03월,계룡로,58.7,262,961,59.7,180,662,59.6,141,520,59.9,121,454,57.2,135,509,56.1,207,763,52.7,408,1491,49.9,783,2881,43.5,986,3650,47.2,911,3375,46.3,900,3321,46.8,907,3343,46.6,887,3277,45.1,954,3528,44.2,972,3600,44.6,985,3656,44.2,1035,3845,43.5,1095,4081,41.3,1102,4092,46.2,910,3368,49.0,755,2786,48.8,670,2470,51.8,534,1960,56.3,351,1289
181,2021년 03월,계백로,69.6,162,482,69.3,100,300,69.0,77,227,68.2,66,191,67.2,94,261,66.4,234,612,65.2,591,1475,64.3,1042,2590,61.7,1165,2925,63.4,1030,2651,62.7,1032,2664,62.2,1022,2654,61.5,989,2580,60.4,1063,2754,59.7,1099,2852,59.9,1127,2928,60.0,1218,3123,58.8,1298,3299,57.6,1195,3085,60.3,853,2290,62.2,647,1789,64.4,518,1457,65.7,373,1074,67.5,236,692
182,2021년 03월,계족로,60.9,107,365,59.9,72,247,58.8,54,186,58.1,47,164,57.4,76,261,57.6,146,506,56.1,274,955,58.3,494,1712,59.4,638,2217,59.2,594,2070,58.0,583,2027,57.7,587,2042,57.0,575,1986,59.0,609,2126,60.0,648,2255,60.2,654,2285,58.9,695,2429,59.3,715,2507,59.5,684,2439,58.0,491,1733,58.6,377,1313,57.9,299,1035,59.2,232,801,60.2,157,539
183,2021년 03월,동서대로2,64.2,114,456,63.9,79,316,63.5,61,245,63.5,52,206,61.1,79,315,59.8,123,492,61.9,260,1038,65.5,459,1835,64.0,650,2601,62.8,573,2289,61.5,524,2095,61.5,507,2025,61.0,509,2037,60.1,545,2177,59.8,558,2229,59.3,582,2330,59.2,657,2627,58.8,696,2786,58.5,728,2909,58.8,536,2147,60.3,410,1639,60.9,355,1421,60.9,258,1032,62.9,164,657
184,2021년 04월,계룡로,57.7,234,856,58.7,159,582,58.8,121,443,58.2,102,379,56.1,119,439,54.9,209,771,53.0,420,1533,49.5,793,2919,43.3,987,3655,46.6,911,3377,45.8,897,3307,46.2,895,3297,46.4,881,3246,45.5,938,3472,44.3,954,3527,44.3,971,3600,44.0,1022,3798,43.6,1083,4030,41.5,1101,4096,45.4,889,3282,48.3,753,2777,48.3,671,2476,50.9,553,2035,55.5,334,1223
185,2021년 04월,계백로,69.4,153,441,69.3,92,267,69.1,71,202,68.0,62,175,68.5,103,277,68.3,261,671,67.1,655,1620,64.0,1093,2703,60.7,1209,3024,61.9,1074,2749,61.4,1074,2758,60.9,1047,2702,60.1,1014,2624,58.8,1087,2800,58.5,1122,2896,58.3,1148,2967,58.6,1253,3198,58.5,1338,3387,57.3,1252,3201,60.6,881,2326,61.8,665,1828,63.5,543,1518,65.3,402,1148,67.1,236,677
186,2021년 04월,계족로,59.8,101,342,58.4,65,222,54.6,49,169,55.1,45,156,56.6,80,268,57.7,181,623,57.8,343,1183,59.3,554,1912,59.8,688,2408,60.9,629,2208,59.3,611,2131,59.1,619,2165,58.1,596,2079,60.6,635,2227,61.2,673,2364,61.6,684,2402,60.3,739,2605,59.6,784,2767,60.1,764,2705,58.9,565,1976,58.8,432,1495,57.6,344,1184,58.0,271,928,59.9,168,571
187,2021년 04월,동서대로2,63.5,101,405,63.9,67,268,64.6,53,213,63.4,46,184,61.7,70,283,62.0,123,491,67.0,272,1089,66.8,472,1888,64.5,635,2542,62.8,557,2225,62.0,511,2044,61.2,496,1982,60.6,491,1965,59.8,527,2107,60.0,540,2160,60.0,562,2244,59.6,644,2576,59.5,696,2782,59.1,723,2892,59.5,517,2070,59.8,416,1665,59.8,352,1411,60.4,278,1109,62.0,153,613
188,2021년 05월,계룡로,58.3,244,889,59.5,171,626,59.9,133,488,59.7,104,384,57.4,121,440,56.0,200,732,54.0,380,1379,50.6,681,2482,44.8,852,3128,46.8,829,3051,46.0,830,3038,45.7,824,3018,46.1,819,2998,45.3,864,3174,44.2,876,3222,44.7,896,3299,44.2,931,3432,43.9,980,3627,42.9,991,3660,46.3,798,2918,48.7,705,2581,48.6,619,2268,51.5,490,1787,56.1,327,1191
189,2021년 05월,계백로,67.4,172,506,67.1,109,324,66.3,83,243,65.2,72,205,64.9,106,286,65.8,275,699,65.7,626,1552,62.6,1005,2490,58.6,1126,2822,60.4,1043,2678,59.3,1077,2768,58.1,1070,2758,58.3,1040,2690,57.6,1096,2833,57.4,1138,2933,57.4,1157,2984,57.6,1234,3159,56.7,1291,3285,56.3,1213,3115,59.8,874,2309,60.0,689,1888,61.3,561,1557,62.7,397,1127,64.8,248,718
190,2021년 05월,계족로,59.9,116,396,59.6,77,265,57.9,57,196,57.6,54,185,57.6,84,285,56.5,179,613,55.7,316,1079,57.5,498,1712,58.0,596,2059,58.7,562,1947,56.7,566,1957,57.1,575,1991,56.4,577,1994,58.6,596,2074,58.8,634,2203,58.6,632,2198,59.1,663,2300,59.8,697,2426,60.0,679,2376,58.3,506,1755,57.1,417,1432,56.7,337,1155,57.3,253,866,58.8,173,590
191,2021년 05월,동서대로2,62.6,118,472,62.6,79,315,62.9,63,254,61.6,53,212,60.2,74,294,63.1,125,501,65.8,262,1047,64.4,425,1699,62.5,563,2252,60.7,539,2153,60.3,510,2042,59.1,500,2001,59.4,506,2023,59.0,536,2142,59.2,540,2160,59.4,561,2248,58.8,628,2514,58.4,679,2714,57.7,688,2751,60.3,481,1925,58.2,426,1706,57.6,349,1396,59.0,266,1064,60.8,169,673
192,2021년 06월,계룡로,59.3,234,850,60.4,157,572,60.7,123,449,60.7,99,364,58.0,117,425,58.0,200,727,54.8,385,1394,50.9,704,2562,44.1,876,3211,47.5,819,3004,46.9,800,2917,46.9,790,2880,47.1,776,2827,46.0,826,3020,45.2,833,3047,45.6,855,3133,44.8,891,3271,44.1,942,3466,42.2,964,3540,46.9,764,2780,48.6,673,2454,48.8,607,2214,52.0,481,1748,57.0,329,1195
193,2021년 06월,계백로,68.1,178,518,68.4,110,320,67.6,79,233,67.1,73,206,67.1,116,308,69.2,310,783,67.6,679,1674,64.0,1104,2725,60.7,1210,3029,62.1,1058,2719,60.8,1050,2707,59.9,1036,2685,59.5,1000,2603,58.4,1063,2752,58.2,1088,2821,58.6,1115,2891,58.6,1210,3107,57.7,1316,3340,58.1,1248,3194,60.8,896,2358,61.0,693,1892,62.3,584,1614,63.8,420,1187,65.9,268,773
194,2021년 06월,계족로,63.9,114,388,63.9,74,254,62.2,56,193,61.0,53,181,61.3,87,292,62.5,194,665,60.8,339,1164,61.4,536,1851,62.3,626,2171,62.6,568,1973,60.4,573,1996,60.7,578,2014,60.3,555,1924,62.9,581,2024,63.5,604,2103,63.8,613,2138,63.7,658,2295,63.7,705,2470,64.7,708,2507,64.0,504,1753,60.7,412,1423,61.2,333,1147,62.7,254,873,64.3,175,599
195,2021년 06월,동서대로2,62.9,123,490,63.4,81,323,63.1,62,250,62.6,54,218,61.2,75,301,64.1,144,576,63.0,298,1189,61.6,485,1942,60.9,625,2496,60.4,556,2224,59.2,519,2073,58.8,505,2017,58.9,500,2001,58.4,533,2133,58.0,541,2166,58.0,566,2267,57.5,642,2568,56.9,709,2835,56.0,735,2941,60.0,501,2005,57.5,425,1703,58.4,375,1501,59.6,294,1174,61.5,186,747
196,2021년 07월,계룡로,59.5,236,862,59.8,158,575,59.5,119,436,59.4,96,351,57.1,121,445,58.0,216,792,55.8,418,1528,53.0,754,2772,46.7,952,3515,49.4,892,3305,48.8,886,3262,48.9,897,3302,49.2,879,3235,48.5,923,3410,47.4,931,3437,47.1,949,3509,46.9,990,3670,46.3,1054,3916,44.4,1069,3968,48.9,849,3116,50.3,743,2735,50.6,659,2424,53.2,532,1953,57.5,353,1297
197,2021년 07월,계백로,66.6,159,458,66.2,97,276,65.5,70,202,65.2,66,182,65.4,116,304,67.2,308,774,66.9,664,1636,64.0,1059,2609,60.4,1153,2889,61.3,1032,2656,60.4,1041,2687,59.8,1044,2702,59.5,1008,2619,58.7,1044,2707,57.8,1079,2791,57.6,1101,2850,57.2,1180,3027,56.8,1273,3245,57.5,1202,3096,59.3,857,2267,58.1,658,1815,60.3,541,1509,63.1,399,1135,65.9,251,722
198,2021년 07월,계족로,73.8,90,311,72.5,61,210,70.5,52,180,69.9,48,164,72.9,74,254,72.9,162,564,71.2,299,1039,72.6,474,1647,72.7,568,1989,73.1,527,1848,71.1,530,1859,71.2,534,1873,70.8,529,1857,73.1,548,1931,74.0,567,1989,74.3,569,2005,74.4,603,2127,74.4,644,2277,74.6,650,2328,76.0,445,1567,77.5,336,1185,76.4,270,950,76.5,209,729,75.5,140,483
199,2021년 07월,동서대로2,63.4,114,454,63.5,73,294,63.5,57,230,63.3,52,206,62.2,78,310,62.4,157,627,62.4,312,1248,61.6,480,1920,60.2,641,2563,59.6,563,2250,59.2,530,2121,59.0,529,2114,59.1,519,2075,58.5,547,2190,58.1,552,2207,57.9,581,2323,57.7,634,2538,57.4,702,2810,56.8,728,2912,58.9,493,1973,58.2,427,1704,59.3,373,1491,60.5,296,1182,62.9,178,712
200,2021년 08월,계룡로,63.3,188,681,61.8,129,467,62.1,98,359,61.0,80,290,59.9,104,382,63.3,185,674,63.1,365,1323,63.7,666,2438,59.2,866,3181,61.0,795,2924,60.7,796,2906,60.8,805,2951,60.8,801,2929,58.4,852,3134,58.9,856,3150,59.0,873,3214,58.6,903,3326,59.1,956,3520,57.1,1001,3698,57.2,769,2805,59.5,656,2389,60.1,569,2082,61.0,461,1682,62.2,274,994
201,2021년 08월,계백로,60.0,124,347,59.9,78,220,61.1,60,166,62.0,55,153,64.5,106,274,65.6,281,699,67.2,586,1443,66.0,923,2270,61.4,1032,2590,60.2,922,2382,58.3,973,2506,59.8,992,2566,59.4,993,2565,59.5,1020,2639,59.0,1082,2788,59.5,1079,2794,59.0,1135,2906,56.2,1210,3078,56.7,1137,2929,56.7,784,2065,57.5,595,1634,59.6,477,1325,61.6,355,1002,61.4,194,543
202,2021년 08월,계족로,71.1,71,246,69.4,52,178,71.4,41,141,71.8,40,139,71.1,67,233,70.6,150,520,69.2,293,1011,69.1,433,1481,69.1,535,1851,69.9,499,1727,68.6,517,1799,68.6,509,1770,68.5,512,1779,69.8,533,1862,70.6,560,1953,72.1,561,1969,72.0,587,2052,71.6,608,2128,72.2,596,2099,74.5,410,1438,76.4,286,1004,77.0,217,761,76.7,174,609,74.9,103,356
203,2021년 08월,동서대로2,61.8,83,333,62.2,61,241,64.3,48,192,63.1,48,190,61.5,65,260,62.7,132,528,62.1,264,1054,61.8,413,1653,58.9,586,2343,58.2,522,2087,57.4,485,1942,58.1,483,1933,58.7,476,1906,58.0,513,2054,58.1,516,2065,58.9,542,2168,58.2,587,2348,56.3,634,2538,55.9,682,2726,57.4,445,1780,57.5,379,1516,60.2,321,1284,62.3,263,1052,63.2,125,499
