,PM2.5,PM10,교통량합계,평균기온,일강수량,평균풍속,TPM2.5,TPM10,BPM2.5,BPM10,JPM2.5,JPM10
0,24.0,42.0,108656.0,22.0,0.0,1.8,40,67,23,57,72,164
1,14.0,34.0,114477.0,20.6,0.0,1.5,14,52,23,65,44,132
2,11.0,25.0,111557.0,20.6,0.0,1.8,30,54,29,56,28,79
3,14.0,31.0,57121.0,21.2,0.0,1.4,35,70,48,93,48,114
4,14.0,35.0,112199.0,22.6,0.0,1.3,52,97,65,115,23,63
5,11.0,32.0,93926.0,18.7,9.5,1.4,38,45,37,32,30,48
6,12.0,21.0,105052.0,17.8,4.5,1.6,49,56,47,50,40,76
7,23.0,46.0,108703.0,20.3,0.0,1.7,55,98,25,54,43,102
8,28.0,51.0,112822.0,22.3,0.0,2.2,39,96,29,90,35,76
9,35.0,61.0,110838.0,22.7,0.0,2.0,12,59,21,69,76,162
10,15.0,41.0,92274.0,23.3,0.0,1.3,23,72,33,85,70,133
11,13.0,32.0,108882.0,21.9,0.0,1.4,32,67,34,78,54,132
12,13.0,36.0,108516.0,21.9,0.0,1.5,46,66,40,62,67,140
13,22.0,49.0,109120.0,21.8,0.0,1.4,57,94,37,60,97,193
14,25.0,53.0,109127.0,23.3,0.0,2.1,63,123,38,95,85,158
15,33.0,62.0,112594.0,25.0,0.0,1.3,67,115,59,131,65,124
16,24.0,46.0,111319.0,24.9,0.0,1.1,55,117,82,159,50,106
17,26.0,44.0,92599.0,25.1,0.0,1.3,45,104,70,124,42,94
18,29.0,50.0,108087.0,26.2,0.0,1.1,65,121,37,70,44,87
19,33.0,49.0,109456.0,25.5,0.0,0.9,24,49,32,64,61,115
20,30.0,47.0,109322.0,25.2,0.0,1.8,35,62,48,79,58,98
21,23.0,35.0,109910.0,25.6,0.0,1.4,47,48,33,29,59,116
22,23.0,36.0,112333.0,27.5,0.0,1.4,29,28,19,12,56,99
23,29.0,44.0,108693.0,24.1,4.5,1.1,41,42,21,26,44,84
24,26.0,48.0,92206.0,25.0,0.0,1.3,52,58,26,43,36,70
25,20.0,31.0,108679.0,23.8,3.0,1.2,50,78,24,44,43,93
26,24.0,40.0,107833.0,24.4,23.0,1.2,71,98,70,96,53,95
27,25.0,37.0,107717.0,25.1,5.5,1.3,73,108,98,125,64,107
28,37.0,53.0,108270.0,26.2,0.0,1.1,77,108,52,77,58,94
29,45.0,61.0,113039.0,26.9,0.0,1.4,72,100,72,113,61,100
30,17.0,29.0,105991.0,24.1,21.0,0.7,88,117,89,132,73,124
31,12.0,21.0,88273.0,26.1,32.5,0.9,38,58,88,108,63,118
32,12.0,19.0,104190.0,25.6,75.0,2.1,39,51,61,72,74,148
33,14.0,19.0,105188.0,26.2,19.5,1.7,42,60,48,51,63,118
34,29.0,38.0,109859.0,28.0,0.0,1.0,41,54,82,80,60,109
35,21.0,32.0,106714.0,26.4,4.0,0.9,78,90,70,79,38,69
36,10.0,17.0,111904.0,27.2,3.0,0.7,58,64,32,38,34,56
37,10.0,12.0,104923.0,26.4,55.0,0.8,62,102,41,61,29,60
38,11.0,15.0,91340.0,27.6,40.5,0.9,56,87,73,94,29,51
39,12.0,17.0,106014.0,26.8,18.5,1.0,29,57,25,55,34,86
40,26.0,35.0,105961.0,27.0,4.5,2.1,56,114,48,94,31,72
41,34.0,43.0,109842.0,27.9,0.0,1.5,43,87,74,132,26,60
42,30.0,35.0,109941.0,27.6,0.0,1.2,45,81,63,90,24,56
43,21.0,29.0,113667.0,27.6,3.5,1.2,47,115,34,63,24,55
44,9.0,8.0,106380.0,25.4,24.5,1.2,56,88,40,45,27,59
45,9.0,10.0,90871.0,27.6,0.0,1.9,47,48,67,83,30,59
46,11.0,14.0,107020.0,25.8,9.5,1.2,31,47,54,68,48,87
47,12.0,17.0,107295.0,25.7,2.0,1.2,76,89,60,61,27,56
48,24.0,30.0,109707.0,28.2,0.0,1.0,44,56,75,74,25,43
49,36.0,42.0,110185.0,29.2,0.0,1.3,63,88,99,105,25,51
50,33.0,41.0,114121.0,30.0,0.0,1.3,26,36,22,23,30,59
51,33.0,39.0,109597.0,29.6,0.0,1.3,33,35,23,34,82,174
52,31.0,38.0,90666.0,27.9,0.5,1.2,53,59,44,59,79,165
53,39.0,50.0,105979.0,28.5,2.0,1.2,95,89,40,54,100,182
54,19.0,27.0,108601.0,28.4,30.0,1.4,46,57,32,52,90,163
55,8.0,15.0,108339.0,27.9,0.0,1.7,29,50,22,34,43,104
56,12.0,19.0,108914.0,28.0,0.0,1.1,79,82,40,66,42,76
57,20.0,29.0,111860.0,28.4,1.0,1.4,77,93,28,56,76,146
58,12.0,19.0,105536.0,27.2,0.5,1.5,39,43,31,58,28,50
59,13.0,18.0,92147.0,27.6,8.0,1.1,49,67,38,66,98,168
60,13.0,17.0,105235.0,24.9,36.0,0.7,52,61,80,101,124,211
61,7.0,14.0,106805.0,27.1,21.0,0.8,36,45,66,72,36,79
62,10.0,19.0,108590.0,29.4,0.0,1.0,23,38,34,42,31,82
63,12.0,19.0,106559.0,28.7,0.0,2.0,18,31,23,57,27,54
64,15.0,20.0,108030.0,30.3,0.0,1.2,50,75,21,43,34,73
65,11.0,16.0,104497.0,31.9,0.0,1.2,38,51,27,57,52,102
66,10.0,20.0,90181.0,30.1,36.5,1.1,33,56,17,34,59,100
67,16.0,26.0,106369.0,29.0,0.0,1.4,29,63,11,35,44,89
68,23.0,35.0,106806.0,28.5,0.0,0.9,36,61,29,69,48,108
69,20.0,31.0,104212.0,24.7,21.0,0.9,26,36,24,34,44,89
70,12.0,23.0,107041.0,26.3,46.0,1.1,54,69,65,83,47,103
71,11.0,25.0,111121.0,26.2,54.5,0.7,91,116,88,95,50,91
72,9.0,28.0,105095.0,26.9,0.0,1.0,53,77,31,35,52,89
73,7.0,21.0,87318.0,24.9,2.5,1.5,47,56,40,47,33,68
74,5.0,16.0,103671.0,22.8,64.0,1.4,18,31,28,39,12,30
75,5.0,13.0,89066.0,23.6,44.0,1.2,33,57,55,75,26,51
76,6.0,17.0,105889.0,25.6,3.5,0.9,40,54,56,67,45,83
77,7.0,20.0,106525.0,26.1,0.0,1.2,37,51,23,35,24,54
78,13.0,30.0,111522.0,26.6,0.0,0.9,42,54,53,68,42,81
79,16.0,34.0,107367.0,25.5,4.0,0.8,31,46,42,43,43,82
80,11.0,26.0,91969.0,26.4,5.5,1.4,46,58,60,69,50,83
81,9.0,22.0,105445.0,24.8,43.5,0.8,45,69,72,94,38,74
82,12.0,28.0,107410.0,27.6,0.0,1.1,65,89,72,81,44,74
83,6.0,23.0,107750.0,28.9,1.5,1.5,35,53,20,32,33,57
84,6.0,22.0,105500.0,28.2,49.0,2.4,36,58,13,37,30,58
85,17.0,39.0,115425.0,27.0,0.0,1.2,18,60,10,38,35,90
86,15.0,39.0,113164.0,24.3,0.0,1.1,28,71,15,56,26,80
87,14.0,37.0,95069.0,24.3,0.0,0.9,19,26,17,26,39,103
88,15.0,38.0,111035.0,25.3,24.0,1.1,29,30,19,23,20,38
89,13.0,42.0,110457.0,22.2,0.0,1.7,23,48,17,50,36,68
90,15.0,50.0,111112.0,18.9,0.0,1.1,19,32,52,87,18,33
91,22.0,54.0,112320.0,22.1,0.0,1.1,43,54,83,99,28,55
92,16.0,40.0,116545.0,22.3,0.0,0.9,59,70,139,145,39,78
93,9.0,28.0,111253.0,21.5,0.0,0.9,47,63,103,105,39,85
94,9.0,25.0,96599.0,22.3,0.0,0.8,63,82,58,81,43,88
95,15.0,27.0,111169.0,23.0,0.0,1.1,57,75,88,107,27,57
96,18.0,46.0,108984.0,21.2,0.5,0.7,59,76,39,85,28,53
97,17.0,50.0,108809.0,21.3,2.0,0.8,61,85,16,53,35,60
98,23.0,61.0,110846.0,22.3,0.0,0.9,76,104,48,105,32,59
99,35.0,69.0,115851.0,23.1,0.0,0.8,89,119,118,152,33,68
100,36.0,74.0,114513.0,23.0,0.0,0.7,66,82,101,119,42,86
101,30.0,60.0,96182.0,22.9,0.0,0.7,47,66,86,107,32,72
102,15.0,37.0,108160.0,20.5,69.0,1.2,35,66,20,43,38,89
103,19.0,52.0,110004.0,22.4,0.0,1.1,38,80,23,65,38,101
104,13.0,40.0,112958.0,21.1,0.0,0.9,52,96,74,125,32,86
105,13.0,39.0,113601.0,21.6,0.0,1.1,51,87,85,118,29,90
106,7.0,32.0,116460.0,21.7,0.0,2.1,72,101,60,102,44,123
107,6.0,27.0,114957.0,21.4,0.0,1.7,119,134,91,124,58,128
108,7.0,23.0,99409.0,22.4,0.0,1.4,40,65,11,47,58,127
109,12.0,37.0,111206.0,21.6,0.0,1.3,51,109,23,73,75,153
110,41.0,85.0,106308.0,23.5,0.0,1.7,23,70,13,48,44,114
111,20.0,55.0,97010.0,20.6,2.5,1.5,23,77,14,58,26,109
112,14.0,39.0,109418.0,19.4,0.0,0.7,48,108,59,124,42,103
113,18.0,39.0,112185.0,20.3,0.0,0.9,23,94,23,94,43,134
114,24.0,45.0,108514.0,20.8,0.0,0.7,43,171,50,192,52,142
115,34.0,45.0,93723.0,23.0,0.0,1.0,104,160,64,157,42,82
116,38.0,62.0,107566.0,23.4,0.0,0.9,79,87,76,127,37,76
117,26.0,56.0,108495.0,23.7,0.0,0.8,34,66,48,77,40,86
118,15.0,40.0,106698.0,19.2,36.5,1.0,15,40,28,61,18,72
119,14.0,41.0,113555.0,20.6,0.0,1.4,14,39,10,37,18,82
120,13.0,39.0,117359.0,15.9,0.0,1.1,63,124,45,103,45,119
121,17.0,42.0,110254.0,17.8,0.0,0.6,72,104,113,154,37,82
122,15.0,37.0,90462.0,16.0,12.0,0.8,73,112,69,89,39,72
123,11.0,26.0,98868.0,19.1,3.5,0.6,14,59,13,43,20,67
124,16.0,49.0,84867.0,18.8,0.0,1.0,22,48,16,39,23,65
125,12.0,41.0,89114.0,17.7,0.0,1.2,42,58,30,62,29,68
126,7.0,30.0,81267.0,18.2,0.0,1.4,38,57,55,78,29,66
127,7.0,24.0,86330.0,17.0,1.5,0.8,57,76,67,88,52,120
128,9.0,29.0,95932.0,19.7,0.5,0.6,91,86,114,128,84,148
129,10.0,23.0,87753.0,21.4,0.0,0.6,89,60,123,102,92,135
130,13.0,29.0,93862.0,22.1,0.0,0.7,36,20,29,24,45,73
131,13.0,31.0,100265.0,22.7,0.0,0.9,11,11,6,7,8,14
132,11.0,30.0,100174.0,17.9,11.0,1.4,23,34,11,20,24,46
133,14.0,43.0,99932.0,12.8,2.5,1.0,44,62,22,37,44,87
134,19.0,55.0,107174.0,12.3,0.0,1.0,88,98,38,54,62,110
135,16.0,48.0,110154.0,14.0,0.0,1.0,46,63,15,33,109,201
136,11.0,40.0,93524.0,15.1,0.0,1.0,89,97,50,53,93,166
137,14.0,44.0,107090.0,16.4,0.0,1.0,50,61,41,54,119,206
138,18.0,48.0,107990.0,15.9,0.0,0.8,34,62,70,77,88,165
139,9.0,39.0,105905.0,16.3,0.0,1.4,62,58,69,44,61,105
140,10.0,36.0,108980.0,16.9,0.0,1.2,84,73,56,40,74,125
141,12.0,36.0,48175.0,16.7,0.0,0.8,95,91,98,79,74,125
142,13.0,41.0,112677.0,16.2,0.0,0.7,71,79,73,71,76,134
143,10.0,32.0,94609.0,16.5,0.0,1.6,30,57,39,48,57,120
144,12.0,44.0,109922.0,13.3,0.0,1.1,29,56,36,43,28,75
145,17.0,56.0,89582.0,12.4,0.0,0.6,50,70,70,72,33,92
146,25.0,66.0,108705.0,12.5,0.0,0.6,86,112,110,92,62,152
147,35.0,81.0,107769.0,13.1,0.0,0.6,160,158,153,123,64,138
148,44.0,90.0,110437.0,14.6,0.0,0.6,203,183,170,123,82,156
149,15.0,62.0,113371.0,15.5,0.0,0.7,75,85,43,55,86,174
150,15.0,75.0,96137.0,12.3,0.0,1.5,13,28,8,23,9,52
151,18.0,57.0,109326.0,7.7,0.0,1.0,36,62,19,44,23,83
152,16.0,58.0,94880.0,8.9,0.0,0.7,75,121,62,105,42,114
153,21.0,64.0,107699.0,12.9,0.0,1.0,85,133,65,100,65,149
154,29.0,71.0,105564.0,13.9,0.0,0.5,126,144,52,87,124,227
155,28.0,71.0,109676.0,11.8,0.0,1.4,22,47,8,28,42,101
156,34.0,74.0,109914.0,8.5,0.0,1.2,46,71,38,64,25,74
157,35.0,76.0,95493.0,7.3,0.0,0.6,54,88,101,120,35,86
158,31.0,72.0,108387.0,9.1,0.0,0.6,86,120,152,144,42,97
159,27.0,66.0,94941.0,14.0,0.0,0.5,88,131,81,99,92,188
160,28.0,95.0,95119.0,15.0,0.0,1.6,17,48,20,45,88,238
161,20.0,66.0,108694.0,9.2,0.0,0.5,63,117,53,94,30,120
162,20.0,72.0,109494.0,10.5,2.0,1.5,22,66,7,37,31,98
163,13.0,88.0,111895.0,6.7,0.0,1.2,26,46,18,38,25,84
164,20.0,56.0,95119.0,5.7,0.0,0.6,82,125,56,93,46,114
165,30.0,73.0,105285.0,7.7,0.0,0.7,63,108,26,71,62,133
166,19.0,68.0,106720.0,9.4,0.0,1.4,13,36,11,32,31,102
167,11.0,53.0,94034.0,6.3,0.0,1.6,24,49,16,38,50,132
168,16.0,52.0,106734.0,3.4,0.0,1.0,44,77,58,87,90,202
169,27.0,74.0,109719.0,5.2,0.0,0.7,39,70,22,58,75,188
170,18.0,62.0,107577.0,1.1,0.0,2.3,26,41,40,62,14,42
171,13.0,45.0,93787.0,0.1,0.0,1.3,94,128,89,118,42,99
172,19.0,58.0,106947.0,4.2,0.0,1.3,151,172,105,129,99,171
173,28.0,63.0,107049.0,2.8,0.0,0.6,146,168,119,158,81,142
174,28.0,86.0,105946.0,5.2,0.0,0.9,11,51,7,31,47,128
175,11.0,46.0,105620.0,2.1,0.5,1.2,14,42,7,29,35,107
176,13.0,37.0,111891.0,1.4,6.0,1.1,20,45,22,50,23,85
177,18.0,66.0,106208.0,6.5,0.0,1.7,54,99,39,74,71,169
178,24.0,65.0,91512.0,7.7,3.0,1.8,18,45,12,30,63,148
179,40.0,89.0,106872.0,3.7,0.0,0.5,60,94,70,96,60,140
180,44.0,96.0,104619.0,6.2,0.0,0.6,63,119,37,76,80,178
181,25.0,84.0,107363.0,6.9,0.0,1.4,16,48,14,36,36,103
182,10.0,47.0,106125.0,0.9,0.0,1.6,26,51,26,52,55,132
183,13.0,43.0,111249.0,-0.3,0.0,1.2,73,103,73,106,84,166
184,19.0,57.0,106055.0,2.3,0.0,0.5,185,223,152,220,99,174
185,31.0,68.0,91653.0,6.6,0.0,0.8,128,134,48,77,125,200
186,28.0,66.0,104310.0,2.9,0.0,1.9,13,29,6,22,24,64
187,12.0,43.0,104364.0,-2.5,0.0,1.5,59,94,25,51,45,100
188,24.0,50.0,99014.0,1.8,0.5,0.8,60,99,23,52,95,149
189,26.0,60.0,103408.0,3.8,2.5,1.4,22,40,9,28,95,175
190,15.0,49.0,107569.0,-1.1,0.0,1.5,32,67,23,48,27,80
191,17.0,54.0,102343.0,1.1,0.0,0.6,103,160,34,63,55,126
192,25.0,57.0,86153.0,3.7,1.5,1.4,20,59,7,46,83,156
193,10.0,53.0,102537.0,-3.4,0.0,2.3,13,32,6,21,38,122
194,15.0,52.0,103945.0,-5.7,0.0,1.6,18,37,14,27,38,92
195,17.0,50.0,102143.0,-5.3,0.0,1.0,50,86,32,50,94,189
196,35.0,73.0,104479.0,-4.5,0.0,0.6,60,74,74,87,126,176
197,41.0,77.0,106992.0,-1.2,0.0,0.6,60,71,33,55,135,183
198,26.0,52.0,104789.0,-1.7,0.0,2.0,11,55,8,39,59,111
199,17.0,52.0,89767.0,-4.4,0.0,1.0,46,84,28,52,31,81
200,26.0,61.0,102316.0,1.3,0.0,1.3,33,68,12,47,56,118
201,20.0,60.0,100807.0,-1.5,0.0,1.5,28,55,37,72,42,101
202,21.0,45.0,101415.0,-1.2,0.5,0.7,43,73,20,43,64,130
203,27.0,45.0,100904.0,-0.1,0.0,0.5,74,111,53,77,40,102
204,34.0,53.0,107729.0,1.9,0.0,0.6,82,118,36,61,88,150
205,55.0,90.0,103251.0,4.9,0.0,0.4,77,117,32,57,135,220
206,41.0,56.0,83058.0,4.0,19.0,1.2,34,79,13,49,70,153
207,16.0,46.0,86678.0,0.4,0.0,2.0,27,49,31,50,41,112
208,15.0,37.0,101472.0,-0.6,0.0,2.0,27,52,25,44,85,198
209,13.0,36.0,104460.0,-3.9,0.0,1.3,68,96,76,89,94,189
210,29.0,54.0,103699.0,-1.2,0.0,0.7,134,187,109,110,148,248
211,52.0,77.0,106780.0,3.3,0.0,0.8,189,218,175,168,269,378
212,75.0,115.0,98822.0,3.7,0.5,0.6,192,214,111,118,230,410
213,28.0,80.0,87094.0,2.0,0.5,1.6,175,207,32,67,105,192
214,25.0,57.0,78183.0,-0.6,0.0,0.6,76,97,34,63,126,247
215,36.0,75.0,99018.0,-0.3,0.0,0.7,42,55,28,50,145,244
216,16.0,45.0,101731.0,-1.7,0.0,1.2,14,28,11,28,35,70
217,26.0,60.0,99633.0,-2.3,0.0,0.9,25,49,15,30,41,81
218,36.0,68.0,105702.0,-0.4,0.0,1.0,78,113,32,54,59,104
219,28.0,51.0,100236.0,-0.5,0.0,0.7,68,93,16,30,84,153
220,42.0,69.0,81532.0,-0.8,0.0,0.5,112,130,38,57,120,154
221,47.0,63.0,96894.0,1.6,1.5,1.1,15,68,12,60,58,127
222,19.0,35.0,92734.0,-1.3,1.0,2.1,20,62,7,35,27,96
223,15.0,31.0,86559.0,-4.5,0.5,1.7,9,28,6,21,20,61
224,17.0,32.0,90831.0,-8.3,0.0,1.4,13,30,13,25,17,51
225,18.0,37.0,101811.0,-8.0,0.0,1.1,65,103,61,81,41,85
226,32.0,47.0,98728.0,-1.5,0.0,0.8,105,127,106,122,59,106
227,44.0,62.0,82856.0,0.7,0.0,0.5,120,148,133,137,72,128
228,45.0,62.0,101341.0,5.4,0.0,1.0,57,82,32,58,131,212
229,55.0,76.0,97899.0,4.0,3.5,0.5,41,105,45,177,154,257
230,30.0,39.0,99054.0,4.2,11.0,0.8,70,138,42,104,204,285
231,69.0,135.0,100760.0,4.3,0.0,1.1,78,123,63,105,199,312
232,44.0,100.0,106502.0,0.5,0.0,0.6,143,197,81,122,214,292
233,41.0,89.0,101684.0,0.8,0.0,0.6,82,114,31,75,174,247
234,65.0,137.0,84715.0,1.5,0.0,0.5,25,57,37,77,205,298
235,43.0,92.0,97929.0,3.4,1.0,1.4,41,51,22,47,67,101
236,17.0,46.0,99154.0,-6.6,0.0,2.6,17,36,11,32,36,66
237,11.0,46.0,98668.0,-11.1,0.0,2.4,41,58,17,33,39,79
238,14.0,42.0,99998.0,-10.3,0.0,1.6,42,61,9,23,50,91
239,17.0,44.0,103566.0,-10.8,0.0,1.8,57,65,29,41,46,81
240,36.0,76.0,98567.0,-8.0,0.0,0.8,69,70,84,95,92,147
241,23.0,53.0,81942.0,-3.0,0.0,1.6,31,65,11,67,78,100
242,18.0,61.0,101193.0,-6.0,0.0,1.7,23,86,8,61,112,155
243,18.0,61.0,99820.0,-4.4,0.0,1.0,55,80,11,36,83,130
244,21.0,62.0,48391.0,0.1,0.0,1.1,20,79,22,74,84,140
245,26.0,66.0,101625.0,-1.6,0.0,1.0,51,109,30,85,65,136
246,33.0,71.0,92212.5,-2.7,0.0,0.7,11,44,8,30,28,90
247,18.0,50.0,100544.0,-4.5,0.0,2.3,14,31,8,21,38,91
248,13.0,40.0,84513.0,-6.9,0.0,2.0,20,40,19,36,56,114
249,14.0,43.0,101525.0,-7.3,0.0,1.9,19,37,7,18,40,83
250,19.0,43.0,100851.0,-7.7,0.0,1.7,32,50,47,61,36,80
251,23.0,60.0,101721.0,-6.8,0.0,0.8,52,78,33,52,54,118
252,43.0,79.0,103514.0,-3.9,0.0,0.7,59,73,53,76,49,101
253,48.0,87.0,105962.0,1.6,0.0,0.9,0,0,40,109,84,195
254,33.0,80.0,102772.0,1.0,0.0,1.7,15,46,10,44,23,100
255,12.0,50.0,81068.0,-3.5,0.5,2.0,18,72,9,84,39,138
256,16.0,44.0,99633.0,-4.7,0.0,1.7,28,74,12,56,32,95
257,14.0,42.0,104344.0,-0.3,0.5,1.9,61,94,58,79,50,125
258,30.0,70.0,109742.0,5.4,0.0,1.8,40,68,13,33,64,132
259,23.0,63.0,83956.0,1.3,0.0,1.3,70,95,53,66,43,69
260,23.0,54.0,84218.0,0.7,0.0,1.0,124,162,80,101,86,125
261,15.0,50.0,80539.0,-0.7,0.0,1.6,62,81,82,92,117,158
262,19.0,53.0,81822.0,0.4,0.0,0.7,95,112,116,109,52,78
263,39.0,78.0,102547.0,2.8,0.0,0.7,117,132,141,131,78,118
264,50.0,96.0,101078.0,2.6,0.0,1.1,98,102,45,42,138,179
265,20.0,54.0,103205.0,0.7,0.0,1.4,92,103,33,43,100,129
266,27.0,57.0,104350.0,0.5,0.0,1.1,89,107,18,45,91,134
267,41.0,71.0,104290.0,5.8,0.0,2.0,94,142,23,54,59,109
268,52.0,106.0,103240.0,6.0,0.0,1.4,12,31,30,74,36,112
269,30.0,65.0,86036.0,4.6,0.0,1.1,35,47,60,71,69,124
270,30.0,61.0,105883.0,4.0,0.0,0.8,142,165,123,121,96,152
271,29.0,62.0,103879.0,6.5,0.0,0.8,121,133,168,170,138,216
272,21.0,40.0,101898.0,5.3,28.0,1.5,110,141,87,116,126,167
273,26.0,59.0,91325.0,2.4,0.5,2.6,14,50,17,50,34,97
274,28.0,71.0,107927.0,1.7,0.0,1.1,60,113,77,103,46,93
275,28.0,58.0,101293.0,8.6,0.0,0.6,119,140,165,189,57,78
276,20.0,33.0,87460.0,15.3,10.5,1.0,54,160,57,198,57,75
277,8.0,12.0,98019.0,7.0,13.0,1.7,30,73,48,130,30,62
278,16.0,47.0,102649.0,6.1,0.0,0.9,24,52,46,65,51,109
279,13.0,38.0,103377.0,5.9,2.5,1.8,44,70,47,64,50,101
280,25.0,33.0,97256.0,3.2,9.5,1.1,45,60,43,72,59,91
281,50.0,88.0,104935.0,3.2,0.0,1.0,64,91,103,106,65,125
282,31.0,60.0,106319.0,4.4,0.0,1.3,77,112,117,125,99,172
283,36.0,68.0,89904.0,7.7,0.0,1.1,65,80,62,69,155,249
284,51.0,105.0,105155.0,8.7,0.0,0.9,132,144,142,137,64,123
285,28.0,61.0,104902.0,13.0,0.0,1.3,272,255,233,189,41,81
286,16.0,36.0,107141.0,16.3,0.0,1.0,127,105,226,176,46,80
287,16.0,23.0,97887.0,13.5,21.5,0.9,42,109,20,72,62,146
288,12.0,31.0,107422.0,6.7,1.5,1.9,27,47,32,60,22,59
289,16.0,39.0,107312.0,7.6,0.0,1.1,38,47,61,60,64,143
290,44.0,62.0,88294.0,7.9,6.5,0.6,92,73,103,71,88,107
291,16.0,30.0,97639.0,8.4,16.5,1.7,83,96,69,59,86,123
292,7.0,34.0,102048.0,6.0,0.0,2.8,21,53,23,39,25,66
293,9.0,20.0,94940.0,1.1,8.5,1.3,42,76,58,82,42,86
294,14.0,42.0,103900.0,5.0,0.0,1.6,79,97,83,100,74,139
295,34.0,67.0,109475.0,6.4,0.0,1.1,149,168,105,126,84,145
296,56.0,89.0,104508.0,8.5,0.0,1.5,160,140,88,99,46,81
297,60.0,105.0,90224.0,10.5,0.0,1.4,90,103,54,89,73,124
298,46.0,86.0,105072.0,12.3,0.0,1.2,98,113,115,133,63,123
299,34.0,70.0,102843.0,14.3,0.0,1.6,86,134,183,182,49,107
300,28.0,54.0,104996.0,15.1,0.0,1.6,0,0,0,0,64,137
301,30.0,55.0,102530.0,16.3,0.0,0.8,23,109,37,164,75,191
302,28.0,62.0,110438.0,15.7,0.0,1.3,46,84,39,81,54,158
303,32.0,79.0,105661.0,15.9,0.0,1.2,111,156,97,146,59,118
304,28.0,82.0,89729.0,16.1,0.0,1.1,163,186,163,198,92,169
305,23.0,59.0,104136.0,18.1,0.0,1.2,0,0,206,225,76,172
306,17.0,57.0,105679.0,19.1,0.0,1.3,19,145,12,87,0,0
307,11.0,25.0,100822.0,13.2,14.0,1.5,28,30,22,20,22,51
308,4.0,9.0,99006.0,8.4,16.5,1.4,51,56,50,95,57,81
309,20.0,96.0,106161.0,8.0,18.0,2.2,22,96,14,68,33,117
310,18.0,65.0,105168.0,5.3,0.0,3.0,14,40,18,47,18,72
311,15.0,46.0,89810.0,8.4,0.0,2.6,34,66,38,82,39,133
312,29.0,83.0,105795.0,12.2,0.0,1.2,69,129,81,118,42,140
313,19.0,48.0,106213.0,16.9,0.5,2.2,0,0,47,109,0,0
314,19.0,57.0,106737.0,16.1,5.5,2.5,21,55,18,57,33,109
315,15.0,46.0,106667.0,14.3,0.0,1.4,28,108,29,102,54,171
316,14.0,53.0,107824.0,13.7,0.0,1.3,29,52,37,57,27,54
317,18.0,25.0,100508.0,9.2,31.5,1.5,20,127,26,175,34,101
318,22.0,106.0,92723.0,10.2,0.0,2.4,26,141,23,77,35,130
319,25.0,62.0,106071.0,11.6,0.0,1.1,56,165,67,152,43,176
320,34.0,74.0,104490.0,14.0,0.0,1.0,56,200,89,201,48,181
321,29.0,108.0,105865.0,13.8,0.0,1.2,62,190,101,197,49,163
322,25.0,54.0,106067.0,14.9,0.0,1.4,70,156,112,179,43,118
323,40.0,96.0,110519.0,19.2,0.0,1.1,87,144,115,146,42,104
324,30.0,62.0,107683.0,19.7,0.0,1.2,59,77,63,67,52,108
325,22.0,45.0,87621.0,16.8,1.0,1.2,17,27,10,18,30,40
326,14.0,20.0,96461.0,11.7,40.0,1.8,27,44,16,29,40,56
327,4.0,13.0,100680.0,12.4,3.0,1.3,30,47,18,33,37,71
328,17.0,27.0,108054.0,14.5,0.0,1.1,45,70,31,61,36,82
329,25.0,40.0,105828.0,15.7,0.0,1.4,96,121,85,103,58,106
330,35.0,54.0,109869.0,16.0,0.0,1.4,31,180,39,163,54,141
331,34.0,62.0,106765.0,16.2,0.0,1.4,78,128,88,159,48,119
332,21.0,39.0,90681.0,16.8,0.0,1.2,51,100,133,156,44,94
333,37.0,65.0,104162.0,20.8,0.0,1.1,24,72,26,62,69,139
334,36.0,64.0,104033.809980589,21.4,1.0,1.0,54,100,38,171,95,143
335,16.0,25.0,104601.805521004,17.7,10.0,2.0,29,40,15,38,21,45
336,17.0,49.0,100871.0,12.6,0.0,3.2,14,44,14,50,20,59
337,14.0,45.0,111566.0,15.3,0.0,3.2,41,93,56,105,25,92
338,18.0,40.0,100546.0,19.3,0.0,1.9,43,110,0,0,26,56
339,13.0,13.0,86908.0,16.1,16.5,0.9,44,127,55,174,50,88
340,11.0,14.0,95521.0,17.3,6.0,1.0,37,101,51,124,58,138
341,9.0,27.0,109427.0,16.6,0.0,1.8,26,82,28,75,51,135
342,14.0,31.0,106328.0,16.1,0.0,1.4,38,91,43,92,38,104
343,20.0,41.0,107527.0,16.9,0.0,1.6,55,97,85,131,33,86
344,25.0,50.0,104803.746853146,17.2,0.0,1.6,67,86,75,100,49,93
345,22.0,32.0,99616.0,15.6,22.0,0.6,80,84,128,115,57,99
346,21.0,48.0,89535.0,17.8,2.0,1.7,50,75,45,76,47,112
347,36.0,63.0,106335.0,20.0,0.0,1.1,59,104,106,130,30,94
348,38.0,65.0,106060.0,23.7,0.0,0.7,66,87,61,92,29,62
349,14.0,32.0,103071.0,25.9,0.0,1.1,65,52,105,83,20,40
350,13.0,25.0,104711.0,26.2,0.2,1.6,27,64,38,54,39,70
351,14.0,26.0,106196.209790209,20.1,9.9,1.8,31,66,21,44,38,90
352,6.0,27.0,108996.0,17.5,0.0,2.0,29,71,35,63,31,85
353,5.0,23.0,105962.893939393,17.4,0.0,2.3,32,39,37,42,25,44
354,11.0,32.0,109091.0,17.4,0.0,1.8,27,32,58,38,26,45
355,17.0,36.0,93186.0,18.8,6.0,0.9,42,104,42,141,24,58
356,16.0,66.0,107677.0,19.0,23.0,1.6,0,0,52,209,43,148
357,20.0,96.0,107568.0,19.0,0.0,1.6,45,127,47,120,35,114
358,29.0,102.0,109330.0,20.1,0.0,0.9,52,102,55,118,44,102
359,36.0,92.0,107755.0,22.4,0.0,1.1,0,0,0,0,67,133
360,32.0,75.0,105767.833333333,21.2,0.0,0.9,44,132,40,116,69,173
361,32.0,73.0,105332.0,23.2,0.0,1.3,0,0,0,0,0,0
362,25.0,52.0,105314.0,23.3,0.0,1.3,27,75,13,50,30,141
363,29.0,61.0,107377.0,22.4,0.0,1.9,30,72,12,34,28,94
364,31.0,60.0,107194.0,21.2,0.0,1.5,34,73,26,65,30,94
365,25.0,54.0,110811.0,24.3,0.0,1.1,36,78,25,62,33,95
366,19.0,39.0,105945.0,24.0,0.0,1.2,43,90,45,97,35,91
367,20.0,39.0,104625.107945552,24.0,0.0,1.1,50,117,49,112,44,107
368,27.0,42.0,104398.0,23.8,0.0,1.4,31,77,27,82,46,118
369,30.0,53.0,107349.0,23.5,0.0,1.1,39,134,35,106,43,136
370,36.0,61.0,89431.0,24.4,0.0,1.2,45,148,45,130,39,124
371,38.0,69.0,106058.0,24.6,0.0,1.3,40,64,19,51,43,120
372,41.0,76.0,111117.0,22.8,0.0,1.5,19,42,14,42,40,102
373,32.0,69.0,106942.0,22.8,0.5,1.8,20,25,20,37,32,51
374,8.0,20.0,104564.837606837,21.3,0.0,2.0,28,27,31,31,26,41
375,6.0,20.0,104319.0,20.0,0.5,1.4,50,49,58,58,34,58
376,18.0,38.0,105996.0,21.1,0.0,1.3,45,62,77,75,39,84
377,24.0,43.0,95200.0,22.8,0.0,1.0,35,39,42,41,28,76
378,19.0,42.0,104818.0,22.6,0.0,1.8,48,52,23,37,32,55
379,9.0,28.0,111447.0,21.2,0.0,1.9,36,41,72,63,27,56
380,11.0,27.0,105932.0,22.0,0.0,1.7,49,72,73,75,31,66
381,22.0,42.0,104807.576923076,23.4,0.0,1.1,40,57,41,43,39,83
382,36.0,59.0,104265.0,25.8,0.0,1.3,64,86,72,71,35,78
383,30.0,47.0,102192.0,21.3,3.5,0.8,43,49,47,65,43,85
384,25.0,41.0,105260.0,23.3,0.0,1.3,41,54,35,45,47,99
385,23.0,37.0,106724.0,23.7,0.0,1.6,51,82,24,56,43,92
386,22.0,36.0,109091.0,25.0,0.0,1.1,77,93,55,82,18,56
387,19.0,31.0,104100.0,24.4,0.0,1.7,34,74,50,76,16,49
388,25.0,57.0,104409.5,26.4,0.0,1.7,31,70,48,83,22,58
389,31.0,47.0,105640.0,26.8,0.0,1.0,53,83,73,104,25,46
390,34.0,53.0,100664.0,24.4,37.5,1.4,50,54,110,95,16,28
391,8.0,13.0,103894.0,25.7,61.0,2.1,43,70,24,43,31,51
392,9.0,16.0,103408.0,24.5,0.0,1.0,10,39,8,22,16,44
393,14.0,23.0,110567.0,26.0,20.5,1.3,21,62,16,50,21,53
394,17.0,26.0,102284.0,25.1,5.0,0.7,31,71,29,67,29,65
395,5.0,9.0,103207.8,22.2,99.5,0.8,45,57,44,49,28,66
396,7.0,11.0,98783.0,23.0,51.0,0.4,28,39,39,49,29,63
397,7.0,16.0,101325.0,25.6,0.0,1.2,21,36,49,46,36,76
398,11.0,18.0,104475.0,27.1,0.0,1.6,33,58,52,69,49,100
399,15.0,23.0,102147.0,25.6,13.0,0.9,46,84,61,92,50,99
400,5.0,14.0,104531.0,22.3,19.5,1.3,49,60,32,50,48,102
401,5.0,15.0,101990.0,22.8,0.0,1.8,25,41,47,45,25,61
402,6.0,17.0,102376.75,22.1,0.0,1.5,46,46,48,37,23,45
403,6.0,13.0,98620.0,20.9,18.5,0.9,31,33,69,62,18,43
404,13.0,21.0,102914.0,26.4,0.0,0.8,15,23,30,31,31,51
405,18.0,30.0,93400.0,28.5,0.0,0.8,28,40,27,25,38,75
406,13.0,21.0,106368.0,28.8,0.0,1.2,50,56,30,24,24,54
407,12.0,17.0,108240.0,29.0,0.0,1.6,31,32,39,42,28,58
408,10.0,14.0,105728.0,28.9,0.0,1.6,25,26,46,39,21,40
409,9.0,13.0,107767.333333333,29.7,0.0,1.2,33,41,53,51,29,50
410,17.0,26.0,104898.0,29.6,0.0,1.2,45,57,23,30,40,60
411,25.0,34.0,102600.0,29.6,0.0,1.3,45,61,18,12,32,59
412,29.0,37.0,106802.0,29.3,0.0,0.9,45,60,74,59,27,53
413,28.0,39.0,109058.0,29.5,0.0,1.0,56,73,62,50,30,57
414,33.0,37.0,114776.0,30.4,0.0,0.9,43,67,71,66,31,59
415,23.0,54.0,108470.0,31.5,0.0,1.0,44,71,61,68,35,67
416,17.0,34.0,109538.268518518,31.4,0.0,1.0,58,84,39,41,32,65
417,9.0,19.0,109575.0,31.0,0.0,1.0,29,49,46,53,15,43
418,12.0,25.0,108528.0,31.6,0.0,1.2,8,16,14,18,20,37
419,7.0,18.0,109016.611111111,30.7,0.0,1.7,25,37,9,15,33,65
420,12.0,20.0,111135.0,31.0,0.0,1.4,34,50,10,28,30,57
421,10.0,34.0,114493.0,31.5,0.0,1.3,33,44,43,50,31,57
422,17.0,43.0,104482.0,29.7,0.0,1.1,44,56,49,55,30,49
423,8.0,17.0,102940.5,31.0,0.0,1.7,61,63,65,78,24,40
424,6.0,11.0,108993.0,30.2,0.0,1.6,46,62,64,74,44,68
425,6.0,17.0,110540.0,31.2,0.0,1.4,43,66,56,73,32,58
426,7.0,15.0,84275.0,32.7,0.0,1.3,61,94,52,77,38,69
427,7.0,19.0,107954.0,32.9,0.0,1.3,62,70,74,90,39,80
428,7.0,26.0,71141.0,32.6,0.0,1.3,43,77,47,69,42,88
429,7.0,26.0,100524.0,31.5,0.0,1.6,30,54,56,86,24,58
430,7.0,22.0,99111.5555555555,30.6,0.0,1.7,20,45,30,48,26,50
431,8.0,30.0,99273.5961199294,30.7,0.0,1.2,19,44,32,44,36,62
432,12.0,26.0,100476.19063716,31.4,0.0,1.3,33,40,55,54,40,63
433,15.0,31.0,109990.0,31.4,0.0,1.4,28,25,20,21,37,62
434,17.0,31.0,93000.0,30.2,0.5,1.2,22,36,26,30,57,84
435,15.0,32.0,111409.0,30.6,0.0,1.4,43,56,32,42,54,92
436,8.0,14.0,107414.0,29.7,0.0,1.8,47,59,41,43,24,61
437,14.0,21.0,105747.0,29.9,0.0,1.3,41,49,49,39,29,65
438,11.0,31.0,105886.809523809,30.6,0.0,0.9,35,52,41,37,23,46
439,9.0,35.0,107233.754535147,32.3,0.0,1.2,8,12,23,29,9,16
440,10.0,22.0,97435.0,32.6,0.0,1.2,9,22,13,25,9,20
441,10.0,16.0,107741.0,29.3,0.0,1.8,14,41,12,27,16,31
442,6.0,23.0,113240.0,26.5,0.0,2.5,20,48,28,57,28,59
443,10.0,23.0,102656.666666666,26.4,0.0,1.6,28,50,13,20,30,50
444,12.0,26.0,104282.805555555,27.5,0.0,1.0,13,19,18,31,7,10
445,17.0,35.0,102527.467592592,29.1,0.0,1.2,19,31,21,32,9,17
446,16.0,32.0,99672.5455246913,28.3,0.0,1.4,21,42,11,27,33,57
447,12.0,26.0,90599.0,30.6,0.0,1.8,24,64,17,47,70,104
448,5.0,14.0,102208.0,28.5,5.0,2.3,41,77,15,36,28,61
449,9.0,15.0,104717.0,25.2,18.5,2.1,31,55,11,31,27,66
450,14.0,37.0,95134.1666666666,25.4,0.0,1.2,27,62,27,60,30,74
451,8.0,19.0,95134.1666666666,21.4,125.0,0.8,39,77,53,82,39,82
452,5.0,10.0,98300.0,23.7,68.0,0.7,24,50,56,79,22,69
453,7.0,20.0,95384.75,26.5,35.5,0.8,28,56,53,67,28,68
454,10.0,24.0,109532.0,28.1,0.0,1.2,20,39,8,21,44,84
455,8.0,15.0,53051.0,26.4,78.5,1.4,24,42,14,34,38,74
456,8.0,16.0,110698.0,22.3,47.0,0.7,33,43,13,28,20,40
457,10.0,24.0,108258.0,24.9,0.0,1.6,30,40,44,50,26,60
458,9.0,22.0,102047.857142857,24.0,0.0,1.5,45,51,41,34,25,55
459,10.0,21.0,101117.551020408,25.0,57.0,0.8,38,46,29,28,38,69
460,5.0,16.0,108630.433309037,24.6,25.5,1.4,8,32,7,19,12,46
461,13.0,32.0,112212.0,24.4,0.0,2.0,17,53,11,33,29,79
462,11.0,27.0,107090.0,23.7,0.0,1.1,20,69,8,35,22,83
463,11.0,31.0,113494.0,22.4,2.0,1.6,9,32,5,18,9,45
464,12.0,31.0,113184.0,21.1,0.0,1.0,10,36,8,23,18,67
465,11.0,29.0,111613.625,22.1,0.0,0.9,17,47,24,56,21,72
466,10.0,23.0,111627.060267857,22.2,0.0,1.5,31,66,43,74,22,65
467,7.0,20.0,112262.111848958,21.0,0.0,1.6,34,64,43,68,30,79
468,9.0,24.0,111858.0,22.3,0.0,1.2,43,74,47,58,33,81
469,9.0,27.0,111005.0,21.9,0.0,1.2,55,94,80,97,45,102
470,5.0,18.0,111953.0,22.1,8.5,0.9,73,95,100,109,48,91
471,7.0,19.0,112113.0,22.7,0.5,0.7,35,58,14,23,56,103
472,19.0,42.0,112563.857142857,23.0,0.5,0.7,14,46,8,26,35,63
473,17.0,48.0,111548.352380952,23.2,0.0,0.9,32,78,12,40,46,92
474,10.0,42.0,111773.309931972,22.3,0.0,0.9,44,65,20,55,68,113
475,14.0,41.0,113948.0,21.5,0.0,0.6,71,62,28,63,50,60
476,8.0,24.0,112450.809523809,20.9,0.5,1.2,43,45,45,70,35,50
477,4.0,12.0,115161.0,19.7,32.0,0.9,40,59,15,45,45,97
478,9.0,36.0,111909.0,21.2,0.0,1.0,14,56,6,25,38,106
479,11.0,37.0,108843.8,19.6,0.0,0.9,8,43,5,25,23,81
480,10.0,28.0,110230.16,17.3,0.0,1.0,8,31,8,25,19,62
481,7.0,21.0,108628.391999999,17.6,0.0,1.1,13,34,22,48,37,82
482,6.0,21.0,93778.0,19.2,0.0,1.4,26,59,34,57,49,98
483,7.0,21.0,112247.0,18.6,0.0,1.3,36,59,66,80,46,103
484,6.0,24.0,111124.0,17.8,0.0,0.8,56,56,55,42,50,105
485,7.0,23.0,107027.0,20.2,0.0,1.0,17,37,6,13,40,116
486,8.0,24.0,105917.0,19.0,0.0,1.6,12,37,5,18,15,73
487,7.0,23.0,108064.714285714,15.4,1.0,2.0,13,37,8,21,17,65
488,10.0,30.0,106872.489795918,16.1,0.0,0.6,15,41,11,29,32,95
489,12.0,38.0,97770.0,16.0,0.0,0.6,31,65,13,34,33,104
490,9.0,31.0,111829.0,18.9,0.0,1.1,50,77,46,74,51,128
491,4.0,14.0,107644.0,17.9,52.0,1.0,51,72,82,87,53,129
492,4.0,14.0,100665.0,18.2,33.0,1.4,20,51,8,21,51,140
493,8.0,35.0,107665.714285714,17.9,0.0,0.9,23,63,10,36,25,88
494,10.0,36.0,109750.387755102,14.2,0.0,0.5,35,73,9,34,57,139
495,9.0,30.0,109844.496720116,15.1,0.0,0.6,7,35,4,19,32,72
496,8.0,32.0,109516.0,14.2,0.0,1.8,13,37,7,22,19,60
497,8.0,29.0,109668.0,11.0,0.0,1.3,14,36,12,31,32,90
498,11.0,39.0,116568.0,10.8,0.0,0.6,49,78,40,73,51,125
499,15.0,39.0,114213.0,12.0,0.0,0.5,88,126,85,104,60,126
500,13.0,42.0,112405.375,13.6,0.0,0.6,88,116,142,143,53,110
501,20.0,70.0,112981.421875,14.2,0.0,0.4,90,108,153,126,49,105
502,23.0,86.0,113849.742466517,13.2,0.0,0.4,51,44,61,38,85,149
503,12.0,49.0,108970.0,12.9,0.0,0.6,37,63,32,51,40,81
504,8.0,32.0,108229.0,12.0,0.0,0.9,41,66,31,50,26,76
505,7.0,34.0,116736.0,12.6,0.0,0.8,56,75,43,56,32,94
506,11.0,42.0,115343.0,12.3,0.0,0.5,79,79,65,75,46,116
507,13.0,51.0,110689.0,12.5,0.0,0.5,103,113,116,111,40,100
508,16.0,56.0,111862.142857142,13.7,0.0,0.4,92,111,120,116,56,113
509,24.0,55.0,112653.142857142,13.3,0.0,0.8,21,61,15,43,36,111
510,26.0,61.0,107513.0,12.8,0.0,0.5,74,133,45,95,54,133
511,23.0,52.0,108517.0,12.7,0.0,0.6,116,130,84,123,90,163
512,20.0,37.0,109515.0,11.9,17.0,0.5,10,57,5,45,55,139
513,17.0,38.0,114006.0,10.7,0.5,2.2,19,50,10,32,27,104
514,20.0,33.0,110420.857142857,10.1,13.5,1.6,12,47,4,29,36,106
515,19.0,38.0,111313.408163265,9.9,0.5,0.8,10,35,5,20,23,76
516,21.0,43.0,111551.609329446,7.3,0.0,0.9,26,59,11,33,32,93
517,21.0,41.0,110956.0,8.5,0.0,0.8,40,72,23,51,42,109
518,23.0,48.0,111038.0,7.7,0.0,0.5,72,85,51,77,68,148
519,26.0,53.0,111401.0,9.2,0.0,0.5,91,97,116,126,90,175
520,28.0,62.0,114296.0,10.3,0.0,0.4,121,123,161,148,65,123
521,32.0,74.0,109909.0,10.2,0.0,0.4,96,82,76,69,69,131
522,32.0,76.0,110439.571428571,10.6,0.0,0.5,25,27,20,27,36,61
523,38.0,97.0,111067.68877551,11.6,0.0,0.5,28,48,14,31,33,55
524,57.0,125.0,107442.0,12.7,1.0,0.2,44,76,28,55,49,90
525,40.0,51.0,105707.0,14.2,35.5,0.9,59,77,70,101,44,59
526,34.0,74.0,108523.0,11.5,0.0,1.7,57,73,31,58,68,110
527,36.0,71.0,112203.0,11.6,0.0,0.7,20,61,13,38,72,138
528,44.0,92.0,110702.25,10.2,0.0,0.5,40,66,46,80,68,114
529,35.0,73.0,110828.995535714,9.5,0.0,0.9,82,86,100,119,98,162
530,35.0,63.0,111547.722018494,8.7,0.0,0.6,141,125,180,159,111,182
531,34.0,63.0,112307.0,9.1,0.0,0.4,167,140,220,164,92,153
532,33.0,58.0,111204.0,9.2,0.0,0.3,119,93,62,57,74,115
533,42.0,86.0,113713.0,9.9,0.0,0.4,21,29,14,28,22,45
534,31.0,55.0,114519.0,7.5,0.0,1.1,57,76,44,76,46,93
535,31.0,54.0,110060.714285714,5.6,0.0,0.2,66,95,30,77,88,145
536,40.0,74.0,111831.81632653,8.3,0.0,0.7,96,128,47,92,69,131
537,50.0,75.0,111539.290087463,6.6,0.0,0.5,90,114,40,87,96,147
538,46.0,76.0,92410.0,5.2,0.0,0.9,30,49,21,49,83,135
539,19.0,49.0,111506.0,4.0,0.0,1.2,63,80,28,64,64,129
540,24.0,50.0,114766.0,2.7,0.0,0.6,93,125,69,98,84,147
541,30.0,58.0,107054.0,3.8,7.0,0.6,100,114,93,106,133,218
542,41.0,74.0,108830.5,6.9,0.0,0.3,190,193,90,112,130,216
543,44.0,85.0,111039.1875,6.1,0.0,0.3,255,232,216,231,129,196
544,42.0,82.0,111167.371651785,8.3,0.0,0.5,0,0,50,275,0,0
545,38.0,195.0,109126.0,5.9,0.0,0.8,54,192,56,181,0,0
546,38.0,136.0,108496.0,4.9,0.0,0.3,34,96,58,152,0,0
547,37.0,118.0,115659.0,5.9,0.0,0.7,59,150,93,184,0,0
548,34.0,80.0,111627.0,5.4,0.0,0.4,117,198,132,199,210,385
549,30.0,77.0,110375.0,8.0,0.0,0.2,119,139,182,227,145,206
550,28.0,57.0,109988.285714285,12.6,12.5,0.4,0,0,0,0,0,0
551,16.0,49.0,110350.844387755,10.0,19.0,1.3,22,99,14,71,0,0
552,12.0,56.0,109833.0,2.6,0.0,1.3,33,101,39,103,36,93
553,18.0,56.0,108041.0,2.9,0.5,1.0,24,55,9,37,46,90
554,11.0,45.0,109932.0,-3.5,0.0,2.6,10,39,6,38,18,52
555,17.0,73.0,110286.0,-5.8,0.0,1.3,15,50,11,36,31,73
556,13.0,73.0,105490.285714285,-5.0,0.0,1.1,47,73,41,71,53,118
557,31.0,66.0,109449.183673469,-2.7,0.0,0.5,58,85,58,89,91,169
558,44.0,72.0,109432.781341107,-0.9,0.5,0.2,36,76,21,54,81,147
559,27.0,74.0,78507.0,-0.7,0.0,0.6,80,126,31,64,42,102
560,25.0,65.0,107092.0,-0.3,0.0,1.2,43,66,13,40,75,139
561,22.0,63.0,114741.0,-2.1,0.0,0.9,47,69,48,76,68,134
562,36.0,80.0,110562.0,-2.4,0.0,0.4,135,154,91,116,63,110
563,30.0,72.0,105569.0,1.1,0.0,0.6,243,272,65,107,124,195
564,34.0,84.0,108692.892857142,3.9,0.0,1.6,38,64,25,53,113,200
565,22.0,67.0,109190.167729591,3.0,0.0,1.0,56,93,27,58,90,177
566,43.0,106.0,107874.0,6.5,0.5,0.9,48,96,34,72,163,248
567,61.0,128.0,102269.0,4.6,0.0,0.4,58,104,51,93,109,190
568,56.0,125.0,113259.0,4.5,0.0,0.3,63,107,70,117,151,229
569,60.0,128.0,110248.0,6.7,0.0,0.5,75,124,34,82,101,181
570,39.0,89.0,105803.142857142,5.8,0.0,1.7,13,56,13,53,36,104
571,17.0,52.0,104646.306122448,-0.5,0.0,0.8,50,99,51,93,61,147
572,24.0,58.0,104968.599854227,0.1,0.0,0.3,54,108,27,66,108,191
573,26.0,69.0,101984.0,2.2,0.0,1.4,19,55,9,26,44,106
574,8.0,38.0,100866.0,-5.8,0.0,2.4,13,62,7,52,28,72
575,19.0,60.0,104122.0,-8.0,0.0,1.4,13,49,9,39,15,55
576,15.0,63.0,95957.0,-5.5,0.0,1.2,26,57,10,28,40,96
577,20.0,52.0,100744.75,-5.1,0.0,0.7,30,57,15,32,51,117
578,37.0,75.0,101095.65625,-4.6,0.0,0.5,50,77,38,59,62,132
579,28.0,63.0,101640.578125,-2.5,0.0,0.9,58,84,28,45,104,184
580,22.0,59.0,99863.0,-3.2,0.0,0.7,71,97,57,75,134,235
581,29.0,58.0,100402.0,-3.0,0.0,0.3,131,151,123,136,163,257
582,40.0,77.0,103797.0,-1.6,0.0,0.4,55,61,18,40,167,261
583,43.0,86.0,98967.0,0.1,0.0,1.2,20,44,17,34,44,93
584,33.0,66.0,103909.5,-2.0,0.0,0.6,51,80,64,95,110,183
585,44.0,87.0,104531.71875,-1.2,0.0,0.5,55,80,34,54,184,280
586,36.0,71.0,105463.041015625,-1.2,0.0,1.5,14,38,10,29,38,96
587,26.0,69.0,106330.0,-3.1,0.0,0.8,39,66,41,66,38,98
588,36.0,77.0,104195.0,-0.7,0.0,0.5,115,160,75,113,86,119
589,46.0,100.0,111319.0,3.0,0.0,0.6,222,232,103,130,104,136
590,67.0,115.0,106403.0,4.4,0.0,0.7,248,259,217,212,156,205
591,72.0,123.0,107261.25,1.9,0.0,0.5,237,254,128,183,246,333
592,106.0,181.0,107515.859375,1.7,0.0,0.5,205,278,104,143,278,386
593,83.0,148.0,108383.779296875,0.7,0.0,1.7,13,61,9,57,62,190
594,19.0,69.0,106761.0,-3.0,0.0,1.1,54,115,38,74,24,80
595,25.0,63.0,104583.0,0.1,0.0,1.7,90,143,45,77,57,129
596,45.0,98.0,112486.0,0.8,0.0,0.5,127,175,64,105,84,171
597,60.0,113.0,106013.0,3.3,0.0,0.3,70,102,11,33,120,196
598,35.0,73.0,107866.625,1.7,0.0,2.0,17,39,9,29,39,84
599,15.0,48.0,108205.5,0.3,0.0,1.4,57,91,24,63,83,146
600,33.0,83.0,108804.654296875,2.5,0.0,1.1,84,125,28,70,65,130
601,50.0,106.0,107440.0,3.7,0.0,1.1,45,73,23,53,62,149
602,28.0,57.0,107413.0,0.4,0.0,0.5,48,74,58,75,90,181
603,29.0,60.0,110771.0,-0.4,0.0,1.4,31,56,10,32,66,126
604,24.0,65.0,107466.0,-1.9,0.0,1.3,25,47,25,40,48,110
605,25.0,51.0,109045.375,-0.8,0.0,0.8,89,126,49,102,49,110
606,22.0,81.0,108583.734375,2.7,0.5,1.9,21,49,35,61,43,112
607,26.0,98.0,108420.25,-0.2,0.0,0.5,98,137,106,140,74,155
608,37.0,86.0,110483.0,2.6,0.0,0.7,89,135,28,75,91,199
609,24.0,71.0,109444.0,0.8,0.0,1.4,20,40,13,27,24,71
610,16.0,52.0,114645.0,-1.5,0.0,1.1,74,134,42,85,61,117
611,32.0,77.0,104701.0,2.0,0.0,0.4,114,140,108,137,69,100
612,23.0,42.0,105184.5,5.2,24.0,1.3,68,178,40,157,106,185
613,29.0,110.0,106965.390625,2.1,0.0,1.3,88,186,46,106,70,175
614,32.0,120.0,106914.873046875,3.6,0.0,0.4,120,204,97,227,126,203
615,29.0,101.0,85106.0,6.1,0.0,0.9,33,65,53,105,141,226
616,26.0,72.0,105122.0,1.9,0.0,2.1,12,32,8,29,26,59
617,20.0,49.0,108292.0,-2.9,0.0,1.4,26,42,25,46,45,79
618,22.0,52.0,103683.0,-2.3,0.0,1.8,16,28,9,21,50,78
619,26.0,54.0,104651.625,-1.8,0.0,1.2,36,48,27,39,46,72
620,23.0,49.0,107196.46875,-1.1,0.0,1.5,99,122,35,51,81,105
621,38.0,76.0,107003.90234375,-0.1,0.0,0.7,58,68,30,54,111,147
622,44.0,83.0,108377.0,0.1,0.0,1.4,45,60,23,38,71,104
623,34.0,64.0,109100.0,1.9,0.0,0.9,23,29,52,60,78,90
624,45.0,78.0,110062.0,1.8,0.0,1.3,20,32,8,21,92,116
625,40.0,75.0,107471.0,-0.6,0.0,1.7,10,22,8,19,37,56
626,33.0,61.0,109190.125,-0.2,0.0,1.0,17,31,14,25,37,64
627,28.0,61.0,105485.0,2.0,0.0,0.6,87,99,31,42,55,91
628,24.0,44.0,99189.0,2.4,14.0,0.7,135,109,89,89,126,156
629,42.0,82.0,107174.0,2.3,0.0,1.0,118,125,46,39,155,202
630,58.0,112.0,109741.0,2.4,0.0,0.6,188,214,98,63,134,180
631,73.0,129.0,111571.0,3.9,0.0,0.6,237,287,100,85,134,188
632,46.0,91.0,110025.0,5.6,0.0,0.6,91,100,136,74,134,207
633,30.0,63.0,92427.0,6.9,0.0,0.8,176,174,78,41,123,194
634,45.0,91.0,105914.0,6.1,0.0,0.9,49,69,51,75,157,260
635,33.0,70.0,107669.0,5.5,0.0,0.7,30,60,52,79,149,251
636,35.0,77.0,106489.0,6.7,0.0,0.5,66,99,91,106,84,134
637,68.0,120.0,111075.0,6.5,0.0,0.7,158,183,82,102,86,136
638,121.0,177.0,96679.0,6.3,0.0,0.8,134,150,120,126,123,198
639,70.0,122.0,101819.0,7.7,0.0,0.5,131,140,183,155,137,233
640,71.0,112.0,90016.0,9.2,0.0,0.6,142,156,163,160,102,171
641,105.0,160.0,106321.0,9.8,0.0,1.1,138,146,109,107,71,120
642,109.0,180.0,105468.0,8.6,0.0,0.8,100,89,86,66,95,151
643,83.0,152.0,107846.0,10.0,0.0,1.0,16,59,8,22,39,132
644,61.0,104.0,107660.0,6.9,0.0,1.4,41,71,20,44,48,121
645,35.0,71.0,116806.0,7.2,0.0,1.0,55,84,58,103,46,112
646,33.0,62.0,111281.0,8.3,0.0,0.6,70,91,85,121,56,112
647,51.0,66.0,66294.0,8.2,0.5,0.8,69,92,111,133,86,183
648,18.0,44.0,74255.0,6.0,0.5,1.4,50,53,22,36,52,106
649,34.0,74.0,73652.0,4.8,0.5,2.2,10,35,4,26,11,54
650,11.0,52.0,110577.0,3.9,0.0,2.3,17,45,8,29,21,73
651,17.0,54.0,110366.0,6.1,0.0,1.5,28,67,7,43,35,104
652,19.0,57.0,113513.0,7.0,0.0,2.2,12,47,11,48,25,100
653,21.0,46.0,111347.0,6.3,0.0,1.6,37,86,23,61,36,114
654,18.0,47.0,95575.0,7.6,0.0,1.1,58,96,49,98,46,149
655,20.0,46.0,107201.0,7.5,0.0,0.7,90,138,102,144,49,140
656,29.0,62.0,109022.0,10.9,0.0,1.0,63,104,124,168,41,90
657,40.0,85.0,106809.0,11.3,15.5,0.6,62,90,63,101,58,100
658,16.0,39.0,107476.0,8.6,3.0,2.6,14,38,5,25,20,80
659,26.0,54.0,113987.0,4.8,0.0,1.7,22,45,7,32,24,71
660,14.0,40.0,107315.0,3.6,5.0,1.7,12,37,11,33,20,64
661,15.0,41.0,92769.0,4.8,0.0,1.7,38,83,36,87,47,124
662,30.0,70.0,107174.0,7.1,0.0,1.3,58,98,21,61,52,118
663,30.0,66.0,106446.0,11.2,0.0,0.9,76,125,47,120,47,127
664,38.0,89.0,107373.0,14.2,0.0,2.6,53,129,63,132,54,156
665,46.0,96.0,106823.0,12.0,0.0,1.4,13,39,24,65,38,138
666,31.0,64.0,113216.0,12.0,0.0,1.4,24,81,22,92,63,145
667,24.0,54.0,106997.0,6.2,3.0,2.1,10,55,5,26,23,100
668,20.0,54.0,91263.0,5.6,0.0,2.5,20,49,8,30,27,96
669,14.0,41.0,80167.0,6.0,0.0,1.9,26,60,13,40,47,122
670,16.0,43.0,104917.0,7.3,0.0,1.4,30,59,30,66,56,133
671,22.0,49.0,109363.0,7.5,0.0,1.6,41,77,57,86,50,114
672,25.0,55.0,109323.0,9.3,0.0,1.5,106,197,67,124,71,146
673,31.0,103.0,112150.0,11.4,0.0,2.5,35,407,40,292,83,169
674,23.0,88.0,108818.0,12.6,0.0,0.9,30,110,39,212,65,191
675,23.0,63.0,93093.0,14.8,0.0,0.9,27,86,40,99,83,208
676,24.0,64.0,106832.0,12.9,0.0,1.3,15,54,29,71,71,185
677,12.0,44.0,102974.0,10.4,28.0,1.9,22,43,24,39,20,36
678,6.0,26.0,104700.0,8.1,2.0,1.5,33,50,26,39,42,67
679,19.0,50.0,107509.0,10.8,0.0,1.0,58,67,47,68,79,120
680,24.0,54.0,112609.0,11.9,0.0,1.2,78,79,63,86,78,116
681,22.0,48.0,109618.0,12.1,0.0,1.0,124,113,82,87,75,121
682,22.0,51.0,68313.0,10.6,0.5,1.7,20,76,17,63,38,91
683,22.0,69.0,105028.0,12.0,0.0,1.4,42,94,43,97,33,90
684,19.0,63.0,104831.0,14.8,0.0,0.7,71,97,72,109,49,105
685,20.0,54.0,108978.0,17.0,0.0,1.3,71,142,105,137,44,138
686,16.0,41.0,108139.0,15.8,0.0,2.0,42,232,38,163,37,182
687,20.0,68.0,111203.0,14.4,0.0,1.3,17,64,20,72,36,114
688,19.0,63.0,110456.0,17.1,0.0,1.3,34,70,40,61,59,146
689,23.0,59.0,92062.0,18.3,0.0,0.9,61,109,59,174,82,161
690,24.0,71.0,92833.0,20.9,0.0,1.1,90,117,94,133,73,134
691,21.0,48.0,103151.0,18.6,5.0,0.8,78,49,94,69,34,56
692,10.0,22.0,106345.0,17.7,21.0,0.8,25,62,43,44,48,118
693,16.0,36.0,104982.0,15.1,11.0,1.0,17,26,9,21,25,58
694,8.0,18.0,111240.0,9.9,1.5,1.6,32,37,19,27,26,49
695,8.0,27.0,108361.0,12.3,0.0,1.0,42,44,38,38,34,63
696,16.0,39.0,91574.0,12.8,0.0,0.9,51,42,47,37,43,68
697,14.0,32.0,103759.0,11.0,15.5,0.6,86,84,106,85,73,121
698,12.0,32.0,108773.0,16.2,0.0,0.9,63,104,35,98,58,149
699,26.0,70.0,104244.0,15.8,0.0,1.5,19,52,13,38,29,78
700,25.0,86.0,109440.0,15.5,0.0,1.7,31,66,23,57,36,90
701,18.0,46.0,115617.0,18.1,0.0,1.1,44,86,53,93,42,97
702,39.0,77.0,109858.0,19.6,0.0,0.8,48,85,49,84,34,80
703,34.0,66.0,94477.0,20.0,0.0,1.2,34,95,22,54,41,152
704,21.0,56.0,96445.0,14.5,0.0,2.0,22,52,19,38,25,95
705,14.0,44.0,108910.0,14.9,0.0,1.2,31,64,23,52,35,100
706,19.0,46.0,112784.0,16.2,0.0,1.6,65,104,47,87,34,97
707,21.0,49.0,109781.0,17.7,0.0,1.2,78,114,37,68,45,102
708,27.0,51.0,113551.0,18.7,0.0,0.9,57,94,51,99,46,98
709,31.0,65.0,110252.0,20.4,0.0,0.9,72,83,71,97,45,84
710,28.0,50.0,94230.0,21.1,0.0,1.1,102,245,88,174,40,92
711,31.0,53.0,105566.0,20.2,0.0,1.1,35,97,19,69,67,266
712,33.0,69.0,107183.0,21.4,0.0,1.2,57,172,54,121,65,239
713,38.0,64.0,110027.0,22.5,0.0,0.9,62,163,91,208,56,109
714,35.0,61.0,108804.0,23.6,0.0,1.1,68,103,67,141,45,86
715,28.0,44.0,113390.0,23.3,0.0,1.0,54,75,81,115,24,51
716,12.0,23.0,106565.0,19.3,12.5,2.1,18,31,38,41,21,46
717,11.0,22.0,91547.0,20.6,1.0,1.3,33,86,30,65,34,130
718,9.0,37.0,105806.0,17.3,3.0,2.3,16,61,12,46,20,85
719,13.0,44.0,107587.0,18.0,0.0,2.6,22,55,14,39,29,85
720,22.0,56.0,109161.0,20.8,0.0,1.8,34,77,21,55,35,91
721,30.0,59.0,109081.0,23.0,0.0,1.3,53,118,27,71,33,103
722,43.0,77.0,106704.0,24.5,0.0,0.7,29,92,45,111,32,87
723,42.0,67.0,102163.0,23.8,0.0,0.6,46,106,49,115,43,91
724,20.0,40.0,92111.0,24.9,0.0,1.3,46,67,36,77,38,66
725,11.0,13.0,99660.0,17.8,16.0,1.9,8,22,6,15,14,44
726,8.0,24.0,105806.0,18.0,0.0,1.4,21,52,12,36,19,61
727,17.0,38.0,109451.0,20.6,0.0,1.3,42,92,21,51,21,64
728,22.0,43.0,106730.0,20.2,0.0,1.4,20,62,20,54,25,59
729,13.0,23.0,112534.0,19.2,0.5,1.7,12,43,10,33,31,76
730,16.0,34.0,108294.0,19.3,0.0,0.8,27,72,30,74,34,89
731,20.0,39.0,79892.0,21.9,0.0,0.8,49,102,45,79,34,81
732,27.0,48.0,106230.0,23.5,0.0,0.8,39,71,28,55,42,109
733,25.0,45.0,105808.0,24.8,0.0,1.4,43,61,60,70,46,136
734,25.0,43.0,107459.0,24.1,0.0,1.3,75,85,47,62,47,103
735,29.0,47.0,89491.0,22.4,15.5,0.8,71,52,53,54,29,56
736,6.0,11.0,106084.0,18.9,17.0,1.5,47,54,62,60,24,53
737,11.0,23.0,105294.0,21.5,0.0,0.7,40,67,34,47,36,77
738,15.0,24.0,84479.0,22.1,1.0,0.9,28,46,6,20,26,73
739,8.0,15.0,104565.0,19.3,14.5,1.1,32,56,29,54,19,54
740,12.0,20.0,105371.0,20.8,0.0,0.9,28,41,51,62,29,80
741,21.0,42.0,108260.0,21.6,0.0,0.7,45,93,35,56,33,91
742,24.0,38.0,108025.0,23.6,0.0,0.5,60,89,23,43,32,84
743,39.0,59.0,111696.0,21.8,0.0,0.3,92,96,31,56,36,86
744,22.0,35.0,109556.0,22.0,0.0,1.1,33,44,21,52,46,118
745,20.0,34.0,89456.0,21.7,0.0,1.1,10,26,25,32,30,100
746,14.0,27.0,106107.0,22.1,0.0,1.7,33,52,51,51,39,98
747,21.0,38.0,100826.0,21.8,0.0,0.7,50,85,60,65,40,90
748,28.0,43.0,107680.0,22.9,0.0,0.8,57,56,74,90,38,83
749,24.0,36.0,108197.0,24.2,0.0,1.1,79,86,61,82,44,86
750,23.0,37.0,113336.0,24.4,0.0,1.1,49,49,51,79,61,108
751,19.0,31.0,107689.0,23.3,2.5,1.1,17,49,22,56,25,66
752,12.0,16.0,90891.0,23.6,0.0,0.8,27,58,40,88,29,84
753,21.0,32.0,105330.0,24.5,0.0,1.2,34,70,36,74,32,78
754,19.0,30.0,105261.0,26.3,0.0,0.8,36,87,46,102,30,67
755,22.0,32.0,107399.0,21.9,2.0,0.8,30,65,43,83,30,69
756,12.0,17.0,105493.0,24.4,2.5,0.8,38,70,48,76,40,85
757,20.0,16.0,112259.0,25.3,0.0,1.5,35,61,27,40,42,65
758,17.0,27.0,103174.0,22.1,15.5,0.4,44,56,14,28,49,82
759,18.0,30.0,88741.0,24.3,0.0,1.5,13,38,5,18,34,76
760,18.0,27.0,97874.0,23.7,0.0,1.4,22,46,10,30,18,61
761,17.0,28.0,92176.0,24.3,0.0,1.1,28,56,24,62,29,80
762,26.0,36.0,106518.0,24.5,0.0,0.6,24,48,21,38,33,68
763,28.0,39.0,104655.0,25.6,0.0,0.9,32,63,30,72,38,84
764,25.0,35.0,112028.0,27.9,0.0,0.6,41,71,27,49,32,72
765,18.0,26.0,108313.0,27.2,0.0,1.7,29,26,7,14,23,44
766,11.0,18.0,90704.0,25.5,0.0,1.9,29,33,13,21,28,43
767,6.0,14.0,105050.0,24.7,0.0,1.6,46,52,25,34,39,62
768,10.0,15.0,102992.0,24.3,0.0,1.8,56,62,29,49,43,69
769,7.0,10.0,103994.0,21.6,19.0,1.1,34,34,44,47,49,72
770,9.0,13.0,102516.0,21.1,6.0,0.6,25,38,28,39,49,77
771,11.0,16.0,110994.0,23.5,0.0,1.5,47,57,25,48,46,78
772,22.0,26.0,106223.0,24.2,1.5,0.8,50,62,55,77,40,69
773,28.0,34.0,76377.0,25.7,0.0,0.8,35,45,15,31,48,94
774,28.0,40.0,102776.0,24.0,44.0,0.8,36,44,53,68,47,88
775,18.0,28.0,100093.0,24.6,36.0,0.7,31,45,37,51,50,103
776,27.0,35.0,104914.0,25.8,0.0,0.6,70,74,52,42,63,101
777,16.0,26.0,103602.0,25.4,5.0,0.4,86,72,67,64,37,72
778,12.0,16.0,110232.0,26.5,0.5,1.0,23,36,56,61,21,58
779,4.0,8.0,101152.0,25.6,21.0,1.6,32,42,59,59,27,55
780,14.0,23.0,85583.0,24.7,29.0,1.4,73,72,64,69,36,71
781,18.0,23.0,105629.0,28.3,0.0,1.2,55,79,78,99,49,87
782,17.0,13.0,89106.0,29.0,0.0,0.5,34,39,24,28,34,54
783,15.0,15.0,105242.0,27.7,0.0,0.1,44,59,33,55,35,63
784,18.0,20.0,101079.0,26.4,23.5,0.8,36,72,24,52,35,65
785,18.0,31.0,107767.0,27.0,19.0,0.1,53,89,40,70,39,73
786,11.0,18.0,102584.0,27.9,15.0,0.4,58,70,83,86,40,66
787,8.0,16.0,63683.0,26.9,21.5,0.5,47,60,55,59,18,36
788,8.0,22.0,87228.0,28.8,0.0,0.6,32,35,14,13,26,47
789,16.0,17.0,103906.0,29.5,0.0,1.3,22,30,27,33,18,29
790,16.0,15.0,105508.0,29.9,0.0,2.1,41,64,22,43,18,34
791,18.0,17.0,103818.0,29.7,0.0,1.3,37,58,24,54,25,49
792,14.0,22.0,106849.0,30.4,0.0,0.6,31,34,29,36,19,32
793,23.0,33.0,100751.0,30.4,0.0,1.0,19,29,35,44,35,55
794,29.0,39.0,88721.0,30.3,0.0,0.9,26,38,40,45,38,62
795,42.0,51.0,104841.0,31.3,0.0,0.9,31,44,30,27,16,30
796,19.0,29.0,103886.0,29.5,0.0,1.6,39,47,46,47,19,33
797,18.0,26.0,105061.0,28.8,17.5,1.7,28,40,17,23,22,34
798,21.0,31.0,105497.0,28.0,15.0,0.9,38,44,33,46,35,52
799,14.0,20.0,99876.0,29.6,4.0,0.8,23,33,40,45,32,53
800,21.0,26.0,103164.0,30.2,0.0,1.5,26,23,23,25,16,27
801,14.0,26.0,61444.0,30.1,0.0,2.0,10,14,15,20,4,4
802,16.0,26.0,87088.0,29.9,0.0,1.4,6,10,6,16,4,7
803,19.0,13.0,98688.0,30.3,0.0,0.9,7,19,5,16,10,16
804,9.0,13.0,107125.0,30.2,0.0,1.6,22,45,11,28,19,34
805,4.0,7.0,91605.0,25.8,9.0,1.4,38,58,15,38,28,54
806,13.0,16.0,107488.0,26.7,1.0,1.6,10,31,6,18,20,40
807,23.0,35.0,100925.0,26.5,3.5,1.5,12,38,11,24,20,49
808,17.0,27.0,89489.0,25.9,0.0,0.9,26,66,15,45,19,56
809,24.0,34.0,104038.0,26.6,0.0,0.8,34,68,40,80,26,59
810,23.0,31.0,105095.0,27.8,0.0,1.4,36,56,51,54,22,54
811,23.0,27.0,103369.0,27.1,7.0,0.9,32,43,26,27,39,81
812,19.0,30.0,103017.0,26.4,30.0,1.2,25,59,14,32,34,73
813,25.0,37.0,112063.0,25.2,0.0,1.6,23,55,10,31,26,70
814,17.0,30.0,106818.0,23.7,0.0,1.0,31,53,15,43,44,112
815,12.0,20.0,92840.0,24.5,0.0,1.2,29,56,23,52,49,87
816,12.0,18.0,107800.0,25.8,0.0,0.8,58,74,76,90,40,85
817,16.0,21.0,101153.0,22.2,41.0,0.9,53,66,28,32,45,90
818,23.0,29.0,102514.0,24.3,1.5,1.0,18,57,4,25,55,97
819,16.0,24.0,102175.0,23.8,5.5,0.9,7,27,3,15,10,40
820,11.0,22.0,111069.0,23.8,1.5,1.4,10,36,6,21,15,51
821,14.0,23.0,105067.0,23.6,0.0,1.2,20,49,12,37,25,70
822,15.0,21.0,90506.0,24.0,0.0,0.8,26,57,20,51,32,62
823,18.0,29.0,103503.0,22.5,10.5,0.7,47,78,26,59,39,72
824,8.0,14.0,101388.0,22.5,2.5,0.6,49,72,48,83,37,80
825,10.0,13.0,101911.0,24.9,3.5,0.8,26,57,52,79,35,79
826,10.0,20.0,100921.0,24.8,26.5,0.4,37,72,45,72,48,96
827,16.0,23.0,108262.0,26.2,0.5,0.9,59,89,49,83,60,115
828,3.0,11.0,94697.0,26.7,3.0,3.0,72,92,45,74,63,128
829,8.0,16.0,88109.0,25.7,3.5,0.6,48,90,34,72,52,101
830,9.0,15.0,101725.0,24.4,10.5,0.6,59,104,65,92,51,108
831,14.0,22.0,111222.0,27.8,0.0,0.8,19,43,10,11,46,113
832,18.0,24.0,108874.0,25.7,0.0,1.3,17,42,15,26,17,53
833,4.0,11.0,83219.0,21.3,4.0,1.6,20,49,20,31,24,42
834,4.0,14.0,87124.0,23.2,0.0,1.2,28,32,22,23,25,44
835,10.0,16.0,82693.0,23.6,0.0,0.9,36,52,11,26,28,52
836,12.0,17.0,87005.0,25.5,0.0,1.0,36,60,27,53,31,66
837,7.0,12.0,105243.0,24.7,0.0,1.0,18,46,17,44,26,62
838,8.0,14.0,106441.0,23.4,0.0,1.2,26,69,29,60,40,103
839,10.0,29.0,106001.0,22.4,0.0,1.3,22,54,6,26,37,103
840,13.0,33.0,104510.0,20.5,0.0,0.9,16,49,24,61,21,81
841,11.0,24.0,108178.0,20.1,0.0,1.2,53,101,37,70,28,86
842,5.0,10.0,98384.0,18.2,43.5,1.3,78,101,58,78,49,121
843,1.0,5.0,76040.0,17.2,68.0,2.0,61,75,77,72,37,90
844,6.0,11.0,103363.0,18.3,0.0,0.8,64,95,29,40,29,80
845,14.0,24.0,105133.0,18.5,0.0,0.7,42,77,12,35,45,98
846,20.0,30.0,104868.0,19.0,0.0,0.6,22,56,23,53,44,94
847,12.0,17.0,104461.0,21.2,0.0,0.7,31,60,34,56,39,83
848,14.0,20.0,108934.0,23.0,0.0,0.7,51,63,51,57,39,87
849,32.0,33.0,102568.0,24.6,0.0,0.6,71,86,57,67,48,100
850,29.0,39.0,91185.0,23.6,0.0,0.6,56,109,59,76,46,94
851,32.0,41.0,104850.0,23.0,0.0,0.3,48,91,71,96,43,82
852,30.0,28.0,100796.0,22.5,0.0,0.1,46,72,51,79,33,63
853,5.0,9.0,100060.0,21.6,76.0,0.7,46,69,51,69,39,76
854,7.0,6.0,88344.0,22.7,13.0,1.2,54,88,56,82,38,85
855,17.0,20.0,105676.0,22.9,0.0,1.1,12,36,11,27,41,90
856,25.0,41.0,100530.0,19.4,0.0,1.6,12,26,6,16,12,29
857,4.0,11.0,88322.0,18.4,0.0,1.6,25,42,23,33,26,48
858,6.0,8.0,97702.0,15.7,13.0,0.7,43,52,38,52,43,61
859,11.0,21.0,104864.0,16.5,0.0,1.4,19,44,7,23,48,96
860,9.0,21.0,91469.0,13.6,0.0,0.5,39,72,31,55,60,107
861,18.0,38.0,102652.0,14.7,0.0,0.6,51,47,48,44,36,50
862,22.0,38.0,107918.0,17.8,0.0,0.6,27,62,42,57,42,67
863,14.0,25.0,105472.0,18.6,0.0,1.2,17,60,28,72,41,88
864,7.0,14.0,88497.0,16.9,0.0,1.1,19,47,23,51,32,82
865,15.0,28.0,103471.0,15.0,0.0,1.0,19,36,9,21,13,39
866,11.0,20.0,104280.0,14.2,0.0,1.0,42,60,16,32,25,64
867,13.0,22.0,102163.0,14.5,0.0,0.6,51,66,28,44,52,111
868,21.0,31.0,104913.0,14.9,0.0,0.9,77,58,54,53,69,127
869,9.0,19.0,107648.0,16.4,0.0,0.9,115,78,60,46,97,164
870,9.0,16.0,107876.0,16.8,0.0,0.6,145,103,124,86,90,145
871,16.0,23.0,91611.0,15.6,0.0,0.3,103,147,79,121,64,118
872,18.0,23.0,100577.0,15.8,0.0,0.6,26,102,17,54,86,183
873,9.0,11.0,100922.0,16.9,0.0,0.7,40,104,44,98,61,133
874,11.0,19.0,97458.0,16.8,0.0,0.8,114,150,78,120,57,102
875,12.0,21.0,99456.0,18.9,0.0,1.4,72,66,67,84,79,141
876,14.0,23.0,99744.0,17.6,0.0,0.9,12,26,8,20,10,37
877,14.0,26.0,108414.0,13.2,0.0,1.6,39,68,30,54,24,63
878,15.0,26.0,91185.0,11.2,0.0,0.8,76,117,53,80,48,102
879,19.0,32.0,96192.0,12.0,0.0,0.9,40,167,26,175,52,218
880,16.0,68.0,93243.0,14.6,0.5,1.5,33,105,32,85,42,174
881,15.0,28.0,91234.0,11.5,0.0,0.6,84,240,54,114,73,267
882,20.0,48.0,101350.0,13.1,0.0,0.9,63,140,36,84,77,204
883,41.0,112.0,106270.0,15.4,0.0,0.6,27,68,25,68,96,208
884,38.0,80.0,105594.0,13.7,0.0,0.2,32,74,29,49,86,193
885,38.0,72.0,92113.0,14.6,0.0,0.6,38,76,33,48,59,101
886,14.0,27.0,104239.0,13.7,0.0,0.5,60,92,48,57,34,79
887,25.0,40.0,103758.0,12.2,0.0,0.7,47,70,42,57,59,112
888,24.0,44.0,104181.0,11.9,0.0,0.8,44,74,46,71,92,163
889,21.0,46.0,103834.0,11.2,0.0,1.0,21,49,24,47,65,128
890,22.0,50.0,109807.0,7.2,0.0,0.6,63,98,39,73,77,143
891,25.0,50.0,105347.0,8.2,0.0,0.4,157,157,84,94,119,193
892,24.0,43.0,87165.0,9.3,9.5,0.7,42,79,31,84,54,131
893,13.0,30.0,103571.0,12.8,0.5,1.8,23,64,17,53,38,118
894,19.0,43.0,104027.0,9.8,0.0,0.3,62,117,50,92,64,161
895,19.0,41.0,92279.0,9.0,2.0,1.0,20,73,9,59,42,159
896,9.0,31.0,103168.0,3.2,0.0,1.8,36,101,25,57,33,118
897,11.0,41.0,92190.0,9.9,0.0,1.8,35,78,35,78,69,154
898,23.0,54.0,103950.0,13.1,1.5,0.9,32,52,47,80,129,209
899,28.0,48.0,84808.0,10.1,47.5,0.4,53,170,52,188,78,127
900,14.0,70.0,98030.0,8.2,16.5,2.1,20,103,19,98,40,220
901,10.0,33.0,91946.0,3.0,0.0,1.3,25,76,20,62,58,194
902,15.0,41.0,87813.0,2.6,0.0,0.4,70,170,61,124,58,151
903,26.0,59.0,103351.0,4.6,0.0,0.4,115,182,90,158,40,97
904,22.0,53.0,98385.0,9.8,0.0,0.5,114,140,138,181,46,89
905,19.0,43.0,94055.0,11.3,0.0,0.3,119,125,132,137,69,112
906,17.0,31.0,89756.0,13.1,0.0,1.0,19,34,7,30,47,83
907,16.0,36.0,97701.0,4.1,0.0,1.6,14,30,13,30,21,50
908,21.0,47.0,102402.0,8.1,0.0,0.4,43,74,38,72,53,98
909,22.0,50.0,103005.0,6.3,0.0,1.4,28,64,7,21,51,96
910,27.0,57.0,97653.0,5.3,0.0,0.8,27,50,39,69,27,57
911,14.0,43.0,100823.0,3.2,0.0,0.2,55,75,58,74,64,124
912,23.0,53.0,101454.0,4.8,0.0,0.3,90,80,52,39,69,103
913,40.0,56.0,83494.0,6.3,10.5,0.1,17,34,11,30,55,82
914,13.0,30.0,97048.0,3.3,0.0,1.9,16,39,10,25,31,62
915,13.0,35.0,75041.0,2.6,0.0,0.9,49,84,15,43,50,94
916,14.0,41.0,77471.0,6.0,0.0,0.9,34,67,13,32,60,113
917,12.0,28.0,79559.0,0.1,0.0,2.0,31,47,21,38,58,107
918,16.0,38.0,73536.0,-3.8,0.0,1.0,43,57,49,67,65,102
919,26.0,53.0,73934.0,0.4,0.0,0.5,135,148,52,68,110,163
920,37.0,51.0,69008.0,1.3,0.0,0.2,153,134,142,142,150,208
921,39.0,65.0,77567.0,3.1,0.0,0.2,175,174,183,183,219,295
922,53.0,99.0,73978.0,7.4,0.0,0.5,145,173,98,114,165,227
923,39.0,75.0,68785.0,8.1,0.0,1.8,20,37,6,15,86,137
924,12.0,31.0,71449.0,2.0,0.0,1.3,26,46,19,37,46,108
925,18.0,41.0,82156.0,1.1,0.0,0.5,46,77,21,47,83,138
926,23.0,53.0,81717.0,4.5,0.0,1.1,19,41,15,28,51,109
927,22.0,47.0,70146.0,5.1,0.0,0.4,43,66,49,75,60,108
928,23.0,53.0,76866.0,7.7,0.0,0.5,70,49,68,49,89,102
929,24.0,40.0,75472.0,7.9,2.0,0.7,26,24,10,18,69,86
930,27.0,51.0,77249.0,3.3,0.0,1.0,21,35,19,27,27,49
931,15.0,36.0,78725.0,1.4,0.0,1.0,24,37,11,23,73,113
932,22.0,51.0,79625.0,1.3,0.0,1.0,30,49,19,34,96,146
933,31.0,62.0,79684.0,0.6,0.0,0.5,76,97,38,51,126,175
934,31.0,58.0,69915.0,3.3,0.0,0.5,132,148,63,78,170,222
935,32.0,62.0,76230.0,4.3,0.0,1.2,74,72,48,57,146,189
936,46.0,83.0,0.0,1.6,0.0,0.6,46,46,82,76,97,142
937,55.0,85.0,68040.0,3.0,0.0,0.6,78,80,58,57,116,145
938,32.0,52.0,75158.0,3.0,1.5,1.3,40,66,16,47,70,102
939,18.0,42.0,81870.0,0.7,0.0,1.3,69,120,39,88,49,92
940,22.0,55.0,76493.0,0.7,0.0,0.5,107,143,77,118,59,95
941,25.0,46.0,63110.0,2.4,9.0,0.5,130,139,89,110,50,77
942,16.0,27.0,72561.0,4.5,0.5,1.1,10,40,8,35,48,97
943,11.0,30.0,81834.0,-4.2,0.0,2.2,18,32,21,36,24,53
944,17.0,34.0,59528.0,-0.5,0.0,0.9,62,97,35,56,52,88
945,35.0,71.0,72035.0,1.6,0.0,0.9,84,127,51,80,103,155
946,47.0,94.0,78729.0,2.2,0.0,0.9,141,190,50,72,150,213
947,48.0,84.0,74331.0,0.8,0.0,0.6,143,160,43,66,202,261
948,34.0,56.0,63741.0,1.3,0.0,0.5,57,70,61,73,193,233
949,22.0,32.0,72105.0,3.2,9.5,0.5,78,62,55,32,92,106
950,10.0,11.0,69649.0,8.4,46.0,0.7,46,40,12,19,36,37
951,22.0,28.0,73425.0,4.5,4.0,3.1,15,25,17,25,59,71
952,29.0,56.0,103705.0,1.9,0.0,1.5,95,94,35,39,74,100
953,39.0,68.0,107519.0,0.6,0.0,0.7,69,67,26,33,107,139
954,38.0,68.0,103841.0,1.6,0.0,0.8,25,42,11,20,134,173
955,19.0,39.0,64902.0,1.7,0.0,1.5,34,49,19,26,96,133
956,10.0,33.0,75471.0,0.8,0.0,1.7,15,27,11,20,119,155
957,21.0,47.0,77323.0,0.5,0.0,0.9,29,51,17,25,60,88
958,26.0,52.0,105531.0,-0.5,0.0,0.9,135,138,49,58,74,117
959,27.0,54.0,104264.0,-0.1,0.0,0.8,226,206,41,49,115,170
960,39.0,71.0,108127.0,0.3,0.0,0.6,222,196,72,79,168,217
961,36.0,62.0,104434.0,0.4,0.0,0.6,236,216,157,154,157,195
962,40.0,71.0,64300.0,3.0,0.0,1.3,70,89,28,69,158,215
963,28.0,68.0,77382.0,3.4,0.0,2.0,16,26,10,27,90,153
964,21.0,43.0,80473.0,0.7,0.0,0.9,43,62,43,56,92,148
965,31.0,55.0,105240.0,2.6,0.0,0.5,161,168,66,70,114,165
966,36.0,67.0,108478.0,6.2,0.5,0.9,154,133,56,63,160,210
967,59.0,90.0,89829.0,4.1,0.0,0.7,56,50,76,77,115,151
968,41.0,64.0,87655.0,5.4,0.0,0.4,78,89,145,161,71,95
969,20.0,34.0,62426.0,6.6,0.0,1.4,216,221,152,147,98,123
970,3.0,10.0,58259.0,5.9,3.0,2.3,239,227,158,137,65,80
971,11.0,20.0,75171.0,6.7,0.0,0.8,197,166,171,147,88,106
972,12.0,31.0,101839.0,7.0,0.0,0.7,81,56,70,51,127,147
973,18.0,34.0,101366.0,5.8,0.0,0.9,24,28,46,48,74,96
974,30.0,45.0,105718.0,4.0,0.0,1.5,90,86,44,47,69,86
975,51.0,71.0,97378.0,2.6,0.0,0.8,25,30,9,16,98,124
976,54.0,75.0,59879.0,2.1,0.0,0.9,26,24,31,32,77,98
977,25.0,43.0,75216.0,1.9,0.0,1.5,24,28,18,28,45,59
978,20.0,37.0,77005.0,0.3,0.0,1.2,28,39,10,18,67,93
979,10.0,31.0,103469.0,-4.3,0.0,2.3,16,26,26,33,23,39
980,21.0,46.0,101159.0,-4.5,0.0,1.0,29,32,44,38,62,78
981,32.0,58.0,105721.0,-1.1,0.0,0.9,100,100,72,52,76,87
982,27.0,46.0,100274.0,1.9,0.0,1.7,101,92,60,50,83,96
983,21.0,34.0,61668.0,0.3,0.0,1.1,151,138,122,109,104,123
984,32.0,58.0,76666.0,5.3,0.0,1.0,169,157,124,103,65,85
985,35.0,66.0,76022.0,6.5,0.0,0.5,126,103,182,141,52,69
986,26.0,38.0,97761.0,7.6,12.0,0.7,105,87,207,145,54,70
987,24.0,38.0,100032.0,7.3,0.0,1.4,105,92,197,142,47,64
988,52.0,89.0,107366.0,7.7,0.0,0.7,40,45,50,39,36,47
989,43.0,74.0,101602.0,9.8,2.0,0.8,10,9,6,11,20,26
990,11.0,20.0,56581.0,1.2,6.0,2.5,6,9,3,8,14,27
991,11.0,32.0,73438.0,-2.8,0.0,2.6,9,14,7,14,14,25
992,16.0,34.0,76306.0,-0.8,0.0,1.6,39,47,17,23,23,40
993,21.0,48.0,102864.0,2.3,0.0,0.7,92,78,58,51,33,51
994,36.0,65.0,102265.0,5.2,0.0,0.6,92,79,109,76,64,91
995,39.0,72.0,102980.0,7.3,1.5,0.6,113,115,75,95,96,153
996,26.0,71.0,91194.0,6.3,1.5,2.7,9,19,8,16,23,68
997,12.0,30.0,48283.0,3.9,0.0,1.3,47,81,41,51,42,105
998,17.0,34.0,60089.0,7.2,0.5,0.7,85,111,61,86,73,118
999,7.0,9.0,38528.0,7.1,51.5,1.2,37,52,51,75,59,75
1000,11.0,26.0,70736.0,8.4,0.0,1.0,26,40,37,47,51,89
1001,17.0,37.0,91770.0,7.0,0.0,1.0,22,29,28,32,28,48
1002,17.0,27.0,92908.0,4.9,2.5,0.6,64,52,65,63,46,53
1003,17.0,34.0,84127.0,7.2,0.0,0.6,73,56,86,57,65,76
1004,27.0,42.0,44552.0,6.2,0.0,1.5,39,37,21,21,73,95
1005,30.0,46.0,68781.0,5.8,0.0,1.9,40,44,25,27,49,77
1006,30.0,49.0,67912.0,7.4,0.0,1.4,28,24,14,21,36,63
1007,20.0,34.0,68618.0,4.0,0.0,2.8,10,16,11,16,20,40
1008,27.0,38.0,92637.0,3.4,0.0,1.6,33,42,38,48,42,76
1009,23.0,37.0,97918.0,4.8,0.0,0.7,83,86,85,79,58,93
1010,25.0,42.0,85205.0,6.0,0.0,0.6,105,67,64,45,85,118
1011,24.0,37.0,49855.0,8.8,0.0,0.8,112,85,97,61,104,152
1012,32.0,50.0,68495.0,9.9,1.0,0.8,77,48,51,32,107,139
1013,29.0,42.0,63733.0,6.8,8.0,1.5,30,32,10,30,42,79
1014,11.0,38.0,71959.0,5.2,0.0,2.1,43,85,29,51,42,119
1015,11.0,36.0,94514.0,7.4,0.0,1.2,45,102,18,37,43,123
1016,11.0,30.0,98283.0,7.1,0.0,1.5,24,51,11,23,25,62
1017,12.0,33.0,91779.0,5.0,0.0,2.0,26,54,8,37,38,93
1018,18.0,47.0,50936.0,5.4,0.0,2.8,17,60,7,33,28,90
1019,12.0,27.0,71655.0,4.7,0.0,1.6,29,74,26,71,31,88
1020,19.0,48.0,68733.0,7.9,0.0,2.0,48,85,30,61,44,100
1021,24.0,51.0,72588.0,10.4,0.0,0.8,43,161,36,127,42,180
1022,18.0,57.0,92211.0,10.4,0.0,3.6,10,44,8,46,11,72
1023,8.0,46.0,101731.0,9.4,0.0,2.0,48,134,29,70,36,161
1024,19.0,59.0,92515.0,14.5,0.0,1.5,37,98,27,94,62,174
1025,21.0,48.0,54423.0,13.6,0.0,1.9,29,60,30,74,40,90
1026,22.0,45.0,72441.0,10.4,0.0,1.9,41,76,28,55,46,109
1027,32.0,61.0,70868.0,11.3,0.0,1.0,65,85,51,68,42,101
1028,34.0,61.0,72575.0,13.8,0.0,0.8,73,92,117,111,34,76
1029,27.0,43.0,93887.0,14.2,0.5,0.6,24,50,8,24,44,80
1030,18.0,34.0,96789.0,11.7,8.5,1.5,8,31,5,21,13,41
1031,8.0,39.0,91113.0,7.6,0.0,1.3,14,43,10,28,19,57
1032,13.0,36.0,52019.0,8.9,0.0,1.3,38,65,45,72,39,85
1033,16.0,36.0,54757.0,12.0,0.0,1.0,49,65,68,87,59,105
1034,20.0,43.0,67891.0,12.9,0.0,1.0,54,68,64,75,39,66
1035,24.0,49.0,72415.0,11.8,0.0,1.9,25,53,9,21,36,102
1036,21.0,41.0,96377.0,10.0,0.0,1.2,36,58,16,34,50,88
1037,25.0,46.0,101703.0,10.7,0.0,1.4,38,56,14,36,60,92
1038,23.0,71.0,93742.0,10.0,0.0,2.2,23,189,23,154,41,157
1039,14.0,36.0,56036.0,8.0,0.0,1.5,29,84,30,88,38,115
1040,20.0,45.0,73448.0,9.7,0.0,1.4,84,153,62,122,36,88
1041,20.0,59.0,69807.0,11.7,0.0,2.0,39,89,45,103,52,124
1042,15.0,36.0,75755.0,10.1,0.0,2.2,24,66,21,60,71,148
1043,18.0,38.0,98402.0,9.9,0.0,1.5,22,40,34,47,37,66
1044,23.0,40.0,102984.0,10.9,0.0,1.6,44,55,39,50,50,71
1045,26.0,43.0,94835.0,9.0,0.0,1.5,35,60,20,38,53,88
1046,19.0,33.0,52331.0,8.5,1.0,1.2,35,91,17,52,40,98
1047,10.0,24.0,74611.0,10.7,0.0,1.9,57,103,26,67,39,96
1048,20.0,30.0,76078.0,13.0,0.0,1.5,69,92,66,102,41,87
1049,29.0,49.0,64859.0,12.8,0.0,0.9,61,89,63,93,39,81
1050,29.0,51.0,98981.0,15.9,0.0,1.6,64,96,23,75,42,117
1051,15.0,32.0,102664.0,14.5,3.0,2.2,37,67,23,37,36,105
1052,20.0,41.0,95858.0,13.7,0.0,2.0,68,77,33,45,66,107
1053,15.0,27.0,53776.0,11.4,12.5,1.2,66,65,39,54,68,84
1054,9.0,20.0,71135.0,11.0,0.0,2.1,11,32,7,31,23,60
1055,7.0,34.0,72936.0,9.4,0.0,3.2,9,44,7,33,17,58
1056,7.0,62.0,75165.0,7.3,0.0,2.9,10,34,6,24,15,64
1057,11.0,54.0,98877.0,9.0,0.0,2.7,10,30,7,21,19,61
1058,9.0,42.0,103383.0,10.6,0.0,2.9,24,107,19,132,32,109
1059,23.0,64.0,93433.0,15.7,0.0,3.5,19,80,10,53,31,114
1060,14.0,31.0,51212.0,13.3,0.0,2.0,31,59,14,33,30,73
1061,15.0,31.0,60026.0,12.7,0.0,1.5,54,72,41,63,34,79
1062,19.0,38.0,44473.0,13.6,0.0,1.9,48,109,59,109,30,90
1063,19.0,39.0,65852.0,16.1,0.0,1.5,52,97,61,117,38,81
1064,19.0,34.0,90546.0,17.8,0.0,1.6,68,113,90,126,42,91
1065,26.0,40.0,95610.0,22.4,0.0,2.0,60,102,108,132,35,72
1066,23.0,32.0,93827.0,22.5,0.0,1.4,49,73,55,81,40,81
1067,18.0,18.0,56521.0,19.0,11.0,1.0,29,39,59,65,61,139
1068,15.0,18.0,74127.0,20.5,0.0,1.6,25,53,34,50,24,75
1069,29.0,31.0,59858.0,15.9,2.0,0.9,45,52,48,50,23,49
1070,17.0,30.0,83460.0,20.4,0.0,1.5,59,65,71,63,45,95
1071,11.0,22.0,100565.0,20.0,0.0,2.3,66,65,75,69,25,50
1072,15.0,22.0,105116.0,19.4,8.5,1.4,26,13,39,20,17,21
1073,12.0,7.0,88863.0,16.1,18.0,1.8,40,36,34,30,23,33
1074,22.0,20.0,74022.0,14.8,0.5,2.1,27,77,19,60,39,80
1075,29.0,50.0,94154.0,19.0,0.0,2.2,17,70,18,126,22,68
1076,24.0,47.0,94303.0,16.7,0.0,3.1,19,94,18,123,18,91
1077,11.0,27.0,97517.0,16.6,0.0,2.0,43,156,41,186,37,183
1078,15.0,50.0,96260.0,20.6,0.0,0.8,31,88,35,89,43,121
1079,17.0,36.0,96154.0,16.7,26.0,1.1,32,47,40,53,78,147
1080,24.0,23.0,93689.0,17.8,0.0,1.1,44,58,41,59,49,125
1081,24.0,25.0,78983.0,21.6,0.0,1.2,37,104,17,81,53,187
1082,19.0,23.0,93529.0,20.0,10.5,1.8,20,82,10,48,20,85
1083,8.0,12.0,90243.0,14.3,4.5,1.8,19,61,14,52,22,75
1084,8.0,10.0,97612.0,15.0,0.0,1.3,53,91,21,46,29,85
1085,16.0,19.0,97787.0,17.8,0.0,0.9,56,55,70,65,34,94
1086,24.0,32.0,100958.0,18.9,19.0,1.3,39,38,42,35,26,79
1087,24.0,29.0,98387.0,20.6,0.0,1.2,18,29,5,13,39,95
1088,24.0,23.0,75474.0,19.7,3.0,1.7,22,32,8,20,26,65
1089,28.0,30.0,94875.0,18.1,0.0,1.1,39,57,10,26,27,79
1090,33.0,50.0,94651.0,20.0,0.0,1.6,34,31,9,18,25,52
1091,20.0,27.0,97972.0,19.8,0.0,1.5,18,30,9,22,21,59
1092,26.0,29.0,85429.0,19.3,0.0,1.5,30,63,37,62,17,55
1093,27.0,34.0,102245.0,21.6,0.0,1.2,51,96,59,82,26,78
1094,24.0,29.0,96566.0,22.9,0.0,1.0,34,66,53,73,21,54
1095,28.0,30.0,77446.0,21.7,0.0,1.3,18,31,11,14,27,64
1096,8.0,13.0,96404.0,21.2,0.5,2.0,26,65,19,56,27,70
1097,11.0,16.0,94670.0,20.3,0.0,1.1,36,104,23,74,46,160
1098,24.0,33.0,97976.0,23.3,0.0,1.3,51,285,42,218,43,176
1099,23.0,35.0,96671.0,25.5,0.0,2.1,28,126,8,42,46,148
1100,28.0,53.0,101392.0,25.6,0.0,1.5,19,46,12,38,60,173
1101,36.0,62.0,91279.0,24.5,4.5,1.3,26,46,21,56,51,148
1102,29.0,52.0,77918.0,24.2,0.0,1.3,59,121,34,93,33,105
1103,33.0,58.0,93975.0,26.5,0.0,1.0,34,112,55,117,36,106
1104,35.0,54.0,97089.0,27.9,0.0,1.1,47,102,38,90,38,93
1105,34.0,43.0,97588.0,25.9,57.5,1.1,66,89,53,67,44,93
1106,16.0,15.0,97820.0,25.5,67.5,1.0,63,84,47,70,41,91
1107,28.0,42.0,100783.0,24.3,4.0,0.8,46,69,31,56,26,62
1108,9.0,13.0,95720.0,24.4,20.5,0.9,51,91,50,86,29,58
1109,6.0,8.0,76173.0,24.2,5.0,2.1,10,29,7,26,27,78
1110,19.0,27.0,97488.0,23.5,0.0,2.0,22,78,14,52,25,91
1111,27.0,36.0,93843.0,24.3,0.0,1.4,40,112,35,110,48,110
1112,26.0,36.0,95070.0,23.6,0.0,1.2,19,51,20,80,36,51
1113,14.0,29.0,93655.0,20.8,1.0,1.1,32,47,23,56,19,32
1114,19.0,18.0,96581.0,24.2,0.0,1.3,34,54,23,44,34,64
1115,33.0,40.0,88915.0,24.9,0.0,1.3,36,64,37,78,36,68
1116,27.0,30.0,70770.0,26.2,0.0,1.1,40,69,36,75,35,66
1117,26.0,33.0,93573.0,27.5,0.0,1.2,34,66,48,81,26,52
1118,34.0,40.0,164912.0,27.3,0.0,1.2,28,53,44,61,19,33
1119,19.0,23.0,5117.0,23.3,6.0,1.3,31,38,19,29,23,43
1120,17.0,19.0,89934.0,21.5,4.0,1.3,18,31,32,34,36,63
1121,14.0,20.0,97008.0,23.5,0.0,2.0,41,50,30,34,31,53
1122,20.0,26.0,88161.0,25.2,0.0,0.8,80,69,66,66,42,78
1123,25.0,29.0,67695.0,24.9,0.0,1.2,42,40,55,53,60,113
1124,30.0,22.0,85915.0,22.5,36.5,1.4,39,58,28,38,39,65
1125,5.0,4.0,78895.0,20.4,22.5,1.8,32,40,15,26,31,52
1126,9.0,14.0,91702.0,21.3,0.5,1.2,34,56,24,53,24,48
1127,23.0,29.0,92127.0,23.6,0.0,0.8,30,46,28,33,24,44
1128,13.0,19.0,93950.0,22.0,1.0,1.2,34,35,50,38,22,35
1129,6.0,8.0,86717.0,21.7,0.5,1.2,41,50,44,42,30,50
1130,13.0,15.0,68392.0,23.4,0.0,0.9,46,48,22,30,36,60
1131,15.0,15.0,90986.0,24.2,0.0,1.0,44,45,17,28,47,84
1132,18.0,19.0,89289.0,25.4,0.0,1.6,40,49,14,27,47,81
1133,23.0,27.0,92389.0,25.4,0.0,1.3,29,38,31,49,39,77
1134,25.0,28.0,83018.0,26.9,0.0,1.4,26,38,29,29,34,62
1135,13.0,6.0,94175.0,25.4,13.5,1.6,53,55,47,41,48,81
1136,13.0,17.0,86651.0,26.4,0.0,1.3,75,67,85,60,65,112
1137,13.0,7.0,65606.0,22.3,62.0,1.5,55,52,85,57,14,23
1138,5.0,5.0,77659.0,19.5,98.5,2.5,44,49,49,50,16,26
1139,8.0,7.0,83055.0,20.0,5.5,1.4,44,58,32,44,28,50
1140,7.0,6.0,92549.0,21.0,8.0,0.8,45,64,30,44,48,82
1141,16.0,16.0,95682.0,23.6,0.0,0.8,41,65,48,73,46,77
1142,31.0,34.0,99066.0,25.5,0.0,0.8,56,70,48,59,51,86
1143,21.0,26.0,90039.0,25.3,0.0,1.3,46,48,42,33,35,61
1144,15.0,13.0,70217.0,26.6,5.0,1.3,33,46,27,27,20,38
1145,13.0,8.0,88890.0,24.5,15.5,1.7,39,57,35,59,27,53
1146,14.0,15.0,92773.0,26.2,0.0,1.0,35,64,34,62,30,55
1147,17.0,14.0,91219.0,23.5,26.5,1.0,31,54,42,59,36,57
1148,7.0,8.0,88200.0,21.9,57.0,2.0,30,51,30,52,21,37
1149,5.0,4.0,95320.0,21.9,16.0,1.3,29,57,24,44,25,51
1150,11.0,7.0,88560.0,22.8,11.5,0.8,29,70,27,64,36,76
1151,13.0,10.0,71117.0,24.2,0.0,0.6,25,43,24,35,31,48
1152,20.0,12.0,84199.0,24.6,1.0,1.0,53,53,57,38,44,74
1153,8.0,15.0,78717.0,24.0,14.5,0.8,55,50,71,44,48,80
1154,6.0,15.0,91124.0,24.9,97.5,0.4,53,64,57,53,45,76
1155,4.0,15.0,88596.0,25.4,197.0,1.0,54,67,71,68,39,72
1156,11.0,23.0,94845.0,26.8,4.5,0.9,35,43,42,54,15,28
1157,16.0,17.0,85300.0,26.0,9.0,0.8,32,36,33,33,27,44
1158,11.0,9.0,64768.0,28.8,0.0,2.2,28,34,16,32,18,25
1159,20.0,17.0,80223.0,27.5,7.5,1.5,47,64,17,36,23,40
1160,17.0,23.0,79870.0,27.3,49.0,0.9,63,79,14,36,14,27
1161,25.0,25.0,93123.0,27.0,15.0,0.6,46,44,32,53,33,56
1162,12.0,8.0,90755.0,25.5,32.5,2.4,33,36,30,42,26,41
1163,15.0,9.0,95078.0,23.5,58.0,0.4,15,21,23,31,24,35
1164,6.0,5.0,87198.0,23.9,59.0,0.3,15,25,22,40,44,58
1165,7.0,6.0,39380.0,27.1,17.5,0.8,27,44,17,31,49,75
1166,10.0,5.0,49948.0,26.4,32.0,0.7,22,36,15,28,51,84
1167,14.0,7.0,49687.0,26.2,32.0,0.9,53,66,30,54,51,83
1168,15.0,13.0,93752.0,27.4,9.0,0.7,32,49,33,46,34,56
1169,14.0,14.0,93766.0,29.0,0.0,0.8,25,24,13,19,17,26
1170,19.0,25.0,98840.0,29.0,0.0,1.8,39,55,28,45,20,33
1171,17.0,24.0,87741.0,29.6,0.0,2.0,34,39,32,45,14,24
1172,11.0,14.0,42158.0,28.6,0.0,1.5,51,48,39,37,29,48
1173,16.0,22.0,48053.0,29.0,0.0,0.9,69,60,48,40,33,58
1174,16.0,25.0,50889.0,28.9,0.0,0.8,46,36,29,26,30,54
1175,20.0,32.0,94486.0,29.1,0.0,1.3,14,17,11,23,22,39
1176,24.0,35.0,53371.0,29.1,0.0,1.2,14,27,19,30,12,21
1177,24.0,38.0,97317.0,28.9,0.0,0.9,20,42,23,45,22,48
1178,19.0,33.0,87304.0,25.6,37.5,1.1,26,50,36,58,32,67
1179,9.0,21.0,36394.0,27.5,0.0,0.8,46,66,57,71,42,70
1180,13.0,25.0,51457.0,28.7,0.0,1.0,21,27,9,19,25,39
1181,15.0,23.0,50463.0,29.7,0.0,1.0,32,67,17,43,23,46
1182,11.0,20.0,91324.0,29.3,4.0,1.9,58,68,61,79,35,66
1183,9.0,19.0,89023.0,29.7,3.0,1.8,55,61,43,50,20,38
1184,8.0,15.0,95571.0,29.1,12.0,1.2,19,46,17,40,30,60
1185,3.0,10.0,85498.0,27.0,12.5,0.9,27,52,49,74,46,84
1186,2.0,11.0,35324.0,28.1,28.5,1.0,24,37,52,55,41,83
1187,1.0,10.0,50032.0,27.1,0.0,1.7,30,39,15,24,40,82
1188,3.0,17.0,50213.0,27.0,0.0,1.5,17,44,12,25,24,52
1189,6.0,15.0,86547.0,24.8,29.5,1.3,17,35,13,26,20,55
1190,8.0,18.0,88061.0,23.5,62.0,3.1,8,25,7,18,19,50
1191,18.0,37.0,95681.0,24.5,0.0,1.3,22,51,14,35,19,53
1192,19.0,36.0,85969.0,22.4,0.0,0.9,38,79,24,52,25,70
1193,6.0,13.0,57958.0,21.1,23.0,1.4,58,76,58,82,29,75
1194,4.0,12.0,72335.0,19.4,27.5,3.1,61,71,15,27,52,109
1195,25.0,47.0,79929.0,24.1,0.0,2.4,14,35,7,19,26,53
1196,12.0,23.0,90820.0,22.4,14.5,1.3,10,34,8,23,33,63
1197,15.0,29.0,92558.0,23.6,0.0,0.6,12,37,6,20,31,66
1198,19.0,34.0,93839.0,21.9,1.5,0.6,8,23,5,15,16,37
1199,8.0,19.0,86080.0,19.6,12.5,1.0,18,36,11,21,26,52
1200,5.0,18.0,62901.0,21.7,0.0,0.9,33,47,24,39,35,66
1201,7.0,20.0,81587.0,22.0,0.0,0.8,44,46,43,49,45,78
1202,10.0,22.0,80675.0,23.5,0.0,0.7,30,23,33,22,27,49
1203,10.0,22.0,91354.0,21.7,6.0,0.4,15,24,5,15,35,66
1204,10.0,22.0,92137.0,21.7,9.5,0.9,8,27,7,20,16,47
1205,10.0,22.0,67964.0,20.9,0.0,1.5,17,41,9,25,22,64
1206,10.0,22.0,92425.0,20.7,0.0,1.5,31,61,14,37,35,86
1207,10.0,22.0,67171.0,19.6,0.0,1.0,30,51,11,30,32,79
1208,10.0,22.0,84771.0,18.2,0.0,0.6,15,40,38,65,48,103
1209,10.0,22.0,83424.0,19.5,0.0,1.3,32,61,24,38,56,112
1210,10.0,22.0,95858.0,19.1,0.0,1.2,27,28,34,33,36,70
1211,6.0,17.0,98120.0,20.2,0.0,1.0,49,39,27,24,49,75
1212,5.0,15.0,99891.0,20.3,0.0,1.0,65,57,35,39,67,106
1213,6.0,15.0,95632.0,19.8,0.0,1.0,56,48,55,56,35,69
1214,4.0,10.0,68366.0,19.4,0.0,0.9,34,42,66,65,31,72
1215,6.0,15.0,88875.0,18.9,0.0,0.5,55,76,82,82,30,67
1216,12.0,25.0,89659.0,18.6,0.0,0.7,26,36,12,14,39,83
1217,18.0,28.0,81147.0,19.2,0.0,0.4,23,34,17,28,27,58
1218,17.0,26.0,73429.0,20.1,0.0,0.8,41,44,43,47,43,87
1219,11.0,18.0,73618.0,20.9,0.0,1.2,20,30,6,19,41,76
1220,13.0,21.0,76043.0,20.2,2.0,0.5,27,54,20,45,30,74
1221,19.0,33.0,61372.0,18.3,1.0,1.7,8,31,5,19,16,57
1222,6.0,22.0,82985.0,14.5,0.0,1.2,10,28,7,21,17,52
1223,7.0,19.0,78029.0,14.7,0.0,0.7,39,70,27,53,30,75
1224,3.0,14.0,95732.0,17.0,0.0,1.1,52,77,62,88,42,95
1225,3.0,13.0,99132.0,18.0,0.0,2.0,95,91,86,94,51,105
1226,5.0,34.0,86529.0,18.2,0.0,1.5,93,95,110,108,52,108
1227,7.0,34.0,90125.0,17.6,0.0,0.9,106,104,139,104,64,138
1228,9.0,34.0,63628.0,18.0,0.0,0.7,77,77,44,44,67,130
1229,18.0,27.0,81828.0,17.4,0.0,0.9,11,28,11,31,22,60
1230,8.0,21.0,82758.0,13.5,0.0,0.7,20,57,13,36,45,96
1231,13.0,34.0,94533.0,12.8,0.0,1.1,13,45,10,36,44,69
1232,15.0,40.0,95880.0,11.8,0.0,0.7,82,79,49,73,34,60
1233,25.0,53.0,98202.0,11.7,0.0,0.1,57,59,13,25,47,85
1234,24.0,41.0,94129.0,13.0,0.0,0.6,29,59,16,47,32,67
1235,16.0,30.0,47106.0,12.6,0.0,0.6,107,114,28,65,55,93
1236,22.0,44.0,62773.0,13.2,0.0,0.7,117,117,50,80,65,116
1237,35.0,59.0,90561.0,14.0,0.0,0.7,93,92,118,121,75,126
1238,20.0,40.0,98145.0,13.3,0.0,0.5,41,136,38,146,60,193
1239,17.0,43.0,98125.0,13.5,0.0,1.2,18,74,11,55,36,163
1240,6.0,23.0,104398.0,10.7,0.0,1.9,11,37,10,32,20,67
1241,6.0,22.0,96022.0,9.8,0.0,1.3,47,88,32,67,25,67
1242,9.0,27.0,79487.0,12.1,0.0,0.7,77,124,82,124,50,103
1243,20.0,44.0,96747.0,12.2,0.0,0.7,133,175,80,115,78,151
1244,39.0,66.0,96276.0,13.1,0.0,0.6,14,56,9,47,60,152
1245,37.0,64.0,98961.0,14.2,0.0,0.8,25,72,17,50,32,95
1246,11.0,38.0,100265.0,9.9,0.0,0.7,43,80,35,75,55,128
1247,18.0,42.0,104483.0,11.3,0.0,0.8,68,90,52,80,85,162
1248,13.0,36.0,99144.0,12.6,0.0,0.6,96,196,78,222,69,124
1249,12.0,22.0,78261.0,12.7,2.5,0.7,33,115,14,65,102,184
1250,10.0,37.0,95838.0,11.5,0.0,0.9,16,68,6,45,61,147
1251,6.0,27.0,96480.0,7.0,0.0,1.9,19,59,12,37,26,91
1252,9.0,33.0,99251.0,4.9,0.0,0.9,56,112,39,81,35,97
1253,19.0,46.0,99578.0,8.4,0.0,0.6,66,108,83,121,40,93
1254,26.0,60.0,102837.0,12.2,0.0,0.4,65,122,68,133,59,126
1255,27.0,63.0,97720.0,14.6,0.0,1.3,36,150,26,132,64,167
1256,22.0,67.0,54029.0,10.7,0.0,2.0,13,39,13,44,20,84
1257,8.0,34.0,78147.0,7.6,0.0,1.2,32,70,21,55,33,97
1258,12.0,37.0,99023.0,9.0,0.0,1.1,78,125,38,75,61,142
1259,14.0,39.0,102099.0,8.4,0.0,0.6,101,139,107,147,62,129
1260,21.0,47.0,101218.0,9.5,0.0,0.4,101,122,83,107,55,111
1261,38.0,66.0,104395.0,10.0,0.0,0.5,38,58,21,52,136,231
1262,42.0,68.0,98618.0,11.1,0.0,0.5,45,73,48,84,110,173
1263,32.0,55.0,82489.0,11.7,0.0,0.7,122,139,83,96,88,139
1264,63.0,92.0,95521.0,11.1,0.0,0.5,78,93,102,113,86,143
1265,38.0,58.0,95812.0,15.4,3.5,0.9,112,110,105,95,42,64
1266,25.0,44.0,97751.0,15.9,2.5,0.6,39,24,44,23,19,22
1267,6.0,14.0,95494.0,16.7,28.0,2.3,12,22,8,13,24,35
1268,9.0,25.0,101675.0,7.1,0.0,2.1,22,35,10,21,40,61
1269,13.0,29.0,96232.0,8.5,0.0,1.3,43,50,26,32,38,52
1270,12.0,25.0,76539.0,8.0,3.0,1.5,17,22,7,14,30,38
1271,11.0,27.0,97020.0,4.5,0.0,1.4,21,37,14,29,28,50
1272,13.0,30.0,95706.0,5.2,0.0,0.9,74,93,30,48,57,92
1273,20.0,42.0,98965.0,5.5,0.0,0.7,72,82,25,41,89,134
1274,37.0,62.0,96701.0,7.2,0.0,0.7,20,45,19,41,104,150
1275,29.0,50.0,97703.0,6.2,0.0,1.6,23,46,15,28,37,70
1276,11.0,28.0,92674.0,3.2,0.0,1.8,12,24,12,25,33,67
1277,10.0,26.0,72594.0,2.5,0.0,1.2,39,65,16,33,93,148
1278,16.0,35.0,91465.0,1.6,0.0,0.9,14,31,17,34,88,136
1279,24.0,45.0,92549.0,1.9,0.0,0.8,50,78,25,42,85,126
1280,19.0,42.0,95248.0,3.6,0.0,0.8,46,53,17,35,105,116
1281,14.0,34.0,95278.0,2.0,0.0,1.1,12,32,8,20,50,71
1282,15.0,37.0,99647.0,0.6,0.0,0.7,17,39,8,19,74,111
1283,20.0,42.0,89081.0,1.9,0.0,0.6,32,51,24,39,111,155
1284,26.0,45.0,70475.0,3.2,0.0,0.5,116,113,34,54,103,146
1285,38.0,63.0,91757.0,3.5,0.0,0.9,10,30,8,25,63,98
1286,19.0,39.0,92201.0,1.1,0.0,0.9,28,48,22,42,28,64
1287,21.0,44.0,94953.0,1.5,0.0,0.6,81,102,46,82,83,128
1288,27.0,53.0,93403.0,6.1,0.0,0.5,114,139,56,93,144,198
1289,51.0,78.0,97467.0,6.9,0.0,0.5,88,112,32,56,198,266
1290,33.0,61.0,88335.0,4.7,0.0,1.4,149,129,72,98,186,249
1291,26.0,45.0,64712.0,1.3,4.0,1.3,19,29,8,26,55,99
1292,9.0,27.0,90476.0,-4.3,0.0,2.4,20,36,11,27,17,42
1293,9.0,27.0,90217.0,-5.4,0.0,1.7,21,44,16,39,42,82
1294,10.0,28.0,93453.0,-4.8,0.0,1.5,24,46,21,44,64,115
1295,12.0,33.0,93511.0,-3.6,0.0,0.7,73,103,35,71,81,128
1296,19.0,41.0,95918.0,0.4,0.0,1.3,20,42,9,27,68,104
1297,10.0,30.0,87297.0,-3.2,0.0,1.3,44,76,26,54,44,69
1298,14.0,32.0,66868.0,-2.2,0.0,0.8,52,77,24,42,81,121
1299,24.0,47.0,91837.0,0.4,0.0,0.6,84,104,37,56,101,146
1300,34.0,57.0,88234.0,1.6,0.0,0.8,131,140,53,77,86,123
1301,50.0,80.0,94451.0,4.1,0.0,0.8,75,132,37,127,92,141
1302,31.0,59.0,98403.0,4.5,0.0,1.6,25,81,20,60,77,137
1303,12.0,33.0,71032.0,0.6,0.0,1.2,57,110,34,84,67,119
1304,17.0,47.0,77677.0,1.4,0.0,0.5,85,128,48,98,109,162
1305,30.0,57.0,59685.0,3.1,0.0,0.3,98,129,65,102,137,205
1306,27.0,51.0,89388.0,5.2,0.0,0.5,42,59,56,90,198,271
1307,42.0,65.0,87544.0,1.5,0.5,1.2,11,65,8,53,20,58
1308,10.0,31.0,90358.0,-7.2,0.0,3.0,8,39,6,31,16,66
1309,12.0,37.0,94355.0,-7.1,0.0,1.1,24,53,12,36,31,76
1310,22.0,38.0,59224.0,-4.4,0.0,0.4,51,85,29,64,46,82
1311,23.0,51.0,71391.0,-2.8,0.0,1.1,54,79,46,72,65,117
1312,18.0,47.0,58844.0,-3.6,0.0,0.6,56,80,15,33,142,207
1313,28.0,52.0,86930.0,-2.6,0.0,0.5,28,53,14,37,133,185
1314,24.0,43.0,88453.0,-2.4,0.0,1.6,11,30,13,31,28,66
1315,12.0,28.0,90701.0,-5.2,1.0,1.0,18,126,10,75,37,157
1316,11.0,20.0,72803.0,-10.8,0.5,2.6,12,30,8,27,16,71
1317,11.0,20.0,86916.0,-13.0,0.0,1.0,14,34,8,29,29,82
1318,15.0,25.0,79636.0,-11.2,0.0,0.9,22,53,10,38,30,81
1319,18.0,27.0,59353.0,-8.0,0.0,0.5,12,31,9,24,32,77
1320,32.0,42.0,89156.0,-5.6,0.0,0.5,31,77,20,64,38,129
1321,34.0,46.0,87899.0,-1.6,0.0,1.0,65,247,45,149,58,254
1322,37.0,87.0,90928.0,3.9,0.0,1.3,54,237,58,237,70,225
1323,38.0,113.0,92634.0,3.5,0.0,0.7,46,113,53,110,93,237
1324,33.0,74.0,95456.0,6.4,0.0,1.8,53,157,40,142,95,241
1325,36.0,80.0,87458.0,-0.9,0.0,2.2,22,58,9,31,46,116
1326,8.0,20.0,63108.0,-3.1,0.0,1.7,23,68,17,56,49,137
1327,19.0,38.0,79926.0,-1.1,1.0,1.9,28,86,19,71,43,146
1328,12.0,43.0,87404.0,-4.5,0.0,1.1,27,57,26,46,56,139
1329,21.0,52.0,92636.0,-1.0,0.0,0.4,77,103,53,66,93,155
1330,36.0,56.0,90707.0,4.7,3.5,0.4,105,119,78,95,148,219
1331,33.0,39.0,93966.0,7.5,2.5,0.6,83,96,85,109,212,285
1332,25.0,38.0,87306.0,8.7,0.0,1.3,58,73,87,93,107,162
1333,7.0,27.0,68915.0,7.8,0.0,1.1,104,112,106,105,139,212
1334,9.0,39.0,87232.0,8.3,0.0,1.0,126,124,133,105,168,218
1335,14.0,25.0,87756.0,5.9,2.5,1.0,92,87,79,77,135,180
1336,21.0,59.0,93678.0,3.5,0.0,1.4,106,138,26,59,77,118
1337,17.0,42.0,89559.0,-1.1,1.0,2.2,10,66,6,49,34,125
1338,10.0,40.0,94258.0,-5.6,0.0,1.9,34,87,21,55,44,188
1339,24.0,75.0,87084.0,0.4,0.0,0.9,53,105,41,86,64,163
1340,24.0,64.0,69619.0,3.9,0.0,0.5,73,105,66,83,83,159
1341,50.0,89.0,89547.0,7.4,6.5,1.8,39,63,17,50,52,140
1342,17.0,41.0,92863.0,-2.4,0.0,2.5,14,37,14,37,43,102
1343,14.0,38.0,94003.0,-1.4,0.0,1.5,35,71,17,49,75,150
1344,15.0,40.0,92366.0,-0.3,0.0,1.6,41,89,35,63,52,115
1345,13.0,44.0,97488.0,1.6,0.0,0.8,92,137,41,74,73,125
1346,28.0,56.0,90918.0,7.0,0.0,1.9,49,114,35,117,61,155
1347,55.0,90.0,72586.0,6.3,0.0,1.5,20,49,22,51,44,105
1348,12.0,32.0,97216.0,-1.3,0.0,2.3,48,74,31,44,31,60
1349,12.0,34.0,99314.0,0.2,0.0,1.0,66,98,64,73,36,63
1350,19.0,43.0,102014.0,2.6,0.0,0.9,101,138,75,83,60,94
1351,32.0,60.0,72884.0,5.4,0.0,0.6,129,157,165,154,71,102
1352,40.0,66.0,68721.0,6.9,0.0,0.5,169,199,199,204,40,56
1353,51.0,79.0,69939.0,7.6,0.0,0.5,118,131,207,193,38,53
1354,39.0,66.0,68094.0,9.5,0.5,0.6,52,60,100,86,61,79
1355,24.0,43.0,93424.0,3.3,0.0,2.8,13,24,9,30,26,43
1356,9.0,23.0,93563.0,-2.5,3.0,1.9,13,32,5,30,30,64
1357,9.0,33.0,88990.0,-6.1,0.0,2.9,11,22,9,16,12,36
1358,10.0,37.0,90668.0,-4.2,0.0,1.9,38,65,26,35,33,65
1359,17.0,38.0,97997.0,2.8,0.0,1.7,81,128,43,66,49,93
1360,42.0,82.0,92514.0,10.7,0.0,2.2,47,110,46,93,37,118
1361,38.0,81.0,74083.0,14.4,0.0,2.1,81,218,54,186,41,88
1362,26.0,65.0,94308.0,12.0,0.0,2.2,32,71,28,67,41,120
1363,13.0,51.0,93111.0,2.4,0.0,1.5,20,50,28,49,31,86
1364,17.0,51.0,93389.0,4.6,0.0,0.9,41,62,44,52,32,69
1365,25.0,53.0,91666.0,4.8,0.0,0.6,73,94,80,77,57,72
1366,17.0,47.0,97749.0,8.7,0.0,1.6,90,110,131,109,98,135
1367,7.0,23.0,92111.0,8.7,0.0,2.1,86,100,121,99,49,79
1368,8.0,21.0,73738.0,7.4,0.0,0.8,79,88,95,70,41,65
1369,10.0,13.0,69284.0,8.3,44.5,1.1,16,19,22,17,16,25
1370,6.0,20.0,91499.0,2.9,0.0,1.5,67,77,61,54,37,64
1371,15.0,39.0,92285.0,4.3,0.0,0.6,99,116,114,101,34,67
1372,17.0,37.0,90470.0,5.8,2.5,0.5,100,129,151,130,46,86
1373,24.0,56.0,96145.0,8.8,0.0,0.9,69,97,110,101,50,115
1374,17.0,43.0,89789.0,7.7,0.0,1.5,14,41,22,52,25,72
1375,13.0,36.0,73760.0,6.9,0.0,1.1,45,74,57,73,54,101
1376,42.0,75.0,92845.0,8.0,0.0,0.7,97,125,89,84,102,169
1377,35.0,67.0,92041.0,8.1,0.0,1.0,163,198,144,112,71,119
1378,35.0,67.0,94176.0,9.4,0.0,1.0,98,112,191,136,59,94
1379,38.0,71.0,92730.0,11.2,0.0,0.9,82,99,122,81,61,91
1380,32.0,46.0,92165.0,8.4,14.0,1.1,88,100,104,69,55,80
1381,22.0,47.0,90849.0,8.8,0.0,0.8,83,96,103,61,79,116
1382,39.0,63.0,74266.0,9.4,0.0,0.9,126,139,130,96,72,107
1383,38.0,68.0,92264.0,11.6,0.0,1.1,203,885,207,1630,126,490
1384,15.0,74.0,94450.0,11.5,0.5,1.7,40,208,37,177,124,800
1385,17.0,95.0,94138.0,9.9,0.0,1.0,36,177,63,312,80,418
1386,22.0,88.0,93222.0,12.5,0.0,1.0,46,94,57,120,52,146
1387,9.0,46.0,97117.0,13.6,0.0,1.6,75,106,72,88,50,107
1388,9.0,21.0,87047.0,9.0,6.0,1.0,41,79,29,88,59,118
1389,26.0,51.0,74947.0,6.7,0.0,2.5,8,35,7,33,11,73
1390,14.0,46.0,95065.0,6.7,0.0,2.5,37,230,28,212,22,102
1391,28.0,99.0,93836.0,9.5,0.0,1.8,51,118,38,121,26,103
1392,17.0,57.0,93279.0,11.1,0.0,1.2,48,122,40,161,47,139
1393,16.0,54.0,93468.0,12.6,0.0,1.0,87,163,59,119,62,155
1394,27.0,78.0,97408.0,14.5,0.0,0.8,105,160,136,157,63,130
1395,20.0,44.0,87934.0,12.5,15.5,0.7,105,120,134,112,88,126
1396,10.0,15.0,70424.0,10.2,2.0,2.3,124,526,128,795,132,551
1397,65.0,409.0,92560.0,12.3,0.0,2.0,24,137,22,126,74,359
1398,29.0,152.0,93763.0,12.8,0.0,1.1,58,198,55,230,50,184
1399,16.0,51.0,95183.0,14.5,0.0,0.9,87,225,53,176,54,178
1400,12.0,61.0,93133.0,15.5,0.0,2.3,46,112,72,172,47,132
1401,13.0,57.0,96890.0,17.7,0.0,1.8,73,124,36,67,26,50
1402,15.0,31.0,83869.0,16.5,23.0,0.9,30,45,12,29,13,32
1403,2.0,9.0,71222.0,11.7,7.0,1.4,27,57,7,30,24,58
1404,5.0,20.0,94972.0,11.4,0.0,1.3,50,77,30,70,26,62
1405,14.0,37.0,92658.0,13.1,0.0,1.5,46,73,32,62,36,77
1406,23.0,55.0,91459.0,14.6,0.0,1.2,47,85,38,80,61,129
1407,15.0,38.0,91697.0,13.5,0.0,1.4,30,66,35,74,73,143
1408,11.0,32.0,96293.0,12.0,0.0,1.7,41,78,40,77,71,127
1409,14.0,40.0,89300.0,13.0,0.0,1.3,72,110,67,102,46,96
1410,17.0,41.0,73045.0,15.6,0.0,1.1,58,94,58,94,30,66
1411,10.0,25.0,88745.0,13.6,14.0,1.2,49,81,45,72,48,85
1412,5.0,13.0,91197.0,11.4,2.0,2.8,8,25,6,27,18,58
1413,10.0,31.0,91777.0,9.4,0.0,1.9,28,73,24,85,22,64
1414,12.0,39.0,91287.0,11.4,0.0,1.0,68,192,70,311,47,148
1415,14.0,46.0,92743.0,11.9,0.0,1.4,56,257,35,165,103,589
1416,19.0,90.0,88477.0,10.4,0.0,1.9,13,50,10,35,22,74
1417,9.0,29.0,73271.0,10.8,0.0,2.4,34,94,27,81,25,78
1418,15.0,46.0,93327.0,13.3,0.0,1.8,57,132,55,133,32,92
1419,27.0,68.0,91205.0,15.7,0.0,1.0,69,137,51,122,36,94
1420,26.0,64.0,91071.0,19.8,0.0,1.2,47,83,39,76,25,62
1421,21.0,59.0,89713.0,22.0,0.0,1.5,30,42,32,41,41,62
1422,9.0,36.0,94381.0,19.1,0.0,2.3,18,28,24,37,25,40
1423,9.0,27.0,89168.0,18.4,0.0,1.4,46,67,20,42,31,56
1424,11.0,32.0,73965.0,17.6,0.0,1.4,37,59,39,59,40,84
1425,7.0,23.0,92225.0,17.1,0.0,1.4,40,64,40,68,41,61
1426,14.0,38.0,90785.0,16.5,0.0,1.1,37,109,27,109,59,185
1427,21.0,85.0,91888.0,17.0,0.0,1.6,17,62,14,66,34,119
1428,21.0,77.0,92480.0,16.5,1.0,1.8,27,85,16,66,31,128
1429,15.0,46.0,96554.0,13.3,0.0,3.1,19,42,13,30,30,100
1430,14.0,38.0,86194.0,10.8,0.5,2.1,23,45,9,29,25,71
1431,7.0,18.0,74307.0,12.5,3.5,1.6,22,49,13,45,17,50
1432,7.0,19.0,94030.0,15.1,0.0,1.4,30,56,35,79,32,69
1433,11.0,28.0,92461.0,17.1,4.5,0.9,24,56,13,65,46,120
1434,10.0,37.0,80206.0,15.2,2.0,2.3,21,83,27,99,26,112
1435,14.0,70.0,92013.0,15.9,0.0,1.0,73,300,91,368,38,160
1436,60.0,207.0,99260.0,15.2,3.0,2.0,71,227,68,202,157,638
1437,99.0,428.0,92996.0,16.2,0.0,2.6,57,159,39,115,103,333
1438,22.0,103.0,77349.0,17.0,0.0,2.0,25,63,20,55,42,121
1439,7.0,21.0,89088.0,12.6,9.5,0.9,17,45,21,56,52,138
1440,6.0,15.0,89549.0,15.9,6.0,1.6,23,40,23,48,40,82
1441,6.0,20.0,93166.0,20.0,0.0,1.4,29,57,15,49,53,110
1442,16.0,36.0,93109.0,22.6,0.0,0.9,41,64,42,70,53,99
1443,30.0,53.0,96973.0,23.8,0.0,1.2,39,60,40,75,44,82
1444,18.0,24.0,88716.0,22.8,2.0,1.0,25,40,11,31,35,76
1445,4.0,2.0,66326.0,21.4,41.0,1.2,6,18,4,23,9,27
1446,4.0,7.0,89436.0,16.4,3.0,1.7,19,45,12,44,14,40
1447,14.0,27.0,94695.0,18.7,0.0,1.0,31,65,20,62,18,46
1448,18.0,36.0,79577.0,21.0,0.0,1.1,30,68,31,77,36,70
1449,13.0,22.0,88962.0,16.9,6.5,1.2,52,83,37,73,32,59
1450,7.0,14.0,93299.0,15.2,1.0,2.1,52,81,36,69,29,56
1451,13.0,27.0,88800.0,19.1,0.0,1.4,46,82,32,85,32,67
1452,19.0,32.0,72388.0,20.8,0.0,0.8,66,229,52,192,60,216
1453,30.0,82.0,91861.0,20.5,0.0,1.6,30,89,14,57,59,204
1454,31.0,109.0,93614.0,16.7,3.0,2.0,22,81,19,85,29,114
1455,10.0,37.0,90026.0,17.9,0.0,0.8,25,86,15,57,22,69
1456,14.0,31.0,91556.0,16.7,2.0,1.7,21,55,11,40,24,88
1457,16.0,37.0,94136.0,15.4,27.5,1.5,6,24,4,19,10,44
1458,12.0,30.0,89804.0,18.6,0.0,2.0,13,42,8,32,27,108
1459,14.0,33.0,73882.0,20.8,10.5,1.1,19,39,17,40,41,106
1460,15.0,35.0,90957.0,20.9,7.0,1.1,37,65,25,41,53,126
1461,20.0,40.0,90799.0,22.5,0.0,1.0,45,68,15,35,49,82
1462,22.0,41.0,91460.0,24.4,0.0,1.1,47,75,21,48,29,66
1463,14.0,20.0,88082.0,18.8,26.0,0.7,18,37,3,22,26,62
1464,8.0,22.0,96847.0,19.0,3.0,1.7,11,43,6,29,18,68
1465,38.0,65.0,90430.0,22.1,0.0,2.0,15,41,7,25,14,49
1466,30.0,56.0,73035.0,23.2,0.0,1.4,23,65,12,43,21,65
1467,21.0,43.0,91268.0,23.5,0.0,1.0,32,61,21,46,30,95
1468,25.0,43.0,90723.0,24.9,0.0,0.8,41,63,28,56,41,101
1469,24.0,39.0,91173.0,26.6,0.0,1.0,36,60,27,52,34,84
1470,25.0,41.0,91143.0,25.1,1.5,1.0,21,35,9,24,48,77
1471,15.0,20.0,94124.0,23.6,13.5,1.4,25,48,15,46,40,69
1472,24.0,33.0,88278.0,25.3,0.0,1.1,49,91,32,81,41,89
1473,33.0,43.0,72311.0,24.8,0.0,1.5,54,97,43,91,34,70
1474,35.0,46.0,90289.0,24.6,0.0,1.3,43,54,22,32,16,22
1475,16.0,27.0,89545.0,22.5,2.0,1.3,20,25,22,36,28,39
1476,2.0,10.0,91198.0,23.2,0.0,1.9,29,48,19,33,24,42
1477,5.0,13.0,89280.0,21.9,0.0,1.3,15,26,7,18,20,29
1478,7.0,14.0,93014.0,21.4,2.5,1.4,10,31,5,26,23,51
1479,15.0,29.0,89797.0,23.2,0.0,1.3,15,50,8,34,19,54
1480,16.0,30.0,76737.0,24.5,0.0,1.8,14,43,11,36,17,57
1481,28.0,45.0,93168.0,25.1,0.0,1.6,23,65,18,65,24,72
1482,11.0,23.0,90177.0,23.4,0.0,1.1,16,36,15,43,41,111
1483,19.0,32.0,87209.0,20.5,23.5,1.0,26,50,18,33,31,90
1484,14.0,31.0,94549.0,22.8,0.0,1.0,36,75,24,46,32,72
1485,14.0,30.0,102740.0,24.0,5.5,1.1,45,96,30,49,30,64
1486,10.0,19.0,91068.0,22.7,11.5,0.9,32,61,22,40,26,44
1487,13.0,22.0,76373.0,24.9,0.0,0.9,37,70,26,48,38,66
1488,15.0,24.0,97692.0,25.1,0.0,1.2,43,77,32,53,43,75
1489,16.0,25.0,96636.0,23.7,0.0,1.0,27,46,26,40,22,40
1490,23.0,38.0,97579.0,24.6,9.0,0.9,27,44,14,27,24,46
