date,SO2 (ppm),PM10 (ug/m3),O3 (ppm),NO2 (ppm),CO (ppm),PM2.5 (ug/m3)
2017-06-01,0.001,42.0,0.024,0.023,0.5,24.0
2017-06-02,0.002,34.0,0.03,0.023,0.6,14.0
2017-06-03,0.003,25.0,0.032,0.021,0.5,11.0
2017-06-04,0.003,31.0,0.04,0.02,0.5,14.0
2017-06-05,0.004,35.0,0.033,0.031,0.7,14.0
2017-06-06,0.003,32.0,0.03,0.021,0.5,11.0
2017-06-07,0.002,21.0,0.019,0.024,0.6,12.0
2017-06-08,0.002,46.0,0.040999999999999995,0.023,0.8,23.0
2017-06-09,0.002,51.0,0.044000000000000004,0.026000000000000002,0.8,28.0
2017-06-10,0.002,61.0,0.052000000000000005,0.023,0.8,35.0
2017-06-11,0.003,41.0,0.044000000000000004,0.018000000000000002,0.6,15.0
2017-06-12,0.003,32.0,0.035,0.019,0.5,13.0
2017-06-13,0.003,36.0,0.032,0.022000000000000002,0.5,13.0
2017-06-14,0.004,49.0,0.031,0.034,0.5,22.0
2017-06-15,0.003,53.0,0.037000000000000005,0.033,0.3,25.0
2017-06-16,0.003,62.0,0.049,0.044000000000000004,0.4,33.0
2017-06-17,0.003,46.0,0.044000000000000004,0.040999999999999995,0.4,24.0
2017-06-18,0.004,44.0,0.048,0.033,0.4,26.0
2017-06-19,0.003,50.0,0.040999999999999995,0.043,0.4,29.0
2017-06-20,0.004,49.0,0.034,0.043,0.4,33.0
2017-06-21,0.005,47.0,0.032,0.037000000000000005,0.4,30.0
2017-06-22,0.003,35.0,0.034,0.032,0.3,23.0
2017-06-23,0.003,36.0,0.033,0.046,0.4,23.0
2017-06-24,0.002,44.0,0.028999999999999998,0.04,0.4,29.0
2017-06-25,0.001,48.0,0.033,0.028999999999999998,0.3,26.0
2017-06-26,0.001,31.0,0.025,0.027000000000000003,0.3,20.0
2017-06-27,0.001,40.0,0.023,0.023,0.4,24.0
2017-06-28,0.001,37.0,0.031,0.02,0.4,25.0
2017-06-29,0.001,53.0,0.035,0.019,0.4,37.0
2017-06-30,0.002,61.0,0.036000000000000004,0.021,0.5,45.0
2017-07-01,0.001,29.0,0.013999999999999999,0.019,0.4,17.0
2017-07-02,0.001,21.0,0.008,0.01,0.2,12.0
2017-07-03,0.001,19.0,0.011000000000000001,0.013999999999999999,0.2,12.0
2017-07-04,0.001,19.0,0.015,0.013999999999999999,0.2,14.0
2017-07-05,0.001,38.0,0.027000000000000003,0.017,0.3,29.0
2017-07-06,0.001,32.0,0.018000000000000002,0.016,0.3,21.0
2017-07-07,0.001,17.0,0.009000000000000001,0.013000000000000001,0.3,10.0
2017-07-08,0.001,12.0,0.009000000000000001,0.015,0.3,10.0
2017-07-09,0.001,15.0,0.015,0.011000000000000001,0.2,11.0
2017-07-10,0.001,17.0,0.01,0.012,0.2,12.0
2017-07-11,0.002,35.0,0.027999999999999997,0.013999999999999999,0.2,26.0
2017-07-12,0.004,43.0,0.028999999999999998,0.016,0.3,34.0
2017-07-13,0.004,35.0,0.027000000000000003,0.016,0.3,30.0
2017-07-14,0.004,29.0,0.024,0.016,0.3,21.0
2017-07-15,0.004,8.0,0.016,0.013000000000000001,0.2,9.0
2017-07-16,0.004,10.0,0.009000000000000001,0.009000000000000001,0.2,9.0
2017-07-17,0.004,14.0,0.009000000000000001,0.013000000000000001,0.2,11.0
2017-07-18,0.003,17.0,0.013999999999999999,0.013999999999999999,0.3,12.0
2017-07-19,0.004,30.0,0.025,0.017,0.3,24.0
2017-07-20,0.003,42.0,0.024,0.017,0.4,36.0
2017-07-21,0.004,41.0,0.026000000000000002,0.02,0.3,33.0
2017-07-22,0.004,39.0,0.024,0.017,0.3,33.0
2017-07-23,0.003,38.0,0.02,0.015,0.3,31.0
2017-07-24,0.002,50.0,0.017,0.017,0.4,39.0
2017-07-25,0.002,27.0,0.022000000000000002,0.015,0.4,19.0
2017-07-26,0.002,15.0,0.027000000000000003,0.013000000000000001,0.3,8.0
2017-07-27,0.002,19.0,0.026000000000000002,0.018000000000000002,0.3,12.0
2017-07-28,0.002,29.0,0.025,0.016,0.3,20.0
2017-07-29,0.002,19.0,0.024,0.012,0.3,12.0
2017-07-30,0.002,18.0,0.021,0.012,0.3,13.0
2017-07-31,0.002,17.0,0.011000000000000001,0.013999999999999999,0.4,13.0
2017-08-01,0.002,14.0,0.016,0.016,0.4,7.0
2017-08-02,0.002,19.0,0.019,0.013000000000000001,0.4,10.0
2017-08-03,0.002,19.0,0.026000000000000002,0.012,0.4,12.0
2017-08-04,0.002,20.0,0.021,0.013999999999999999,0.4,15.0
2017-08-05,0.002,16.0,0.021,0.012,0.3,11.0
2017-08-06,0.002,20.0,0.031,0.012,0.3,10.0
2017-08-07,0.002,26.0,0.040999999999999995,0.015,0.4,16.0
2017-08-08,0.002,35.0,0.040999999999999995,0.017,0.5,23.0
2017-08-09,0.002,31.0,,0.019,0.5,20.0
2017-08-10,0.003,23.0,,0.023,0.7,12.0
2017-08-11,0.003,25.0,0.024,0.022000000000000002,0.5,11.0
2017-08-12,0.003,28.0,0.019,0.016,0.3,9.0
2017-08-13,0.003,21.0,0.017,0.01,0.3,7.0
2017-08-14,0.003,16.0,0.015,0.013999999999999999,0.4,5.0
2017-08-15,0.003,13.0,0.013999999999999999,0.012,0.4,5.0
2017-08-16,0.003,17.0,0.011000000000000001,0.017,0.4,6.0
2017-08-17,0.003,20.0,0.013999999999999999,0.017,0.4,7.0
2017-08-18,0.003,30.0,0.023,0.02,0.5,13.0
2017-08-19,0.003,34.0,0.021,0.021,0.5,16.0
2017-08-20,0.003,26.0,0.026000000000000002,0.013999999999999999,0.4,11.0
2017-08-21,0.003,22.0,0.013000000000000001,0.016,0.4,9.0
2017-08-22,0.003,28.0,0.013999999999999999,0.017,0.3,12.0
2017-08-23,0.003,23.0,0.021,0.013000000000000001,0.3,6.0
2017-08-24,0.003,22.0,0.023,0.013999999999999999,0.3,6.0
2017-08-25,0.004,39.0,0.032,0.027000000000000003,0.5,17.0
2017-08-26,0.004,39.0,0.040999999999999995,0.024,0.5,15.0
2017-08-27,0.004,37.0,0.04,0.024,0.5,14.0
2017-08-28,0.004,38.0,,0.022000000000000002,,15.0
2017-08-29,0.005,42.0,0.032,0.018000000000000002,0.6,13.0
2017-08-30,0.005,50.0,0.012,0.026000000000000002,0.5,15.0
2017-08-31,0.004,54.0,0.051,0.032,0.6,22.0
2017-09-01,0.002,40.0,0.015,0.027000000000000003,0.4,16.0
2017-09-02,0.002,28.0,0.013000000000000001,0.024,0.4,9.0
2017-09-03,0.002,25.0,0.015,0.021,0.3,9.0
2017-09-04,0.002,27.0,0.01,0.02,0.4,15.0
2017-09-05,0.002,46.0,0.015,0.047,0.4,18.0
2017-09-06,0.002,50.0,0.015,0.044000000000000004,0.4,17.0
2017-09-07,0.002,61.0,0.03,0.043,0.4,23.0
2017-09-08,0.002,69.0,0.025,0.049,0.6,35.0
2017-09-09,0.002,74.0,0.024,0.054000000000000006,0.6,36.0
2017-09-10,0.002,60.0,0.022000000000000002,0.040999999999999995,0.5,30.0
2017-09-11,0.002,37.0,0.022000000000000002,0.037000000000000005,0.4,15.0
2017-09-12,0.002,52.0,0.018000000000000002,0.040999999999999995,0.5,19.0
2017-09-13,0.003,40.0,0.018000000000000002,0.04,0.5,13.0
2017-09-14,0.003,39.0,0.021,0.042,0.5,13.0
2017-09-15,0.002,32.0,0.027999999999999997,0.026000000000000002,0.3,7.0
2017-09-16,0.002,27.0,0.025,0.025,0.3,6.0
2017-09-17,0.003,23.0,0.02,0.03,0.3,7.0
2017-09-18,0.003,37.0,0.018000000000000002,0.040999999999999995,0.4,12.0
2017-09-19,0.003,85.0,0.042,0.05,0.6,41.0
2017-09-20,0.003,55.0,0.03,0.042,0.5,20.0
2017-09-21,0.002,39.0,0.019,0.051,0.4,14.0
2017-09-22,0.002,39.0,0.026000000000000002,0.054000000000000006,0.4,18.0
2017-09-23,0.002,45.0,0.02,0.049,0.5,24.0
2017-09-24,0.002,45.0,0.03,0.044000000000000004,0.5,34.0
2017-09-25,0.002,62.0,0.027000000000000003,0.049,0.6,38.0
2017-09-26,0.003,56.0,0.025,0.052000000000000005,0.5,26.0
2017-09-27,0.002,40.0,0.02,0.043,0.5,15.0
2017-09-28,0.003,41.0,0.015,0.047,0.4,14.0
2017-09-29,0.003,39.0,0.021,0.046,0.5,13.0
2017-09-30,0.003,42.0,0.017,0.057999999999999996,0.5,17.0
2017-10-01,0.003,37.0,0.018000000000000002,0.04,0.4,15.0
2017-10-02,0.003,26.0,0.012,0.044000000000000004,0.5,11.0
2017-10-03,0.004,49.0,0.021,0.033,0.4,16.0
2017-10-04,0.004,41.0,0.022000000000000002,0.027000000000000003,0.3,12.0
2017-10-05,0.003,30.0,0.028999999999999998,0.026000000000000002,0.3,7.0
2017-10-06,0.003,24.0,0.02,0.031,0.3,7.0
2017-10-07,0.003,29.0,0.009000000000000001,0.036000000000000004,0.4,9.0
2017-10-08,0.003,23.0,0.013000000000000001,0.038,0.4,10.0
2017-10-09,0.003,29.0,0.015,0.037000000000000005,0.4,13.0
2017-10-10,0.002,31.0,0.012,0.035,0.4,13.0
2017-10-11,0.002,30.0,0.013000000000000001,0.027999999999999997,0.4,11.0
2017-10-12,0.003,43.0,0.006999999999999999,0.034,0.4,14.0
2017-10-13,0.003,55.0,0.011000000000000001,0.049,0.5,19.0
2017-10-14,0.004,48.0,0.011000000000000001,0.053,0.6,16.0
2017-10-15,0.004,40.0,0.018000000000000002,0.040999999999999995,0.4,11.0
2017-10-16,0.003,44.0,0.016,0.047,0.4,14.0
2017-10-17,0.002,48.0,0.012,0.042,0.5,18.0
2017-10-18,0.002,39.0,0.03,0.027999999999999997,0.3,9.0
2017-10-19,0.002,36.0,0.021,0.033,0.3,10.0
2017-10-20,0.002,36.0,0.013999999999999999,0.043,0.4,12.0
2017-10-21,0.002,41.0,0.012,0.042,0.4,13.0
2017-10-22,0.002,32.0,0.026000000000000002,0.027000000000000003,0.3,10.0
2017-10-23,0.003,44.0,0.021,0.040999999999999995,0.4,12.0
2017-10-24,0.002,56.0,0.009000000000000001,0.045,0.5,17.0
2017-10-25,0.003,66.0,0.011000000000000001,0.042,0.6,25.0
2017-10-26,0.003,81.0,0.01,0.05,0.6,35.0
2017-10-27,0.003,90.0,0.006999999999999999,0.055,0.7,44.0
2017-10-28,0.003,62.0,0.011000000000000001,0.039,0.6,15.0
2017-10-29,0.003,75.0,0.016,0.026000000000000002,0.5,15.0
2017-10-30,0.003,57.0,0.015,0.031,0.5,18.0
2017-10-31,0.003,58.0,0.009000000000000001,0.04,0.6,16.0
2017-11-01,0.003,64.0,0.018000000000000002,0.037000000000000005,0.6,21.0
2017-11-02,0.003,71.0,0.013000000000000001,0.038,0.6,29.0
2017-11-03,0.003,71.0,0.013000000000000001,0.033,0.6,28.0
2017-11-04,0.003,74.0,0.022000000000000002,0.027999999999999997,0.6,34.0
2017-11-05,0.003,76.0,0.012,0.033,0.7,35.0
2017-11-06,0.004,72.0,0.01,0.040999999999999995,0.7,31.0
2017-11-07,0.004,66.0,0.008,0.042,0.6,27.0
2017-11-08,0.004,95.0,0.02,0.033,0.5,28.0
2017-11-09,0.004,66.0,0.008,0.037000000000000005,0.6,20.0
2017-11-10,0.004,72.0,0.013000000000000001,0.033,0.6,20.0
2017-11-11,0.004,88.0,0.015,0.026000000000000002,0.4,13.0
2017-11-12,0.004,56.0,0.008,0.032,0.6,20.0
2017-11-13,0.005,73.0,0.004,0.042,0.8,30.0
2017-11-14,0.004,68.0,0.013000000000000001,0.034,0.5,19.0
2017-11-15,0.003,53.0,0.015,0.032,0.4,11.0
2017-11-16,0.004,52.0,0.013999999999999999,0.034,0.5,16.0
2017-11-17,0.005,74.0,0.003,0.05,0.8,27.0
2017-11-18,0.004,62.0,0.02,0.027000000000000003,0.4,18.0
2017-11-19,0.004,45.0,0.018000000000000002,0.027999999999999997,0.4,13.0
2017-11-20,0.004,58.0,0.013999999999999999,0.039,0.5,19.0
2017-11-21,0.004,63.0,0.006,0.045,0.7,28.0
2017-11-22,0.004,86.0,0.006999999999999999,0.047,0.8,28.0
2017-11-23,0.004,46.0,0.013000000000000001,0.032,0.5,11.0
2017-11-24,0.003,37.0,0.01,0.032,0.5,13.0
2017-11-25,0.004,66.0,0.02,0.028999999999999998,0.6,18.0
2017-11-26,0.004,65.0,0.024,0.028999999999999998,0.5,24.0
2017-11-27,0.005,89.0,0.003,0.045,1.0,40.0
2017-11-28,0.005,96.0,0.005,0.046,1.1,44.0
2017-11-29,0.005,84.0,0.013000000000000001,0.033,0.6,25.0
2017-11-30,0.005,47.0,0.019,0.028999999999999998,0.4,10.0
2017-12-01,0.005,43.0,0.018000000000000002,0.033,0.5,13.0
2017-12-02,0.006,57.0,0.006999999999999999,0.044000000000000004,0.8,19.0
2017-12-03,0.006,68.0,0.006999999999999999,0.046,0.9,31.0
2017-12-04,0.006,66.0,0.012,0.037000000000000005,0.6,28.0
2017-12-05,0.005,43.0,0.015,0.03,0.4,12.0
2017-12-06,0.005,50.0,0.006999999999999999,0.042,0.7,24.0
2017-12-07,0.005,60.0,0.011000000000000001,0.04,0.6,26.0
2017-12-08,0.005,49.0,0.017,0.027999999999999997,0.4,15.0
2017-12-09,0.005,54.0,0.012,0.033,0.6,17.0
2017-12-10,0.005,57.0,0.011000000000000001,0.035,0.8,25.0
2017-12-11,0.004,53.0,0.015,0.024,0.4,10.0
2017-12-12,0.003,52.0,0.012,0.028999999999999998,0.5,15.0
2017-12-13,0.004,50.0,0.011000000000000001,0.037000000000000005,0.6,17.0
2017-12-14,0.005,73.0,0.002,0.055,0.9,35.0
2017-12-15,0.005,77.0,0.003,0.061,1.1,41.0
2017-12-16,0.004,52.0,0.017,0.028999999999999998,0.5,26.0
2017-12-17,0.004,52.0,0.015,0.032,0.5,17.0
2017-12-18,0.005,61.0,0.006,0.051,0.8,26.0
2017-12-19,0.004,60.0,0.013000000000000001,0.034,0.5,20.0
2017-12-20,0.004,45.0,0.006,0.045,0.7,21.0
2017-12-21,0.004,45.0,0.006999999999999999,0.043,0.7,27.0
2017-12-22,0.005,53.0,0.006,0.051,1.0,34.0
2017-12-23,0.006,90.0,0.006,0.06,1.3,55.0
2017-12-24,0.004,56.0,0.008,0.044000000000000004,0.9,41.0
2017-12-25,0.004,46.0,0.021,0.027000000000000003,0.4,16.0
2017-12-26,0.004,37.0,0.017,0.032,0.4,15.0
2017-12-27,0.004,36.0,0.015,0.034,0.5,13.0
2017-12-28,0.006,54.0,0.006999999999999999,0.045,0.8,29.0
2017-12-29,0.005,77.0,0.005,0.049,0.8,52.0
2017-12-30,0.005,115.0,0.013000000000000001,0.047,1.0,75.0
2017-12-31,0.005,80.0,0.02,0.03,0.6,28.0
2018-01-01,0.005,57.0,0.01,0.037000000000000005,0.8,25.0
2018-01-02,0.006,75.0,0.005,0.047,1.1,36.0
2018-01-03,0.006,45.0,0.013999999999999999,0.034,0.5,16.0
2018-01-04,0.005,60.0,0.009000000000000001,0.040999999999999995,0.5,26.0
2018-01-05,0.005,68.0,0.006999999999999999,0.052000000000000005,0.6,36.0
2018-01-06,0.005,51.0,0.011000000000000001,0.044000000000000004,0.7,28.0
2018-01-07,0.005,69.0,0.004,0.047,1.0,42.0
2018-01-08,0.004,63.0,0.005,0.046,0.8,47.0
2018-01-09,0.003,35.0,0.02,0.028999999999999998,0.4,19.0
2018-01-10,0.002,31.0,0.019,0.026000000000000002,0.3,15.0
2018-01-11,0.002,32.0,0.016,0.028999999999999998,0.4,17.0
2018-01-12,0.002,37.0,0.016,0.036000000000000004,0.3,18.0
2018-01-13,0.004,47.0,0.012,0.044000000000000004,0.6,32.0
2018-01-14,0.004,62.0,0.008,0.05,0.9,44.0
2018-01-15,0.005,62.0,0.009000000000000001,0.062,1.2,45.0
2018-01-16,0.004,76.0,0.006,0.054000000000000006,0.9,55.0
2018-01-17,0.002,39.0,0.01,0.043,0.6,30.0
2018-01-18,0.005,135.0,0.011000000000000001,0.042,0.8,69.0
2018-01-19,0.004,100.0,0.006,0.046,0.9,44.0
2018-01-20,0.005,89.0,0.008,0.047,1.0,41.0
2018-01-21,0.004,137.0,0.009000000000000001,0.045,1.1,65.0
2018-01-22,0.004,92.0,0.015,0.046,0.7,43.0
2018-01-23,0.002,46.0,0.026000000000000002,0.023,0.3,17.0
2018-01-24,0.001,46.0,0.023,0.023,0.3,11.0
2018-01-25,0.002,42.0,0.019,0.03,0.4,14.0
2018-01-26,0.002,44.0,0.019,0.03,0.4,17.0
2018-01-27,0.003,76.0,0.005,0.052000000000000005,0.7,36.0
2018-01-28,0.004,53.0,0.02,0.038,0.5,23.0
2018-01-29,0.003,61.0,0.022000000000000002,0.034,0.4,18.0
2018-01-30,0.003,61.0,0.013999999999999999,0.043,0.5,18.0
2018-01-31,0.004,62.0,0.013000000000000001,0.047,0.5,21.0
2018-02-01,0.005,66.0,0.01,0.051,0.6,26.0
2018-02-02,0.005,71.0,0.006999999999999999,0.057999999999999996,0.9,33.0
2018-02-03,0.003,50.0,0.021,0.032,0.4,18.0
2018-02-04,0.002,40.0,0.024,0.027000000000000003,0.3,13.0
2018-02-05,0.002,43.0,0.02,0.035,0.4,14.0
2018-02-06,0.003,43.0,0.019,0.034,0.4,19.0
2018-02-07,0.005,60.0,0.013000000000000001,0.044000000000000004,0.5,23.0
2018-02-08,0.006999999999999999,79.0,0.006,0.063,1.0,43.0
2018-02-09,0.008,87.0,0.008,0.068,1.0,48.0
2018-02-10,0.005,80.0,0.016,0.05,0.7,33.0
2018-02-11,0.004,50.0,0.027000000000000003,0.027999999999999997,0.3,12.0
2018-02-12,0.004,44.0,0.021,0.035,0.4,16.0
2018-02-13,0.004,42.0,0.019,0.040999999999999995,0.4,14.0
2018-02-14,0.005,70.0,0.022000000000000002,0.05,0.6,30.0
2018-02-15,0.006,63.0,0.025,0.028999999999999998,0.4,23.0
2018-02-16,0.006,54.0,0.02,0.036000000000000004,0.6,23.0
2018-02-17,0.004,50.0,0.03,0.023,0.3,15.0
2018-02-18,0.006,53.0,0.013000000000000001,0.043,0.6,19.0
2018-02-19,0.006999999999999999,78.0,0.008,0.059000000000000004,0.8,39.0
2018-02-20,0.006,96.0,0.013999999999999999,0.053,0.8,50.0
2018-02-21,0.005,54.0,0.022000000000000002,0.04,0.5,20.0
2018-02-22,0.005,57.0,0.015,0.051,0.7,27.0
2018-02-23,0.003,71.0,0.027000000000000003,0.043,0.6,41.0
2018-02-24,0.006,106.0,0.027999999999999997,0.039,0.7,52.0
2018-02-25,0.009000000000000001,65.0,0.017,0.045,0.7,30.0
2018-02-26,0.006,61.0,0.013999999999999999,0.051,0.7,30.0
2018-02-27,0.006,62.0,0.011000000000000001,0.057,0.7,29.0
2018-02-28,0.005,40.0,0.022000000000000002,0.039,0.5,21.0
2018-03-01,0.003,59.0,0.032,0.026000000000000002,0.4,26.0
2018-03-02,0.004,71.0,0.022000000000000002,0.039,0.5,28.0
2018-03-03,0.005,58.0,0.011000000000000001,0.049,0.6,28.0
2018-03-04,0.006,33.0,0.018000000000000002,0.035,0.5,20.0
2018-03-05,0.003,12.0,0.026000000000000002,0.022000000000000002,0.2,8.0
2018-03-06,0.003,47.0,0.016,0.03,0.4,16.0
2018-03-07,0.003,38.0,0.031,0.019,0.3,13.0
2018-03-08,0.002,33.0,0.015,0.033,0.4,25.0
2018-03-09,0.003,88.0,0.022000000000000002,0.031,0.7,50.0
2018-03-10,0.003,60.0,0.021,0.031,0.6,31.0
2018-03-11,0.003,68.0,0.034,0.027000000000000003,0.4,36.0
2018-03-12,0.004,105.0,0.02,0.044000000000000004,0.7,51.0
2018-03-13,0.005,61.0,0.019,0.040999999999999995,0.6,28.0
2018-03-14,0.005,36.0,0.017,0.037000000000000005,0.5,16.0
2018-03-15,0.004,23.0,0.008,0.031,0.5,16.0
2018-03-16,0.003,31.0,0.03,0.015,0.3,12.0
2018-03-17,0.003,39.0,0.028999999999999998,0.022000000000000002,0.3,16.0
2018-03-18,0.004,62.0,0.012,0.031,0.6,44.0
2018-03-19,0.003,30.0,0.021,0.024,0.4,16.0
2018-03-20,0.002,34.0,0.042,0.01,0.2,7.0
2018-03-21,0.002,20.0,0.022000000000000002,0.027000000000000003,0.3,9.0
2018-03-22,0.002,42.0,0.027999999999999997,0.024,0.3,14.0
2018-03-23,0.003,67.0,0.027999999999999997,0.033,0.5,34.0
2018-03-24,0.004,89.0,0.036000000000000004,0.037000000000000005,0.6,56.0
2018-03-25,0.003,105.0,0.045,0.027999999999999997,0.6,60.0
2018-03-26,0.003,86.0,0.037000000000000005,0.034,0.6,46.0
2018-03-27,0.003,70.0,0.037000000000000005,0.03,0.5,34.0
2018-03-28,0.003,54.0,0.033,0.025,0.4,28.0
2018-03-29,0.004,55.0,0.024,0.03,0.5,30.0
2018-03-30,0.004,62.0,0.037000000000000005,0.025,0.4,28.0
2018-03-31,0.004,79.0,0.036000000000000004,0.026000000000000002,0.5,32.0
2018-04-01,0.004,82.0,0.03,0.025,0.4,28.0
2018-04-02,0.003,59.0,0.023,0.021,0.3,23.0
2018-04-03,0.003,57.0,0.022000000000000002,0.018000000000000002,0.3,17.0
2018-04-04,0.001,25.0,0.022000000000000002,0.013000000000000001,0.3,11.0
2018-04-05,0.001,9.0,0.026000000000000002,0.015,0.4,4.0
2018-04-06,0.002,96.0,0.027000000000000003,0.017,0.4,20.0
2018-04-07,0.002,65.0,0.036000000000000004,0.017,0.4,18.0
2018-04-08,0.002,46.0,0.048,0.013999999999999999,0.4,15.0
2018-04-09,0.002,83.0,0.037000000000000005,0.027999999999999997,0.5,29.0
2018-04-10,0.003,48.0,0.031,0.025,0.5,19.0
2018-04-11,0.002,57.0,0.031,0.018000000000000002,0.3,19.0
2018-04-12,0.003,46.0,0.023,0.024,0.4,15.0
2018-04-13,0.002,53.0,0.027000000000000003,0.022000000000000002,0.4,14.0
2018-04-14,0.002,25.0,0.024,0.021,0.4,18.0
2018-04-15,0.002,106.0,0.031,0.012,0.3,22.0
2018-04-16,0.002,62.0,0.023,0.022000000000000002,0.4,25.0
2018-04-17,0.003,74.0,0.033,0.024,0.4,34.0
2018-04-18,0.003,108.0,0.033,0.024,0.4,29.0
2018-04-19,0.003,54.0,0.035,0.027999999999999997,0.4,25.0
2018-04-20,0.004,96.0,0.047,0.039,0.5,40.0
2018-04-21,0.003,62.0,0.033,0.028999999999999998,0.4,30.0
2018-04-22,0.003,45.0,0.025,0.016,0.3,22.0
2018-04-23,0.002,20.0,0.037000000000000005,0.01,0.3,14.0
2018-04-24,0.002,13.0,0.031,0.012,0.3,4.0
2018-04-25,0.003,27.0,0.021,0.022000000000000002,0.4,17.0
2018-04-26,0.004,40.0,0.034,0.023,0.4,25.0
2018-04-27,0.004,54.0,0.042,0.023,0.4,35.0
2018-04-28,0.004,62.0,0.037000000000000005,0.023,0.4,34.0
2018-04-29,0.004,39.0,0.044000000000000004,0.022000000000000002,0.4,21.0
2018-04-30,0.004,65.0,0.043,0.024,0.4,37.0
2018-05-01,0.004,64.0,0.027999999999999997,0.02,0.4,36.0
2018-05-02,0.003,25.0,0.028999999999999998,0.013999999999999999,0.3,16.0
2018-05-03,0.003,49.0,0.039,0.013999999999999999,0.3,17.0
2018-05-04,0.004,45.0,0.044000000000000004,0.019,0.4,14.0
2018-05-05,0.004,40.0,0.047,0.024,0.4,18.0
2018-05-06,0.004,13.0,0.027000000000000003,0.018000000000000002,0.4,13.0
2018-05-07,0.003,14.0,0.021,0.016,0.4,11.0
2018-05-08,0.003,27.0,0.04,0.011000000000000001,0.3,9.0
2018-05-09,0.002,31.0,0.04,0.016,0.3,14.0
2018-05-10,0.002,41.0,0.040999999999999995,0.017,0.4,20.0
2018-05-11,0.002,50.0,0.035,0.023,0.4,25.0
2018-05-12,0.002,32.0,0.027000000000000003,0.018000000000000002,0.5,22.0
2018-05-13,,48.0,,,,21.0
2018-05-14,0.003,63.0,0.043,0.032,0.6,36.0
2018-05-15,0.003,65.0,0.027000000000000003,0.027000000000000003,0.6,38.0
2018-05-16,0.002,32.0,0.013999999999999999,0.013999999999999999,0.3,14.0
2018-05-17,0.001,25.0,0.016,0.013000000000000001,0.3,13.0
2018-05-18,0.001,26.0,0.017,0.012,0.3,14.0
2018-05-19,0.001,27.0,0.034,0.008,0.2,6.0
2018-05-20,0.002,23.0,0.044000000000000004,0.008,0.2,5.0
2018-05-21,0.003,32.0,0.037000000000000005,0.013000000000000001,0.3,11.0
2018-05-22,0.003,36.0,0.027999999999999997,0.016,0.3,17.0
2018-05-23,0.002,66.0,0.035,0.017,0.3,16.0
2018-05-24,0.003,96.0,0.036000000000000004,0.02,0.4,20.0
2018-05-25,0.004,102.0,0.043,0.027000000000000003,0.5,29.0
2018-05-26,0.005,92.0,0.049,0.028999999999999998,0.5,36.0
2018-05-27,0.004,75.0,0.05,0.02,0.4,32.0
2018-05-28,0.004,73.0,0.039,0.02,0.4,32.0
2018-05-29,0.003,52.0,0.036000000000000004,0.016,0.3,25.0
2018-05-30,0.002,61.0,0.033,0.013999999999999999,0.3,29.0
2018-05-31,0.003,60.0,0.047,0.015,0.4,31.0
2018-06-01,0.004,54.0,0.039,0.021,0.4,25.0
2018-06-02,0.006,39.0,0.038,0.021,0.5,19.0
2018-06-03,0.005,39.0,0.043,0.02,0.4,20.0
2018-06-04,0.005,42.0,0.042,0.02,0.3,27.0
2018-06-05,0.003,53.0,0.03,0.023,0.3,30.0
2018-06-06,0.002,61.0,0.040999999999999995,0.021,0.3,36.0
2018-06-07,0.001,69.0,0.04,0.021,0.3,38.0
2018-06-08,0.001,76.0,0.039,0.021,0.4,41.0
2018-06-09,0.001,69.0,0.042,0.017,0.4,32.0
2018-06-10,0.001,20.0,0.039,0.009000000000000001,0.2,8.0
2018-06-11,0.001,20.0,0.026000000000000002,0.013999999999999999,0.2,6.0
2018-06-12,0.001,38.0,0.024,0.021,0.3,18.0
2018-06-13,0.001,43.0,0.036000000000000004,0.018000000000000002,0.3,24.0
2018-06-14,0.002,42.0,0.037000000000000005,0.013999999999999999,0.3,19.0
2018-06-15,0.002,28.0,0.033,0.013000000000000001,0.2,9.0
2018-06-16,0.003,27.0,0.032,0.015,0.3,11.0
2018-06-17,0.003,42.0,0.036000000000000004,0.016,0.3,22.0
2018-06-18,0.003,59.0,0.043,0.027000000000000003,0.4,36.0
2018-06-19,0.003,47.0,0.027999999999999997,0.025,0.5,30.0
2018-06-20,0.002,41.0,0.025,0.02,0.4,25.0
2018-06-21,0.002,37.0,0.027000000000000003,0.021,0.4,23.0
2018-06-22,0.004,36.0,0.032,0.028999999999999998,0.5,22.0
2018-06-23,0.004,31.0,0.036000000000000004,0.024,0.4,19.0
2018-06-24,0.004,57.0,0.06,0.018000000000000002,0.4,25.0
2018-06-25,0.004,47.0,0.044000000000000004,0.031,0.5,31.0
2018-06-26,0.004,53.0,0.027999999999999997,0.027000000000000003,0.5,34.0
2018-06-27,0.002,13.0,0.032,0.018000000000000002,0.3,8.0
2018-06-28,0.002,16.0,0.022000000000000002,0.018000000000000002,0.4,9.0
2018-06-29,0.002,23.0,0.031,0.02,0.4,14.0
2018-06-30,0.002,26.0,0.017,0.017,0.4,17.0
2018-07-01,0.002,9.0,0.019,0.013000000000000001,0.3,5.0
2018-07-02,0.002,11.0,0.015,0.018000000000000002,0.4,7.0
2018-07-03,0.001,16.0,0.009000000000000001,0.012,0.3,7.0
2018-07-04,0.002,18.0,0.015,0.015,0.3,11.0
2018-07-05,0.002,23.0,0.025,0.015,0.3,15.0
2018-07-06,0.001,14.0,0.03,0.011000000000000001,0.3,5.0
2018-07-07,0.002,15.0,0.03,0.01,0.3,5.0
2018-07-08,0.002,17.0,0.03,0.009000000000000001,0.3,6.0
2018-07-09,0.002,13.0,0.024,0.013999999999999999,0.4,6.0
2018-07-10,0.002,21.0,,0.013999999999999999,0.3,13.0
2018-07-11,0.003,30.0,,0.016,0.3,18.0
2018-07-12,0.003,21.0,0.006,0.013999999999999999,0.3,13.0
2018-07-13,0.003,17.0,0.005,0.015,0.3,12.0
2018-07-14,0.003,14.0,0.005,0.013000000000000001,0.2,10.0
2018-07-15,0.003,13.0,0.01,0.012,0.2,9.0
2018-07-16,0.004,26.0,0.015,0.017,0.3,17.0
2018-07-17,0.004,34.0,0.018000000000000002,0.015,0.3,25.0
2018-07-18,0.004,37.0,0.023,0.02,0.4,29.0
2018-07-19,0.006,39.0,0.032,0.024,0.4,28.0
2018-07-20,0.004,37.0,0.033,0.028999999999999998,0.4,33.0
2018-07-21,0.005,54.0,0.042,0.025,0.5,23.0
2018-07-22,0.005,34.0,0.027000000000000003,0.017,0.4,17.0
2018-07-23,0.004,19.0,0.024,0.02,0.3,9.0
2018-07-24,0.004,25.0,0.03,0.02,0.3,12.0
2018-07-25,0.004,18.0,0.024,0.017,0.3,7.0
2018-07-26,0.003,20.0,0.021,0.016,0.3,12.0
2018-07-27,0.003,34.0,0.037000000000000005,0.018000000000000002,0.4,10.0
2018-07-28,0.004,43.0,0.03,0.02,0.5,17.0
2018-07-29,0.002,17.0,0.022000000000000002,0.013000000000000001,0.3,8.0
2018-07-30,0.002,11.0,0.015,0.013000000000000001,0.3,6.0
2018-07-31,0.002,17.0,0.02,0.015,0.3,6.0
2018-08-01,0.002,15.0,0.019,0.017,0.2,7.0
2018-08-02,0.003,19.0,0.024,0.018000000000000002,0.3,7.0
2018-08-03,0.003,26.0,0.027999999999999997,0.022000000000000002,0.3,7.0
2018-08-04,0.003,26.0,0.026000000000000002,0.015,0.2,7.0
2018-08-05,0.003,22.0,0.026000000000000002,0.012,0.2,7.0
2018-08-06,0.003,30.0,0.026000000000000002,0.016,0.3,8.0
2018-08-07,0.002,26.0,0.03,0.017,0.4,12.0
2018-08-08,0.003,31.0,0.032,0.016,0.4,15.0
2018-08-09,0.003,31.0,0.018000000000000002,0.018000000000000002,0.4,17.0
2018-08-10,0.002,32.0,0.021,0.015,0.4,15.0
2018-08-11,0.002,14.0,0.02,0.01,0.4,8.0
2018-08-12,0.002,21.0,0.022000000000000002,0.012,0.3,14.0
2018-08-13,0.002,31.0,0.022000000000000002,0.018000000000000002,0.4,11.0
2018-08-14,0.003,35.0,0.049,0.018000000000000002,0.4,9.0
2018-08-15,0.003,22.0,0.02,0.013999999999999999,0.3,10.0
2018-08-16,0.002,16.0,0.019,0.011000000000000001,0.3,10.0
2018-08-17,0.003,23.0,0.024,0.01,0.4,6.0
2018-08-18,0.004,23.0,0.027999999999999997,0.013000000000000001,0.4,10.0
2018-08-19,0.004,26.0,0.044000000000000004,0.015,0.4,12.0
2018-08-20,0.004,35.0,0.033,0.02,0.4,17.0
2018-08-21,0.004,32.0,0.02,0.016,0.4,16.0
2018-08-22,0.004,26.0,0.016,0.015,0.3,12.0
2018-08-23,0.004,14.0,0.013000000000000001,0.008,0.3,5.0
2018-08-24,0.004,15.0,0.022000000000000002,0.011000000000000001,0.3,9.0
2018-08-25,0.004,37.0,0.039,0.018000000000000002,0.5,14.0
2018-08-26,0.004,19.0,0.021,0.013999999999999999,0.4,8.0
2018-08-27,0.003,10.0,0.011000000000000001,0.013999999999999999,0.4,5.0
2018-08-28,0.003,20.0,0.015,0.013999999999999999,0.4,7.0
2018-08-29,0.002,24.0,0.008,0.012,0.3,10.0
2018-08-30,0.002,15.0,0.015,0.011000000000000001,0.3,8.0
2018-08-31,0.002,16.0,0.013999999999999999,0.017,0.4,8.0
2018-09-01,0.002,24.0,0.015,0.011000000000000001,0.4,10.0
2018-09-02,0.002,22.0,0.016,0.01,0.4,9.0
2018-09-03,0.003,21.0,0.013999999999999999,0.013999999999999999,0.5,10.0
2018-09-04,0.002,16.0,0.018000000000000002,0.013000000000000001,0.4,5.0
2018-09-05,0.002,32.0,0.019,0.026000000000000002,0.5,13.0
2018-09-06,0.002,27.0,0.02,0.021,0.5,11.0
2018-09-07,0.002,31.0,0.021,0.023,0.5,11.0
2018-09-08,0.003,31.0,0.015,0.022000000000000002,0.5,12.0
2018-09-09,0.003,29.0,0.015,0.019,0.5,11.0
2018-09-10,0.004,23.0,0.015,0.018000000000000002,0.4,10.0
2018-09-11,0.005,20.0,0.017,0.016,0.3,7.0
2018-09-12,0.003,24.0,0.017,0.018000000000000002,0.3,9.0
2018-09-13,0.001,27.0,0.011000000000000001,0.018000000000000002,0.3,9.0
2018-09-14,0.001,18.0,0.012,0.016,0.3,5.0
2018-09-15,0.001,19.0,0.011000000000000001,0.018000000000000002,0.3,7.0
2018-09-16,0.001,42.0,0.013999999999999999,0.016,0.4,19.0
2018-09-17,0.001,48.0,0.016,0.022000000000000002,0.5,17.0
2018-09-18,0.002,42.0,0.018000000000000002,0.023,0.5,10.0
2018-09-19,0.003,41.0,0.011000000000000001,0.028999999999999998,0.4,14.0
2018-09-20,0.003,24.0,0.016,0.018000000000000002,0.3,8.0
2018-09-21,0.002,12.0,0.011000000000000001,0.02,0.3,4.0
2018-09-22,0.002,36.0,0.011000000000000001,0.023,0.4,9.0
2018-09-23,0.003,37.0,0.016,0.02,0.4,11.0
2018-09-24,0.004,28.0,0.016,0.017,0.4,10.0
2018-09-25,0.004,21.0,0.015,0.017,0.3,7.0
2018-09-26,0.004,21.0,0.021,0.013000000000000001,0.2,6.0
2018-09-27,0.002,21.0,0.016,0.02,0.3,7.0
2018-09-28,0.001,24.0,0.013999999999999999,0.022000000000000002,0.2,6.0
2018-09-29,0.002,23.0,0.013000000000000001,0.022000000000000002,0.3,7.0
2018-09-30,0.001,24.0,0.022000000000000002,0.019,0.2,8.0
2018-10-01,0.001,23.0,0.017,0.022000000000000002,0.3,7.0
2018-10-02,0.002,30.0,0.013999999999999999,0.027000000000000003,0.4,10.0
2018-10-03,0.002,38.0,0.016,0.03,0.3,12.0
2018-10-04,0.002,31.0,0.02,0.026000000000000002,0.3,9.0
2018-10-05,0.002,14.0,0.018000000000000002,0.022000000000000002,0.2,4.0
2018-10-06,0.001,14.0,0.019,0.019,0.2,4.0
2018-10-07,0.001,35.0,0.017,0.019,0.3,8.0
2018-10-08,0.002,36.0,0.011000000000000001,0.027999999999999997,0.4,10.0
2018-10-09,0.002,30.0,0.011000000000000001,0.027999999999999997,0.3,9.0
2018-10-10,0.002,32.0,0.017,0.027000000000000003,0.3,8.0
2018-10-11,0.002,29.0,0.012,0.027999999999999997,0.3,8.0
2018-10-12,0.002,39.0,0.01,0.037000000000000005,0.4,11.0
2018-10-13,0.003,39.0,0.011000000000000001,0.040999999999999995,0.4,15.0
2018-10-14,0.003,42.0,0.016,0.039,0.4,13.0
2018-10-15,0.003,70.0,0.016,0.048,0.6,20.0
2018-10-16,0.003,86.0,0.009000000000000001,0.047,0.7,23.0
2018-10-17,0.003,49.0,0.011000000000000001,0.037000000000000005,0.5,12.0
2018-10-18,0.003,32.0,0.013999999999999999,0.032,0.3,8.0
2018-10-19,0.003,34.0,0.011000000000000001,0.038,0.3,7.0
2018-10-20,0.003,42.0,0.009000000000000001,0.044000000000000004,0.4,11.0
2018-10-21,0.003,51.0,0.015,0.045,0.5,13.0
2018-10-22,0.004,56.0,0.013000000000000001,0.052000000000000005,0.4,16.0
2018-10-23,0.003,55.0,0.012,0.048,0.4,24.0
2018-10-24,0.003,61.0,0.013000000000000001,0.042,0.4,26.0
2018-10-25,0.003,52.0,0.01,0.046,0.4,23.0
2018-10-26,0.003,37.0,0.009000000000000001,0.049,0.4,20.0
2018-10-27,0.003,38.0,0.017,0.03,0.2,17.0
2018-10-28,0.003,33.0,0.017,0.032,0.3,20.0
2018-10-29,0.003,38.0,0.01,0.039,0.3,19.0
2018-10-30,0.004,43.0,0.011000000000000001,0.035,0.4,21.0
2018-10-31,0.004,41.0,0.011000000000000001,0.040999999999999995,0.4,21.0
2018-11-01,0.004,48.0,0.01,0.049,0.5,23.0
2018-11-02,0.004,53.0,0.009000000000000001,0.06,0.6,26.0
2018-11-03,0.004,62.0,0.01,0.064,0.6,28.0
2018-11-04,0.004,74.0,0.013000000000000001,0.064,0.6,32.0
2018-11-05,0.004,76.0,0.009000000000000001,0.064,0.7,32.0
2018-11-06,0.003,97.0,0.009000000000000001,0.071,0.7,38.0
2018-11-07,0.003,125.0,0.005,0.067,0.9,57.0
2018-11-08,0.003,51.0,0.006999999999999999,0.046,0.6,40.0
2018-11-09,0.003,74.0,0.013999999999999999,0.036000000000000004,0.5,34.0
2018-11-10,0.003,71.0,0.013000000000000001,0.046,0.7,36.0
2018-11-11,0.003,92.0,0.011000000000000001,0.038,0.6,44.0
2018-11-12,0.004,73.0,0.01,0.052000000000000005,0.5,35.0
2018-11-13,0.004,63.0,0.009000000000000001,0.055,0.6,35.0
2018-11-14,0.004,63.0,0.009000000000000001,0.057,0.7,34.0
2018-11-15,0.004,58.0,0.008,0.059000000000000004,0.7,33.0
2018-11-16,0.004,86.0,0.009000000000000001,0.065,0.7,42.0
2018-11-17,0.005,55.0,0.013999999999999999,0.046,0.5,31.0
2018-11-18,0.005,54.0,0.008,0.057,0.7,31.0
2018-11-19,0.005,74.0,0.011000000000000001,0.057999999999999996,0.7,40.0
2018-11-20,0.004,75.0,0.012,0.065,0.6,50.0
2018-11-21,0.003,76.0,0.009000000000000001,0.066,0.5,46.0
2018-11-22,0.003,49.0,0.012,0.053,0.3,19.0
2018-11-23,0.003,50.0,0.011000000000000001,0.062,0.4,24.0
2018-11-24,0.002,58.0,0.009000000000000001,0.055999999999999994,0.5,30.0
2018-11-25,0.003,74.0,0.009000000000000001,0.052000000000000005,0.6,41.0
2018-11-26,0.003,85.0,0.005,0.068,0.8,44.0
2018-11-27,0.004,82.0,0.006999999999999999,0.07200000000000001,0.8,42.0
2018-11-28,0.006,195.0,0.009000000000000001,0.053,0.5,38.0
2018-11-29,0.009000000000000001,136.0,0.005,0.053,0.8,38.0
2018-11-30,0.009000000000000001,118.0,0.009000000000000001,0.051,0.6,37.0
2018-12-01,0.008,80.0,0.01,0.044000000000000004,0.7,34.0
2018-12-02,0.008,77.0,0.008,0.043,0.8,30.0
2018-12-03,0.008,57.0,0.003,0.045,0.8,28.0
2018-12-04,0.006999999999999999,49.0,0.013999999999999999,0.027000000000000003,0.4,16.0
2018-12-05,0.006,56.0,0.011000000000000001,0.027999999999999997,0.3,12.0
2018-12-06,0.005,56.0,0.008,0.036000000000000004,0.4,18.0
2018-12-07,0.005,45.0,0.02,0.022000000000000002,0.2,11.0
2018-12-08,0.006,73.0,0.009000000000000001,0.028999999999999998,0.3,17.0
2018-12-09,0.006,73.0,0.012,0.028999999999999998,0.3,13.0
2018-12-10,0.006,66.0,0.003,0.051,0.7,31.0
2018-12-11,0.005,72.0,0.002,0.049,0.7,44.0
2018-12-12,0.006999999999999999,74.0,0.006,0.046,0.6,27.0
2018-12-13,0.005,65.0,0.006,0.04,0.6,25.0
2018-12-14,0.006,63.0,0.009000000000000001,0.038,0.4,22.0
2018-12-15,0.008,80.0,0.004,0.05,0.7,36.0
2018-12-16,0.006,72.0,0.003,0.047,0.7,30.0
2018-12-17,0.005,84.0,0.008,0.039,0.4,34.0
2018-12-18,0.006,67.0,0.005,0.043,0.6,22.0
2018-12-19,0.006999999999999999,106.0,0.005,0.051,0.9,43.0
2018-12-20,0.008,128.0,0.002,0.053,0.9,61.0
2018-12-21,0.008,125.0,0.002,0.053,1.0,56.0
2018-12-22,0.008,128.0,0.003,0.055999999999999994,1.0,60.0
2018-12-23,0.008,89.0,0.012,0.031,0.3,39.0
2018-12-24,0.006999999999999999,52.0,0.011000000000000001,0.03,0.3,17.0
2018-12-25,0.006999999999999999,58.0,,0.027000000000000003,0.7,24.0
2018-12-26,0.006999999999999999,69.0,0.006999999999999999,0.027000000000000003,0.5,26.0
2018-12-27,0.006,38.0,0.01,0.024,0.3,8.0
2018-12-28,0.006,60.0,0.006,0.024,0.4,19.0
2018-12-29,0.006,63.0,0.006,0.026000000000000002,0.4,15.0
2018-12-30,0.006999999999999999,52.0,0.006999999999999999,0.025,0.5,20.0
2018-12-31,0.008,75.0,0.003,0.03,0.8,37.0
2019-01-01,0.008,63.0,0.005,0.03,0.7,28.0
2019-01-02,0.006999999999999999,59.0,0.006,0.03,0.6,22.0
2019-01-03,0.006999999999999999,58.0,0.003,0.03,0.8,29.0
2019-01-04,0.008,77.0,0.002,0.03,1.0,40.0
2019-01-05,0.006999999999999999,86.0,0.006,0.028999999999999998,0.6,43.0
2019-01-06,0.008,66.0,0.004,0.027000000000000003,0.7,33.0
2019-01-07,0.008,87.0,0.004,0.03,0.9,44.0
2019-01-08,0.006999999999999999,71.0,0.008,0.027999999999999997,0.6,36.0
2019-01-09,0.006,69.0,0.006999999999999999,0.024,0.5,26.0
2019-01-10,0.006999999999999999,77.0,0.002,0.027999999999999997,0.7,36.0
2019-01-11,0.006999999999999999,100.0,0.004,0.028999999999999998,0.8,46.0
2019-01-12,0.006,115.0,0.005,0.031,0.7,67.0
2019-01-13,0.006,123.0,0.006999999999999999,0.028999999999999998,0.9,72.0
2019-01-14,0.006999999999999999,181.0,0.005,0.034,1.2,106.0
2019-01-15,0.006,148.0,0.011000000000000001,0.028999999999999998,0.8,83.0
2019-01-16,0.006999999999999999,69.0,0.01,0.019,0.4,19.0
2019-01-17,0.006,63.0,0.009000000000000001,,0.5,25.0
2019-01-18,0.008,98.0,0.005,0.026000000000000002,1.0,45.0
2019-01-19,0.009000000000000001,113.0,0.004,0.028999999999999998,1.0,60.0
2019-01-20,0.006999999999999999,73.0,0.013000000000000001,0.026000000000000002,0.5,35.0
2019-01-21,0.006,48.0,0.01,0.027000000000000003,0.4,15.0
2019-01-22,0.006,83.0,0.009000000000000001,0.031,0.7,33.0
2019-01-23,0.004,106.0,0.01,0.031,0.8,50.0
2019-01-24,0.004,57.0,0.005,0.027999999999999997,0.6,28.0
2019-01-25,0.004,60.0,0.008,0.027999999999999997,0.6,29.0
2019-01-26,0.004,65.0,0.011000000000000001,0.019,0.4,24.0
2019-01-27,0.004,51.0,0.008,,0.5,25.0
2019-01-28,0.003,81.0,0.013000000000000001,0.034,0.4,22.0
2019-01-29,0.004,98.0,0.004,0.028999999999999998,0.7,26.0
2019-01-30,0.005,86.0,0.006999999999999999,0.031,0.8,37.0
2019-01-31,0.004,71.0,0.01,0.028999999999999998,0.4,24.0
2019-02-01,0.003,52.0,0.01,0.027000000000000003,0.5,16.0
2019-02-02,0.004,77.0,0.006,0.03,0.7,32.0
2019-02-03,0.004,42.0,0.006999999999999999,0.028999999999999998,0.8,23.0
2019-02-04,0.004,110.0,0.013999999999999999,0.024,0.5,29.0
2019-02-05,0.005,120.0,0.006999999999999999,0.027000000000000003,0.7,32.0
2019-02-06,0.005,101.0,0.01,0.03,0.7,29.0
2019-02-07,0.004,72.0,0.016,0.023,0.4,26.0
2019-02-08,0.005,49.0,0.011000000000000001,0.027999999999999997,0.3,20.0
2019-02-09,0.005,52.0,0.015,0.02,0.3,22.0
2019-02-10,0.005,54.0,0.013000000000000001,0.024,0.4,26.0
2019-02-11,0.006,49.0,0.011000000000000001,0.027999999999999997,0.4,23.0
2019-02-12,0.005,76.0,0.009000000000000001,0.032,0.7,38.0
2019-02-13,0.006,83.0,0.016,0.028999999999999998,0.6,44.0
2019-02-14,0.004,64.0,0.01,0.032,0.5,34.0
2019-02-15,0.005,78.0,0.01,0.031,0.5,45.0
2019-02-16,0.004,75.0,0.021,0.021,0.5,40.0
2019-02-17,0.005,61.0,0.015,0.024,0.5,33.0
2019-02-18,0.006,61.0,0.005,0.036000000000000004,0.6,28.0
2019-02-19,0.006,44.0,0.003,0.037000000000000005,0.4,24.0
2019-02-20,0.005,82.0,0.01,0.038,0.5,42.0
2019-02-21,0.004,112.0,0.006,0.054000000000000006,0.8,58.0
2019-02-22,0.004,129.0,0.004,0.062,0.7,73.0
2019-02-23,0.004,91.0,0.006999999999999999,0.055999999999999994,0.7,46.0
2019-02-24,0.004,63.0,0.015,0.043,0.4,30.0
2019-02-25,0.005,91.0,0.018000000000000002,0.05,0.5,45.0
2019-02-26,0.004,70.0,0.006999999999999999,0.051,0.6,33.0
2019-02-27,0.004,77.0,0.003,0.057,0.7,35.0
2019-02-28,0.005,120.0,0.011000000000000001,0.053,0.8,68.0
2019-03-01,0.005,177.0,0.017,0.051,0.9,121.0
2019-03-02,0.006,122.0,0.012,0.062,0.9,70.0
2019-03-03,0.005,112.0,0.013999999999999999,0.055,0.7,71.0
2019-03-04,0.006,160.0,0.02,0.057,0.9,105.0
2019-03-05,0.005,180.0,0.018000000000000002,0.057,0.8,109.0
2019-03-06,0.005,152.0,0.022000000000000002,0.052000000000000005,0.7,83.0
2019-03-07,0.003,104.0,0.018000000000000002,0.039,0.6,61.0
2019-03-08,0.004,71.0,0.013999999999999999,0.042,0.5,35.0
2019-03-09,0.004,62.0,0.008,0.051,0.5,33.0
2019-03-10,0.005,66.0,0.01,0.045,0.4,51.0
2019-03-11,0.003,44.0,0.011000000000000001,0.038,0.4,18.0
2019-03-12,0.003,74.0,0.02,0.034,0.4,34.0
2019-03-13,0.003,52.0,0.013999999999999999,0.035,0.2,11.0
2019-03-14,0.004,54.0,0.013999999999999999,0.039,0.3,17.0
2019-03-15,0.003,57.0,0.021,0.031,0.2,19.0
2019-03-16,0.003,46.0,0.018000000000000002,0.028999999999999998,0.2,21.0
2019-03-17,0.003,47.0,0.017,0.03,0.2,18.0
2019-03-18,0.004,46.0,0.008,0.045,0.4,20.0
2019-03-19,0.006,62.0,0.013999999999999999,0.047,0.4,29.0
2019-03-20,0.006,85.0,0.008,0.059000000000000004,0.5,40.0
2019-03-21,0.005,39.0,0.018000000000000002,0.036000000000000004,0.3,16.0
2019-03-22,0.005,54.0,0.017,0.027999999999999997,0.2,26.0
2019-03-23,0.005,40.0,0.013999999999999999,0.034,0.3,14.0
2019-03-24,0.005,41.0,0.02,0.026000000000000002,0.2,15.0
2019-03-25,0.006,70.0,0.017,0.044000000000000004,0.4,30.0
2019-03-26,0.006,66.0,0.016,0.043,0.4,30.0
2019-03-27,0.006,89.0,0.03,0.040999999999999995,0.3,38.0
2019-03-28,0.006,96.0,0.026000000000000002,0.035,0.3,46.0
2019-03-29,0.008,64.0,0.019,0.039,0.3,31.0
2019-03-30,0.006,54.0,0.021,0.03,0.2,24.0
2019-03-31,0.005,54.0,0.022000000000000002,0.026000000000000002,0.2,20.0
2019-04-01,0.005,41.0,0.019,0.031,0.2,14.0
2019-04-02,0.005,43.0,0.016,0.039,0.3,16.0
2019-04-03,0.004,49.0,0.019,0.038,0.3,22.0
2019-04-04,0.005,55.0,0.022000000000000002,0.04,0.3,25.0
2019-04-05,0.004,103.0,0.024,0.04,0.3,31.0
2019-04-06,0.004,88.0,0.012,0.052000000000000005,0.3,23.0
2019-04-07,0.004,63.0,0.016,0.043,0.3,23.0
2019-04-08,0.005,64.0,0.015,0.043,0.3,24.0
2019-04-09,0.003,44.0,0.021,0.027000000000000003,0.2,12.0
2019-04-10,0.003,26.0,0.018000000000000002,0.03,0.2,6.0
2019-04-11,0.003,50.0,0.015,0.039,0.4,19.0
2019-04-12,0.003,54.0,0.019,0.037000000000000005,0.4,24.0
2019-04-13,0.003,48.0,0.019,0.040999999999999995,0.4,22.0
2019-04-14,0.002,51.0,0.022000000000000002,0.034,0.4,22.0
2019-04-15,0.003,69.0,0.02,0.036000000000000004,0.4,22.0
2019-04-16,0.003,63.0,0.012,0.051,0.5,19.0
2019-04-17,0.003,54.0,0.021,0.040999999999999995,0.4,20.0
2019-04-18,0.003,41.0,0.026000000000000002,0.033,0.2,16.0
2019-04-19,0.003,68.0,0.021,0.028999999999999998,0.3,20.0
2019-04-20,0.003,63.0,0.023,0.03,0.3,19.0
2019-04-21,0.003,59.0,0.025,0.027999999999999997,0.3,23.0
2019-04-22,0.003,71.0,0.02,0.035,0.4,24.0
2019-04-23,0.003,48.0,0.017,0.035,0.3,21.0
2019-04-24,0.002,22.0,0.01,0.032,0.2,10.0
2019-04-25,0.002,36.0,0.008,0.031,0.3,16.0
2019-04-26,0.002,18.0,0.015,0.027000000000000003,0.3,8.0
2019-04-27,0.003,27.0,0.013000000000000001,0.028999999999999998,0.3,8.0
2019-04-28,0.003,39.0,0.017,0.028999999999999998,0.3,16.0
2019-04-29,0.003,32.0,0.006999999999999999,0.034,0.3,14.0
2019-04-30,0.003,32.0,0.011000000000000001,0.037000000000000005,0.3,12.0
2019-05-01,0.004,70.0,0.022000000000000002,0.034,0.4,26.0
2019-05-02,0.003,86.0,0.022000000000000002,0.03,0.3,25.0
2019-05-03,0.004,46.0,0.018000000000000002,0.045,0.4,18.0
2019-05-04,0.006,77.0,0.031,0.049,0.5,39.0
2019-05-05,0.005,66.0,0.03,0.039,0.5,34.0
2019-05-06,0.004,56.0,0.027999999999999997,0.022000000000000002,0.2,21.0
2019-05-07,0.004,44.0,0.022000000000000002,0.032,0.3,14.0
2019-05-08,0.004,46.0,0.024,0.035,0.3,19.0
2019-05-09,0.004,49.0,0.028999999999999998,0.036000000000000004,0.3,21.0
2019-05-10,0.006,51.0,0.025,0.043,0.4,27.0
2019-05-11,0.006,65.0,0.031,0.043,0.4,31.0
2019-05-12,0.005,50.0,0.033,0.031,0.3,28.0
2019-05-13,0.005,53.0,0.031,0.037000000000000005,0.3,31.0
2019-05-14,0.004,69.0,0.018000000000000002,0.04,0.4,33.0
2019-05-15,0.002,64.0,0.009000000000000001,0.047,0.4,38.0
2019-05-16,0.002,61.0,0.006999999999999999,0.046,0.5,35.0
2019-05-17,0.002,44.0,0.012,0.046,0.4,28.0
2019-05-18,0.001,23.0,0.019,0.022000000000000002,0.3,12.0
2019-05-19,0.001,22.0,0.013000000000000001,0.025,0.3,11.0
2019-05-20,0.002,37.0,0.013000000000000001,0.027999999999999997,0.3,9.0
2019-05-21,0.005,44.0,0.027000000000000003,0.03,0.3,13.0
2019-05-22,0.006,56.0,0.038,0.039,0.3,22.0
2019-05-23,0.006999999999999999,59.0,0.037000000000000005,0.047,0.4,30.0
2019-05-24,0.006999999999999999,77.0,0.042,0.053,0.4,43.0
2019-05-25,0.006,67.0,0.039,0.044000000000000004,0.4,42.0
2019-05-26,0.006999999999999999,40.0,0.032,0.03,0.2,20.0
2019-05-27,0.005,13.0,0.018000000000000002,0.03,0.2,11.0
2019-05-28,0.005,24.0,0.018000000000000002,0.031,0.2,8.0
2019-05-29,0.006,38.0,0.028999999999999998,0.042,0.3,17.0
2019-05-30,0.006999999999999999,43.0,0.03,0.042,0.3,22.0
2019-05-31,0.005,23.0,0.03,0.032,0.2,13.0
2019-06-01,0.002,34.0,0.025,0.034,0.2,16.0
2019-06-02,0.003,39.0,0.034,0.032,0.3,20.0
2019-06-03,0.004,48.0,0.034,0.045,0.4,27.0
2019-06-04,0.003,45.0,0.028999999999999998,0.04,0.3,25.0
2019-06-05,0.002,43.0,0.023,0.034,0.2,25.0
2019-06-06,0.001,47.0,0.023,0.034,0.3,29.0
2019-06-07,0.001,11.0,0.022000000000000002,0.033,0.3,6.0
2019-06-08,0.001,23.0,0.02,0.032,0.3,11.0
2019-06-09,0.001,24.0,0.022000000000000002,0.024,0.2,15.0
2019-06-10,0.001,15.0,0.015,0.026000000000000002,0.2,8.0
2019-06-11,0.001,20.0,0.021,0.027999999999999997,0.2,12.0
2019-06-12,0.002,42.0,0.026000000000000002,0.033,0.3,21.0
2019-06-13,0.002,38.0,0.027000000000000003,0.04,0.3,24.0
2019-06-14,0.002,59.0,0.022000000000000002,0.046,0.4,39.0
2019-06-15,0.002,35.0,0.022000000000000002,0.037000000000000005,0.3,22.0
2019-06-16,0.002,34.0,0.03,0.025,0.3,20.0
2019-06-17,0.002,27.0,0.022000000000000002,0.027000000000000003,0.2,14.0
2019-06-18,0.002,38.0,0.019,0.038,0.3,21.0
2019-06-19,0.002,43.0,0.025,0.037000000000000005,0.3,28.0
2019-06-20,0.003,36.0,0.025,0.036000000000000004,0.4,24.0
2019-06-21,0.003,37.0,0.03,0.03,0.3,23.0
2019-06-22,0.003,31.0,0.021,0.032,0.3,19.0
2019-06-23,0.003,16.0,0.02,0.025,0.2,12.0
2019-06-24,0.003,32.0,0.02,0.035,0.3,21.0
2019-06-25,0.003,30.0,0.026000000000000002,0.036000000000000004,0.3,19.0
2019-06-26,0.002,32.0,0.017,0.034,0.3,22.0
2019-06-27,0.002,17.0,0.011000000000000001,0.03,0.2,12.0
2019-06-28,0.002,16.0,0.02,0.03,0.2,20.0
2019-06-29,0.002,27.0,0.011000000000000001,0.027999999999999997,0.3,17.0
2019-06-30,0.002,30.0,0.018000000000000002,0.025,0.2,18.0
2019-07-01,0.002,27.0,0.023,0.03,0.2,18.0
2019-07-02,0.002,28.0,0.024,0.03,0.3,17.0
2019-07-03,0.002,36.0,0.025,0.034,0.3,26.0
2019-07-04,0.003,39.0,0.025,0.039,0.3,28.0
2019-07-05,0.004,35.0,0.023,0.046,0.4,25.0
2019-07-06,0.004,26.0,0.024,0.031,0.3,18.0
2019-07-07,0.003,18.0,0.026000000000000002,0.019,0.2,11.0
2019-07-08,0.002,14.0,0.02,0.02,0.2,6.0
2019-07-09,0.001,15.0,0.019,0.03,0.3,10.0
2019-07-10,0.001,10.0,0.012,0.026000000000000002,0.3,7.0
2019-07-11,0.001,13.0,0.009000000000000001,0.033,0.3,9.0
2019-07-12,0.001,16.0,0.013999999999999999,0.031,0.3,11.0
2019-07-13,0.001,26.0,0.017,0.034,0.3,22.0
2019-07-14,0.001,34.0,0.027999999999999997,0.03,0.4,28.0
2019-07-15,0.001,40.0,0.022000000000000002,0.036000000000000004,0.4,28.0
2019-07-16,0.001,28.0,0.022000000000000002,0.036000000000000004,0.4,18.0
2019-07-17,0.001,35.0,0.013999999999999999,0.036000000000000004,0.3,27.0
2019-07-18,0.002,26.0,0.01,0.032,0.3,16.0
2019-07-19,0.002,16.0,0.006999999999999999,0.025,0.2,12.0
2019-07-20,0.002,8.0,0.006999999999999999,0.015,0.1,4.0
2019-07-21,0.002,23.0,0.009000000000000001,0.023,0.2,14.0
2019-07-22,0.002,23.0,0.016,0.03,0.2,18.0
2019-07-23,0.002,13.0,0.011000000000000001,0.026000000000000002,0.1,17.0
2019-07-24,0.002,15.0,0.008,0.026000000000000002,0.2,15.0
2019-07-25,0.002,20.0,0.006,0.035,0.3,18.0
2019-07-26,0.002,31.0,0.004,0.03,0.2,18.0
2019-07-27,0.002,18.0,0.006999999999999999,0.03,0.2,11.0
2019-07-28,0.002,16.0,0.006,0.025,0.1,8.0
2019-07-29,,22.0,0.006,0.039,0.3,8.0
2019-07-30,0.003,17.0,0.006999999999999999,0.024,0.1,16.0
2019-07-31,0.002,15.0,0.006999999999999999,0.019,0.1,16.0
2019-08-01,0.003,17.0,0.008,0.022000000000000002,0.1,18.0
2019-08-02,0.003,22.0,0.015,0.031,0.2,14.0
2019-08-03,0.003,33.0,0.016,0.032,0.2,23.0
2019-08-04,0.004,39.0,0.025,0.026000000000000002,0.2,29.0
2019-08-05,0.004,51.0,0.016,0.038,0.3,42.0
2019-08-06,0.004,29.0,0.013999999999999999,0.024,0.2,19.0
2019-08-07,0.003,26.0,0.016,0.026000000000000002,0.2,18.0
2019-08-08,0.001,31.0,0.011000000000000001,0.025,0.3,21.0
2019-08-09,0.002,20.0,0.006999999999999999,0.031,0.3,14.0
2019-08-10,0.003,26.0,0.015,0.025,0.3,21.0
2019-08-11,0.002,26.0,0.015,0.013000000000000001,0.2,14.0
2019-08-12,0.002,26.0,0.008,0.024,0.3,16.0
2019-08-13,0.002,13.0,0.008,0.027000000000000003,0.2,19.0
2019-08-14,0.002,13.0,0.011000000000000001,0.019,0.2,9.0
2019-08-15,0.002,7.0,0.01,0.017,0.3,4.0
2019-08-16,0.002,16.0,0.015,0.026000000000000002,0.4,13.0
2019-08-17,0.002,35.0,0.034,0.028999999999999998,0.3,23.0
2019-08-18,0.003,27.0,0.032,0.025,0.2,17.0
2019-08-19,0.003,34.0,0.022000000000000002,0.036000000000000004,0.3,24.0
2019-08-20,0.003,31.0,0.026000000000000002,0.027000000000000003,0.2,23.0
2019-08-21,0.004,27.0,0.023,0.027999999999999997,0.3,23.0
2019-08-22,0.004,30.0,0.02,0.023,0.2,19.0
2019-08-23,0.004,37.0,0.03,0.021,0.3,25.0
2019-08-24,0.004,30.0,0.024,0.017,0.4,17.0
2019-08-25,0.004,20.0,0.025,,0.3,12.0
2019-08-26,0.004,18.0,0.02,0.025,0.3,12.0
2019-08-27,0.004,21.0,0.024,0.021,0.3,16.0
2019-08-28,0.001,29.0,0.031,0.026000000000000002,0.1,23.0
2019-08-29,0.002,24.0,0.02,0.023,0.1,16.0
2019-08-30,0.002,22.0,0.022000000000000002,0.023,0.1,11.0
2019-08-31,0.003,23.0,0.025,0.023,0.2,14.0
2019-09-01,0.002,21.0,0.023,0.02,0.1,15.0
2019-09-02,0.003,29.0,0.019,0.017,0.1,18.0
2019-09-03,0.002,14.0,0.013999999999999999,0.013000000000000001,0.1,8.0
2019-09-04,0.003,13.0,0.012,0.015,0.1,10.0
2019-09-05,0.003,20.0,0.009000000000000001,0.013999999999999999,0.1,10.0
2019-09-06,0.003,23.0,0.01,0.015,0.1,16.0
2019-09-07,0.003,11.0,0.021,0.008,0.1,3.0
2019-09-08,0.004,16.0,0.019,0.017,0.1,8.0
2019-09-09,0.004,15.0,0.012,0.018000000000000002,0.1,9.0
2019-09-10,0.003,22.0,0.02,0.021,0.2,14.0
2019-09-11,0.002,24.0,0.031,0.015,0.3,18.0
2019-09-12,0.003,11.0,0.027000000000000003,0.01,0.5,4.0
2019-09-13,0.003,14.0,0.026000000000000002,0.011000000000000001,0.6,4.0
2019-09-14,0.003,16.0,0.025,0.015,0.5,10.0
2019-09-15,0.004,17.0,0.033,0.015,0.3,12.0
2019-09-16,0.004,12.0,0.023,0.015,0.4,7.0
2019-09-17,0.004,14.0,0.015,0.01,0.4,8.0
2019-09-18,0.004,29.0,0.017,0.016,0.4,10.0
2019-09-19,0.004,33.0,0.015,0.017,0.5,13.0
2019-09-20,0.004,24.0,0.009000000000000001,0.016,0.4,11.0
2019-09-21,0.004,10.0,0.015,0.013000000000000001,0.4,5.0
2019-09-22,0.003,5.0,0.027999999999999997,0.009000000000000001,0.4,1.0
2019-09-23,0.003,11.0,0.011000000000000001,0.016,0.4,6.0
2019-09-24,0.004,24.0,0.01,0.017,0.4,14.0
2019-09-25,0.004,30.0,0.008,0.017,0.5,20.0
2019-09-26,0.004,17.0,0.011000000000000001,0.013000000000000001,0.3,12.0
2019-09-27,0.004,20.0,0.009000000000000001,0.017,0.2,14.0
2019-09-28,0.005,33.0,0.019,0.016,0.2,32.0
2019-09-29,0.005,39.0,0.023,0.015,0.1,29.0
2019-09-30,0.005,41.0,0.017,0.021,0.3,32.0
2019-10-01,0.005,28.0,0.005,0.017,0.2,30.0
2019-10-02,0.005,9.0,0.005,0.012,0.1,5.0
2019-10-03,0.005,6.0,0.008,,0.1,7.0
2019-10-04,0.004,20.0,0.011000000000000001,0.016,0.1,17.0
2019-10-05,0.003,41.0,0.018000000000000002,0.01,0.1,25.0
2019-10-06,0.003,11.0,0.015,0.006999999999999999,0.3,4.0
2019-10-07,0.004,8.0,0.006,0.01,0.4,6.0
2019-10-08,0.004,21.0,0.011000000000000001,0.012,0.3,11.0
2019-10-09,0.004,21.0,0.006999999999999999,0.011000000000000001,0.7,9.0
2019-10-10,0.004,38.0,0.005,0.018000000000000002,0.4,18.0
2019-10-11,0.002,38.0,0.006999999999999999,0.02,0.2,22.0
2019-10-12,0.002,25.0,0.012,0.013999999999999999,0.1,14.0
2019-10-13,0.003,14.0,0.01,0.011000000000000001,0.1,7.0
2019-10-14,0.003,28.0,0.011000000000000001,0.013999999999999999,0.1,15.0
2019-10-15,0.003,20.0,0.006,0.013999999999999999,0.2,11.0
2019-10-16,0.003,22.0,0.006,0.017,0.1,13.0
2019-10-17,0.003,31.0,0.005,0.017,0.2,21.0
2019-10-18,0.003,19.0,0.008,0.015,0.1,9.0
2019-10-19,0.003,16.0,0.009000000000000001,0.015,0.1,9.0
2019-10-20,0.003,23.0,0.01,0.015,0.1,16.0
2019-10-21,0.003,23.0,0.006,0.017,0.2,18.0
2019-10-22,0.003,11.0,0.008,0.017,0.3,9.0
2019-10-23,0.003,19.0,0.009000000000000001,0.015,0.3,11.0
2019-10-24,0.003,21.0,0.015,0.015,0.2,12.0
2019-10-25,0.003,23.0,0.008,0.019,0.4,14.0
2019-10-26,0.003,26.0,0.016,0.012,0.3,14.0
2019-10-27,0.003,26.0,0.011000000000000001,0.013999999999999999,0.5,15.0
2019-10-28,0.003,32.0,0.008,0.019,0.5,19.0
2019-10-29,0.002,68.0,0.013999999999999999,0.015,0.1,16.0
2019-10-30,0.003,28.0,0.008,0.016,0.2,15.0
2019-10-31,0.003,48.0,0.008,0.018000000000000002,0.3,20.0
2019-11-01,0.003,112.0,0.01,0.025,0.3,41.0
2019-11-02,0.003,80.0,0.004,0.024,0.5,38.0
2019-11-03,0.003,72.0,0.013000000000000001,0.018000000000000002,0.4,38.0
2019-11-04,0.003,27.0,0.006999999999999999,0.017,0.3,14.0
2019-11-05,0.003,40.0,0.005,0.02,0.4,25.0
2019-11-06,0.004,44.0,0.009000000000000001,0.018000000000000002,0.4,24.0
2019-11-07,0.004,46.0,0.011000000000000001,0.018000000000000002,0.4,21.0
2019-11-08,0.004,50.0,0.005,0.02,0.5,22.0
2019-11-09,0.004,50.0,0.003,0.022000000000000002,0.7,25.0
2019-11-10,0.004,43.0,0.005,0.019,0.6,24.0
2019-11-11,0.003,30.0,0.011000000000000001,0.017,0.4,13.0
2019-11-12,0.004,43.0,0.004,0.019,0.5,19.0
2019-11-13,0.003,41.0,0.004,0.017,0.5,19.0
2019-11-14,0.003,31.0,0.01,0.013000000000000001,0.2,9.0
2019-11-15,0.003,41.0,0.008,0.019,0.5,11.0
2019-11-16,0.003,54.0,0.009000000000000001,0.02,0.2,23.0
2019-11-17,0.003,48.0,0.002,0.019,0.4,28.0
2019-11-18,0.003,70.0,0.012,0.013000000000000001,0.1,14.0
2019-11-19,0.002,33.0,0.009000000000000001,0.013000000000000001,0.3,10.0
2019-11-20,0.003,41.0,0.004,0.019,0.4,15.0
2019-11-21,0.004,59.0,0.001,0.024,0.6,26.0
2019-11-22,0.004,53.0,0.002,0.023,0.6,22.0
2019-11-23,0.003,43.0,0.002,0.019,0.4,19.0
2019-11-24,0.003,31.0,0.006999999999999999,0.013999999999999999,0.3,17.0
2019-11-25,0.003,36.0,0.008,0.013000000000000001,0.2,16.0
2019-11-26,0.004,47.0,0.003,0.02,0.5,21.0
2019-11-27,0.004,50.0,0.008,0.016,0.3,22.0
2019-11-28,0.004,57.0,0.003,0.021,0.5,27.0
2019-11-29,0.003,43.0,0.003,0.026000000000000002,0.5,14.0
2019-11-30,0.003,53.0,0.002,0.034,0.6,23.0
2019-12-01,0.004,56.0,0.001,0.031,0.6,40.0
2019-12-02,0.002,30.0,0.01,0.02,0.3,13.0
2019-12-03,0.002,35.0,0.005,0.027000000000000003,0.5,13.0
2019-12-04,0.002,41.0,0.008,0.027999999999999997,0.5,14.0
2019-12-05,0.002,28.0,0.018000000000000002,0.019,0.3,12.0
2019-12-06,0.002,38.0,0.011000000000000001,0.024,0.5,16.0
2019-12-07,0.002,53.0,0.005,0.031,0.7,26.0
2019-12-08,0.003,51.0,0.005,0.027999999999999997,0.7,37.0
2019-12-09,0.003,65.0,0.005,0.034,0.7,39.0
2019-12-10,0.004,99.0,0.006,0.045,0.9,53.0
2019-12-11,0.003,75.0,0.011000000000000001,0.036000000000000004,0.6,39.0
2019-12-12,0.002,31.0,0.013000000000000001,0.02,0.4,12.0
2019-12-13,0.003,41.0,0.002,0.031,0.6,18.0
2019-12-14,0.003,53.0,0.008,0.025,0.6,23.0
2019-12-15,0.003,47.0,0.005,0.027999999999999997,0.7,22.0
2019-12-16,0.004,53.0,0.003,0.033,0.7,23.0
2019-12-17,0.003,40.0,0.003,0.032,0.7,24.0
2019-12-18,0.003,51.0,0.011000000000000001,0.021,0.4,27.0
2019-12-19,0.004,36.0,0.01,0.025,0.5,15.0
2019-12-20,0.003,51.0,0.01,0.025,0.6,22.0
2019-12-21,0.004,62.0,0.003,0.03,0.7,31.0
2019-12-22,0.004,58.0,0.006,0.027999999999999997,0.6,31.0
2019-12-23,0.003,62.0,0.009000000000000001,0.027999999999999997,0.5,32.0
2019-12-24,0.004,83.0,0.003,0.035,0.6,46.0
2019-12-25,0.004,85.0,0.003,0.035,0.6,55.0
2019-12-26,0.003,52.0,0.006,0.031,0.4,32.0
2019-12-27,0.003,42.0,0.016,0.024,0.3,18.0
2019-12-28,0.004,55.0,0.006,0.028999999999999998,0.5,22.0
2019-12-29,0.004,46.0,0.006999999999999999,0.026000000000000002,0.4,25.0
2019-12-30,0.003,27.0,0.01,0.025,0.3,16.0
2019-12-31,0.003,30.0,0.02,0.018000000000000002,0.2,11.0
2020-01-01,0.003,34.0,0.01,0.022000000000000002,0.4,17.0
2020-01-02,0.004,71.0,0.006,0.03,0.5,35.0
2020-01-03,0.004,94.0,0.006999999999999999,0.033,0.5,47.0
2020-01-04,0.004,84.0,0.003,0.032,0.7,48.0
2020-01-05,0.004,56.0,0.006,0.027999999999999997,0.5,34.0
2020-01-06,0.004,32.0,0.003,0.03,0.5,22.0
2020-01-07,0.004,11.0,0.003,0.035,0.7,10.0
2020-01-08,0.003,28.0,0.017,0.018000000000000002,0.2,22.0
2020-01-09,0.004,56.0,0.02,0.022000000000000002,0.3,29.0
2020-01-10,0.004,68.0,0.005,0.031,0.6,39.0
2020-01-11,0.004,68.0,0.01,0.027000000000000003,0.6,38.0
2020-01-12,0.004,39.0,0.023,0.018000000000000002,0.3,19.0
2020-01-13,0.003,33.0,0.018000000000000002,0.02,0.2,10.0
2020-01-14,0.004,47.0,0.01,0.026000000000000002,0.4,21.0
2020-01-15,0.004,52.0,0.008,0.026000000000000002,0.3,26.0
2020-01-16,0.003,54.0,0.006,0.03,0.2,27.0
2020-01-17,0.003,71.0,0.004,0.036000000000000004,0.4,39.0
2020-01-18,0.003,62.0,0.006,0.033,0.4,36.0
2020-01-19,0.003,71.0,0.013000000000000001,0.027999999999999997,0.3,40.0
2020-01-20,0.003,68.0,0.019,0.023,0.2,28.0
2020-01-21,0.003,43.0,0.013000000000000001,0.027999999999999997,0.2,21.0
2020-01-22,0.004,55.0,0.002,0.034,0.4,31.0
2020-01-23,0.005,67.0,0.009000000000000001,0.031,0.2,36.0
2020-01-24,0.005,90.0,0.009000000000000001,0.03,0.4,59.0
2020-01-25,0.004,64.0,0.006,0.027999999999999997,0.4,41.0
2020-01-26,0.004,34.0,0.016,0.017,0.2,20.0
2020-01-27,0.004,10.0,0.031,0.01,0.1,3.0
2020-01-28,0.004,20.0,0.009000000000000001,0.023,0.1,11.0
2020-01-29,0.005,31.0,0.006999999999999999,0.026000000000000002,0.1,12.0
2020-01-30,0.004,34.0,0.01,0.024,0.2,18.0
2020-01-31,0.002,45.0,0.023,0.02,0.3,30.0
2020-02-01,0.003,71.0,0.012,0.027999999999999997,0.8,51.0
2020-02-02,0.003,75.0,0.02,0.025,0.7,54.0
2020-02-03,0.003,43.0,0.025,0.019,0.4,25.0
2020-02-04,0.002,37.0,0.015,0.024,0.4,20.0
2020-02-05,0.002,31.0,0.024,0.015,0.2,10.0
2020-02-06,0.002,46.0,0.009000000000000001,0.026000000000000002,0.4,21.0
2020-02-07,0.003,58.0,0.006999999999999999,0.032,0.7,32.0
2020-02-08,0.002,46.0,0.024,0.019,0.3,27.0
2020-02-09,0.003,34.0,0.021,0.021,0.4,21.0
2020-02-10,0.003,58.0,0.019,0.027000000000000003,0.5,32.0
2020-02-11,0.004,66.0,0.006999999999999999,0.034,0.7,35.0
2020-02-12,0.004,38.0,0.006999999999999999,0.031,0.8,26.0
2020-02-13,0.003,38.0,0.013999999999999999,0.022000000000000002,0.3,24.0
2020-02-14,0.004,89.0,0.006,0.031,0.6,52.0
2020-02-15,0.004,74.0,0.015,0.027999999999999997,0.6,43.0
2020-02-16,0.003,20.0,0.022000000000000002,0.015,0.1,11.0
2020-02-17,0.003,32.0,0.025,0.016,0.2,11.0
2020-02-18,0.004,34.0,0.022000000000000002,0.02,0.2,16.0
2020-02-19,0.005,48.0,0.009000000000000001,0.027999999999999997,0.4,21.0
2020-02-20,0.006,65.0,0.009000000000000001,0.032,0.5,36.0
2020-02-21,0.006,72.0,0.01,0.034,0.5,39.0
2020-02-22,0.005,71.0,0.03,0.018000000000000002,0.1,26.0
2020-02-23,0.005,30.0,0.031,0.015,0.1,12.0
2020-02-24,0.005,34.0,0.011000000000000001,0.026000000000000002,0.3,17.0
2020-02-25,0.004,9.0,0.022000000000000002,0.018000000000000002,0.2,7.0
2020-02-26,0.003,26.0,0.02,0.021,0.1,11.0
2020-02-27,0.002,37.0,0.023,0.017,0.2,17.0
2020-02-28,0.002,27.0,0.009000000000000001,0.021,0.2,17.0
2020-02-29,0.003,34.0,0.01,0.021,0.2,17.0
2020-03-01,0.003,42.0,0.018000000000000002,0.016,0.2,27.0
2020-03-02,0.003,46.0,0.03,0.017,0.2,30.0
2020-03-03,0.003,49.0,0.022000000000000002,0.022000000000000002,0.3,30.0
2020-03-04,0.002,34.0,0.033,0.015,0.1,20.0
2020-03-05,0.003,38.0,0.032,0.018000000000000002,0.3,27.0
2020-03-06,0.003,37.0,0.012,0.027000000000000003,0.4,23.0
2020-03-07,0.003,42.0,0.009000000000000001,0.027000000000000003,0.4,25.0
2020-03-08,0.004,37.0,0.017,0.021,0.2,24.0
2020-03-09,0.004,50.0,0.013999999999999999,0.027999999999999997,0.3,32.0
2020-03-10,0.004,42.0,0.018000000000000002,0.024,0.1,29.0
2020-03-11,0.003,38.0,0.026000000000000002,0.017,0.2,11.0
2020-03-12,0.004,36.0,0.022000000000000002,0.019,0.3,11.0
2020-03-13,0.004,30.0,0.021,0.02,0.2,11.0
2020-03-14,0.003,33.0,0.032,0.016,0.2,12.0
2020-03-15,0.003,47.0,0.034,0.013000000000000001,0.2,18.0
2020-03-16,0.003,27.0,0.027000000000000003,0.016,0.2,12.0
2020-03-17,0.003,48.0,0.03,0.019,0.2,19.0
2020-03-18,0.002,51.0,0.02,0.025,0.1,24.0
2020-03-19,0.002,57.0,0.034,0.018000000000000002,0.2,18.0
2020-03-20,0.002,46.0,0.026000000000000002,0.017,0.1,8.0
2020-03-21,0.003,59.0,0.033,0.023,0.2,19.0
2020-03-22,0.002,48.0,0.047,0.012,0.1,21.0
2020-03-23,0.003,45.0,0.037000000000000005,0.018000000000000002,0.1,22.0
2020-03-24,0.003,61.0,0.031,0.023,0.4,32.0
2020-03-25,0.003,61.0,0.032,0.024,0.8,34.0
2020-03-26,0.003,43.0,0.023,0.022000000000000002,0.3,27.0
2020-03-27,0.003,34.0,0.012,0.018000000000000002,0.1,18.0
2020-03-28,0.003,39.0,0.022000000000000002,0.015,0.2,8.0
2020-03-29,0.002,36.0,0.03,0.013000000000000001,0.4,13.0
2020-03-30,0.003,36.0,0.035,0.016,0.2,16.0
2020-03-31,0.004,43.0,0.031,0.021,0.3,20.0
2020-04-01,0.003,49.0,0.035,0.018000000000000002,0.3,24.0
2020-04-02,0.002,41.0,0.032,0.017,0.3,21.0
2020-04-03,0.003,46.0,0.035,0.018000000000000002,0.3,25.0
2020-04-04,0.003,71.0,0.044000000000000004,0.013000000000000001,0.2,23.0
2020-04-05,0.002,36.0,0.035,0.013000000000000001,0.3,14.0
2020-04-06,0.002,45.0,0.033,0.018000000000000002,0.3,20.0
2020-04-07,0.003,59.0,0.042,0.016,0.3,20.0
2020-04-08,0.002,36.0,0.036000000000000004,0.013999999999999999,0.2,15.0
2020-04-09,0.002,38.0,0.033,0.016,0.5,18.0
2020-04-10,0.002,40.0,0.034,0.016,0.6,23.0
2020-04-11,0.003,43.0,0.037000000000000005,0.013999999999999999,0.4,26.0
2020-04-12,0.003,33.0,0.035,0.013000000000000001,0.4,19.0
2020-04-13,0.003,24.0,0.032,0.017,0.3,10.0
2020-04-14,0.003,30.0,0.033,0.019,0.4,20.0
2020-04-15,0.004,49.0,0.044000000000000004,0.021,0.5,29.0
2020-04-16,0.004,51.0,0.04,0.018000000000000002,0.4,29.0
2020-04-17,0.004,32.0,0.04,0.015,0.3,15.0
2020-04-18,0.004,41.0,0.043,0.012,0.4,20.0
2020-04-19,0.004,27.0,0.032,0.012,0.3,15.0
2020-04-20,0.004,20.0,0.031,0.016,0.4,9.0
2020-04-21,0.003,34.0,0.035,0.013000000000000001,0.3,7.0
2020-04-22,0.003,62.0,0.033,0.013000000000000001,0.4,7.0
2020-04-23,0.003,54.0,0.034,0.013999999999999999,0.4,11.0
2020-04-24,0.003,42.0,0.040999999999999995,0.013999999999999999,0.3,9.0
2020-04-25,0.004,64.0,0.064,0.013000000000000001,0.4,23.0
2020-04-26,0.003,31.0,0.043,0.011000000000000001,0.3,14.0
2020-04-27,0.003,31.0,0.037000000000000005,0.017,0.4,15.0
2020-04-28,0.003,38.0,0.039,0.017,0.4,19.0
2020-04-29,0.002,39.0,0.046,0.018000000000000002,0.4,19.0
2020-04-30,0.002,34.0,0.04,0.016,0.4,19.0
2020-05-01,0.003,40.0,0.031,0.013999999999999999,0.3,26.0
2020-05-02,0.003,32.0,0.03,0.015,0.3,23.0
2020-05-03,0.002,18.0,0.022000000000000002,0.012,0.3,18.0
2020-05-04,0.002,18.0,0.021,0.013999999999999999,0.3,15.0
2020-05-05,0.003,31.0,0.013999999999999999,0.015,0.4,29.0
2020-05-06,0.003,30.0,0.028999999999999998,0.013999999999999999,0.4,17.0
2020-05-07,0.003,22.0,0.043,0.013000000000000001,0.4,11.0
2020-05-08,0.003,22.0,0.037000000000000005,0.017,0.5,15.0
2020-05-09,0.003,7.0,0.024,0.013999999999999999,0.3,12.0
2020-05-10,0.003,20.0,0.034,0.011000000000000001,0.4,22.0
2020-05-11,0.003,50.0,0.044000000000000004,0.015,0.5,29.0
2020-05-12,0.003,47.0,0.047,0.012,0.4,24.0
2020-05-13,0.003,27.0,0.033,0.013999999999999999,0.4,11.0
2020-05-14,0.003,50.0,0.027000000000000003,0.02,0.4,15.0
2020-05-15,0.003,36.0,0.024,0.018000000000000002,0.4,17.0
2020-05-16,0.003,23.0,0.03,0.013999999999999999,0.4,24.0
2020-05-17,0.003,25.0,0.044000000000000004,0.013000000000000001,0.3,24.0
2020-05-18,0.003,23.0,0.037000000000000005,0.013999999999999999,0.4,19.0
2020-05-19,0.004,12.0,0.028999999999999998,0.012,0.4,8.0
2020-05-20,0.004,10.0,0.021,0.013999999999999999,0.4,8.0
2020-05-21,0.004,19.0,0.025,0.016,0.4,16.0
2020-05-22,0.004,32.0,0.027999999999999997,0.016,0.4,24.0
2020-05-23,0.004,29.0,0.028999999999999998,0.013999999999999999,0.4,24.0
2020-05-24,0.004,23.0,0.027999999999999997,0.011000000000000001,0.3,24.0
2020-05-25,0.004,30.0,0.027000000000000003,0.013999999999999999,0.4,28.0
2020-05-26,0.004,50.0,0.035,0.016,0.5,33.0
2020-05-27,0.004,27.0,0.042,0.013999999999999999,0.4,20.0
2020-05-28,0.003,29.0,0.037000000000000005,0.013999999999999999,0.4,26.0
2020-05-29,0.003,34.0,0.042,0.017,0.4,27.0
2020-05-30,0.003,29.0,0.042,0.016,0.4,24.0
2020-05-31,0.004,30.0,0.045,0.012,0.4,28.0
2020-06-01,0.004,13.0,0.031,0.013999999999999999,0.3,8.0
2020-06-02,0.004,16.0,0.021,0.017,0.4,11.0
2020-06-03,0.003,33.0,0.035,0.017,0.3,24.0
2020-06-04,0.001,35.0,0.042,0.022000000000000002,0.2,23.0
2020-06-05,0.001,53.0,0.048,0.025,0.3,28.0
2020-06-06,0.001,62.0,0.045,0.021,0.3,36.0
2020-06-07,0.001,52.0,0.04,0.018000000000000002,0.3,29.0
2020-06-08,0.001,58.0,0.044000000000000004,0.032,0.3,33.0
2020-06-09,0.002,54.0,0.049,0.032,0.4,35.0
2020-06-10,0.001,43.0,0.036000000000000004,0.03,0.3,34.0
2020-06-11,0.001,15.0,0.027000000000000003,0.026000000000000002,0.2,16.0
2020-06-12,0.001,42.0,0.011000000000000001,0.03,0.4,28.0
2020-06-13,0.001,13.0,0.02,0.022000000000000002,0.2,9.0
2020-06-14,0.001,8.0,0.024,0.015,0.2,6.0
2020-06-15,0.001,27.0,0.040999999999999995,0.02,0.3,19.0
2020-06-16,0.002,36.0,0.047,0.024,0.3,27.0
2020-06-17,0.003,36.0,0.036000000000000004,0.025,0.2,26.0
2020-06-18,0.003,29.0,0.03,0.022000000000000002,0.2,14.0
2020-06-19,0.003,18.0,0.048,0.024,0.2,19.0
2020-06-20,0.003,40.0,0.044000000000000004,0.022000000000000002,0.2,33.0
2020-06-21,0.003,30.0,0.037000000000000005,0.019,0.2,27.0
2020-06-22,0.003,33.0,0.038,0.027000000000000003,0.2,26.0
2020-06-23,0.003,40.0,0.047,0.028999999999999998,0.2,34.0
2020-06-24,0.003,23.0,0.023,0.024,0.2,19.0
2020-06-25,0.003,19.0,0.021,0.021,0.2,17.0
2020-06-26,0.002,20.0,0.032,0.018000000000000002,0.2,14.0
2020-06-27,0.003,26.0,0.028999999999999998,0.024,0.2,20.0
2020-06-28,0.003,29.0,0.035,0.018000000000000002,0.3,25.0
2020-06-29,0.002,22.0,0.026000000000000002,0.02,0.2,30.0
2020-06-30,0.001,4.0,0.025,0.02,0.2,5.0
2020-07-01,0.002,14.0,0.022000000000000002,0.02,0.2,9.0
2020-07-02,0.002,29.0,0.024,0.022000000000000002,0.3,23.0
2020-07-03,0.003,19.0,0.021,0.017,0.2,13.0
2020-07-04,0.002,8.0,0.021,0.013000000000000001,0.1,6.0
2020-07-05,0.002,15.0,0.026000000000000002,0.015,0.1,13.0
2020-07-06,0.003,15.0,0.019,0.019,0.2,15.0
2020-07-07,0.004,19.0,0.031,0.019,0.2,18.0
2020-07-08,0.004,27.0,0.027999999999999997,0.02,0.3,23.0
2020-07-09,0.003,28.0,0.03,0.019,0.2,25.0
2020-07-10,0.003,6.0,0.024,0.017,0.2,13.0
2020-07-11,0.003,17.0,0.031,0.018000000000000002,0.2,13.0
2020-07-12,0.003,7.0,0.025,0.011000000000000001,0.2,13.0
2020-07-13,0.002,5.0,0.026000000000000002,0.013000000000000001,0.2,5.0
2020-07-14,0.003,7.0,0.016,,0.2,8.0
2020-07-15,0.003,6.0,0.01,0.018000000000000002,0.2,7.0
2020-07-16,0.003,16.0,0.018000000000000002,0.022000000000000002,0.3,16.0
2020-07-17,0.004,34.0,0.022000000000000002,0.025,0.4,31.0
2020-07-18,0.004,26.0,0.024,0.018000000000000002,0.3,21.0
2020-07-19,0.004,13.0,0.022000000000000002,0.012,0.2,15.0
2020-07-20,0.004,8.0,0.018000000000000002,0.017,0.2,13.0
2020-07-21,0.003,15.0,0.03,0.023,0.3,14.0
2020-07-22,0.002,14.0,0.018000000000000002,0.02,0.3,17.0
2020-07-23,0.002,8.0,0.019,0.015,0.3,7.0
2020-07-24,0.002,4.0,0.018000000000000002,0.017,0.2,5.0
2020-07-25,0.002,7.0,0.011000000000000001,0.019,0.2,11.0
2020-07-26,0.002,10.0,0.011000000000000001,0.015,0.2,13.0
2020-07-27,0.002,12.0,0.015,0.016,0.3,20.0
2020-07-28,0.001,15.0,0.011000000000000001,0.018000000000000002,0.3,8.0
2020-07-29,0.002,15.0,0.003,0.017,0.3,6.0
2020-07-30,0.002,15.0,0.008,0.02,0.2,4.0
2020-07-31,0.002,23.0,0.006999999999999999,0.015,0.2,11.0
2020-08-01,0.002,17.0,0.005,0.013000000000000001,0.2,16.0
2020-08-02,0.002,9.0,0.009000000000000001,0.008,0.1,11.0
2020-08-03,0.002,17.0,0.006,0.013000000000000001,0.2,20.0
2020-08-04,0.002,23.0,0.004,0.013000000000000001,0.2,17.0
2020-08-05,0.003,25.0,0.003,0.013000000000000001,0.2,25.0
2020-08-06,0.003,8.0,0.012,0.015,0.2,12.0
2020-08-07,0.003,9.0,0.006999999999999999,0.023,0.3,15.0
2020-08-08,0.003,5.0,0.008,0.021,0.3,6.0
2020-08-09,0.003,6.0,0.006999999999999999,0.012,0.2,7.0
2020-08-10,0.004,5.0,0.003,0.013000000000000001,0.3,10.0
2020-08-11,0.003,7.0,0.011000000000000001,0.022000000000000002,0.3,14.0
2020-08-12,0.003,13.0,0.005,0.02,0.2,15.0
2020-08-13,0.003,14.0,0.012,0.018000000000000002,0.1,14.0
2020-08-14,0.004,25.0,0.022000000000000002,0.018000000000000002,0.1,19.0
2020-08-15,0.004,24.0,0.028999999999999998,0.017,0.1,17.0
2020-08-16,0.004,14.0,0.01,0.011000000000000001,0.1,11.0
2020-08-17,0.004,22.0,0.011000000000000001,0.016,0.1,16.0
2020-08-18,0.004,25.0,0.013999999999999999,0.018000000000000002,0.1,16.0
2020-08-19,0.003,32.0,0.013000000000000001,0.018000000000000002,0.2,20.0
2020-08-20,0.003,35.0,0.017,0.019,0.2,24.0
2020-08-21,0.003,38.0,0.022000000000000002,0.022000000000000002,0.2,24.0
2020-08-22,0.003,33.0,0.015,0.017,0.2,19.0
2020-08-23,0.003,21.0,0.017,0.013000000000000001,0.2,9.0
2020-08-24,0.003,25.0,0.017,0.018000000000000002,0.2,13.0
2020-08-25,0.003,23.0,0.01,0.017,0.2,15.0
2020-08-26,0.003,20.0,0.018000000000000002,0.012,0.2,11.0
2020-08-27,0.002,19.0,0.026000000000000002,0.015,0.2,9.0
2020-08-28,0.002,15.0,0.016,0.017,0.2,8.0
2020-08-29,0.002,10.0,0.01,0.013000000000000001,0.2,3.0
2020-08-30,0.002,11.0,0.009000000000000001,0.011000000000000001,0.2,2.0
2020-08-31,0.002,10.0,0.015,0.012,0.2,1.0
2020-09-01,0.002,17.0,0.019,0.013999999999999999,0.2,3.0
2020-09-02,0.002,15.0,0.009000000000000001,0.013000000000000001,0.2,6.0
2020-09-03,0.002,18.0,0.027999999999999997,0.012,0.2,8.0
2020-09-04,0.003,37.0,0.040999999999999995,0.02,0.3,18.0
2020-09-05,0.003,36.0,0.025,0.016,0.3,19.0
2020-09-06,0.003,13.0,0.027999999999999997,0.01,0.3,6.0
2020-09-07,0.003,12.0,0.032,0.011000000000000001,0.3,4.0
2020-09-08,0.003,47.0,0.043,0.016,0.3,25.0
2020-09-09,0.003,23.0,0.04,0.017,0.3,12.0
2020-09-10,0.003,29.0,0.027000000000000003,0.019,0.3,15.0
2020-09-11,0.003,34.0,0.018000000000000002,0.017,0.3,19.0
2020-09-12,0.003,19.0,0.017,0.013999999999999999,0.3,8.0
2020-09-13,0.003,18.0,0.018000000000000002,0.012,0.3,5.0
2020-09-14,0.003,20.0,0.005,0.011000000000000001,0.3,7.0
2020-09-15,,22.0,,,,10.0
2020-09-16,,22.0,,,,10.0
2020-09-17,,22.0,,,,10.0
2020-09-18,,22.0,,,,10.0
2020-09-19,,22.0,,,,10.0
2020-09-20,,22.0,,,,10.0
2020-09-21,,22.0,,,,10.0
2020-09-22,,22.0,,,,10.0
2020-09-23,,22.0,,,,10.0
2020-09-24,0.003,17.0,0.005,0.011000000000000001,0.3,6.0
2020-09-25,0.002,15.0,0.019,0.022000000000000002,0.3,5.0
2020-09-26,0.002,15.0,0.022000000000000002,0.02,0.3,6.0
2020-09-27,0.002,10.0,0.022000000000000002,0.016,0.3,4.0
2020-09-28,0.002,15.0,0.016,0.023,0.3,6.0
2020-09-29,0.002,25.0,0.025,0.027999999999999997,0.3,12.0
2020-09-30,0.002,28.0,0.026000000000000002,0.023,0.4,18.0
2020-10-01,0.002,26.0,0.036000000000000004,0.013000000000000001,0.3,17.0
2020-10-02,0.002,18.0,0.038,0.013000000000000001,0.3,11.0
2020-10-03,0.002,21.0,0.03,0.016,0.3,13.0
2020-10-04,0.002,33.0,0.033,0.016,0.4,19.0
2020-10-05,0.002,22.0,0.021,0.019,0.3,6.0
2020-10-06,0.002,19.0,0.019,0.02,0.4,7.0
2020-10-07,0.002,14.0,0.027999999999999997,0.013000000000000001,0.3,3.0
2020-10-08,0.002,13.0,0.034,0.013000000000000001,0.3,3.0
2020-10-09,0.002,34.0,0.040999999999999995,0.013000000000000001,0.3,5.0
2020-10-10,0.002,34.0,0.032,0.02,0.3,7.0
2020-10-11,0.002,34.0,0.03,0.018000000000000002,0.3,9.0
2020-10-12,0.002,27.0,0.024,0.024,0.4,18.0
2020-10-13,0.002,21.0,0.019,0.025,0.3,8.0
2020-10-14,0.003,34.0,0.013000000000000001,0.032,0.5,13.0
2020-10-15,0.003,40.0,0.013000000000000001,0.034,0.4,15.0
2020-10-16,0.003,53.0,0.006999999999999999,0.043,0.5,25.0
2020-10-17,0.002,41.0,0.021,0.032,0.5,24.0
2020-10-18,0.002,30.0,0.024,0.027999999999999997,0.4,16.0
2020-10-19,0.003,44.0,0.016,0.040999999999999995,0.5,22.0
2020-10-20,0.003,59.0,0.022000000000000002,0.039,0.5,35.0
2020-10-21,0.003,40.0,0.013999999999999999,0.035,0.5,20.0
2020-10-22,0.002,43.0,0.019,0.025,0.4,17.0
2020-10-23,0.002,23.0,0.023,0.022000000000000002,0.3,6.0
2020-10-24,0.003,22.0,0.019,0.025,0.4,6.0
2020-10-25,0.003,27.0,0.019,0.027999999999999997,0.4,9.0
2020-10-26,0.003,44.0,0.021,0.038,0.5,20.0
2020-10-27,0.003,66.0,0.022000000000000002,0.046,0.6,39.0
2020-10-28,0.003,64.0,0.022000000000000002,0.038,0.6,37.0
2020-10-29,0.003,38.0,0.011000000000000001,0.037000000000000005,0.5,11.0
2020-10-30,0.003,42.0,0.013999999999999999,0.037000000000000005,0.5,18.0
2020-10-31,0.002,36.0,0.017,0.035,0.5,13.0
2020-11-01,0.002,22.0,0.018000000000000002,0.027000000000000003,0.4,12.0
2020-11-02,0.003,37.0,0.013000000000000001,0.027999999999999997,0.5,10.0
2020-11-03,0.002,27.0,0.016,0.023,0.4,6.0
2020-11-04,0.003,33.0,0.012,0.031,0.4,9.0
2020-11-05,0.003,46.0,0.009000000000000001,0.040999999999999995,0.5,19.0
2020-11-06,0.003,60.0,0.006,0.046,0.7,26.0
2020-11-07,0.003,63.0,0.021,0.036000000000000004,0.6,27.0
2020-11-08,0.003,67.0,0.027999999999999997,0.02,0.4,22.0
2020-11-09,0.003,34.0,0.017,0.025,0.4,8.0
2020-11-10,0.003,37.0,0.017,0.03,0.4,12.0
2020-11-11,0.003,39.0,0.011000000000000001,0.037000000000000005,0.5,14.0
2020-11-12,0.003,47.0,0.011000000000000001,0.043,0.6,21.0
2020-11-13,0.004,66.0,0.015,0.046,0.7,38.0
2020-11-14,0.003,68.0,0.015,0.040999999999999995,0.7,42.0
2020-11-15,0.003,55.0,0.022000000000000002,0.032,0.6,32.0
2020-11-16,0.003,92.0,0.013999999999999999,0.046,0.7,63.0
2020-11-17,0.003,58.0,0.025,0.035,0.6,38.0
2020-11-18,0.002,44.0,0.01,0.03,0.6,25.0
2020-11-19,0.002,14.0,0.023,0.015,0.4,6.0
2020-11-20,0.002,25.0,0.019,0.019,0.3,9.0
2020-11-21,0.002,29.0,0.019,0.019,0.3,13.0
2020-11-22,0.002,25.0,0.017,0.019,0.4,12.0
2020-11-23,0.003,27.0,0.018000000000000002,0.021,0.3,11.0
2020-11-24,0.003,30.0,0.01,0.035,0.4,13.0
2020-11-25,0.003,42.0,0.011000000000000001,0.036000000000000004,0.6,20.0
2020-11-26,0.003,62.0,0.01,0.040999999999999995,0.6,37.0
2020-11-27,0.003,50.0,0.013000000000000001,0.033,0.5,29.0
2020-11-28,0.003,28.0,0.02,0.02,0.3,11.0
2020-11-29,0.003,26.0,0.018000000000000002,0.023,0.4,10.0
2020-11-30,0.004,35.0,0.013000000000000001,0.03,0.5,16.0
2020-12-01,0.004,45.0,0.009000000000000001,0.04,0.6,24.0
2020-12-02,0.004,42.0,0.01,0.040999999999999995,0.5,19.0
2020-12-03,0.003,34.0,0.016,0.03,0.5,14.0
2020-12-04,0.004,37.0,0.01,0.036000000000000004,0.5,15.0
2020-12-05,0.003,42.0,0.008,0.037000000000000005,0.6,20.0
2020-12-06,0.003,45.0,0.011000000000000001,0.033,0.6,26.0
2020-12-07,0.004,63.0,0.015,0.036000000000000004,0.6,38.0
2020-12-08,0.004,39.0,0.015,0.033,0.5,19.0
2020-12-09,0.004,44.0,0.008,0.040999999999999995,0.6,21.0
2020-12-10,0.004,53.0,0.009000000000000001,0.040999999999999995,0.6,27.0
2020-12-11,0.004,78.0,0.013000000000000001,0.040999999999999995,0.7,51.0
2020-12-12,0.004,61.0,0.025,0.027999999999999997,0.5,33.0
2020-12-13,0.003,45.0,0.018000000000000002,0.028999999999999998,0.5,26.0
2020-12-14,0.003,27.0,0.02,0.016,0.3,9.0
2020-12-15,0.003,27.0,0.018000000000000002,0.017,0.3,9.0
2020-12-16,0.003,28.0,0.017,0.021,0.4,10.0
2020-12-17,0.004,33.0,0.009000000000000001,0.031,0.5,12.0
2020-12-18,0.003,41.0,0.011000000000000001,0.032,0.5,19.0
2020-12-19,0.003,30.0,0.018000000000000002,0.021,0.4,10.0
2020-12-20,0.004,32.0,0.012,0.03,0.5,14.0
2020-12-21,0.004,47.0,0.008,0.037000000000000005,0.6,24.0
2020-12-22,0.004,57.0,0.01,0.038,0.7,34.0
2020-12-23,0.004,80.0,0.009000000000000001,0.048,0.8,50.0
2020-12-24,0.003,59.0,0.015,0.038,0.6,31.0
2020-12-25,0.003,33.0,0.018000000000000002,0.026000000000000002,0.4,12.0
2020-12-26,0.004,47.0,0.006,0.038,0.7,17.0
2020-12-27,0.004,57.0,0.006999999999999999,0.036000000000000004,0.7,30.0
2020-12-28,0.004,51.0,0.006999999999999999,0.038,0.7,27.0
2020-12-29,0.003,65.0,0.01,0.034,0.7,42.0
2020-12-30,0.002,31.0,0.022000000000000002,0.015,0.3,10.0
2020-12-31,0.003,37.0,0.013999999999999999,0.023,0.4,12.0
2021-01-01,0.003,38.0,0.005,0.034,0.6,22.0
2021-01-02,0.003,51.0,0.013999999999999999,0.028999999999999998,0.5,23.0
2021-01-03,0.004,47.0,0.013000000000000001,0.028999999999999998,0.5,18.0
2021-01-04,0.004,52.0,0.006,0.04,0.7,28.0
2021-01-05,0.004,43.0,0.016,0.03,0.5,24.0
2021-01-06,0.003,28.0,0.016,0.027999999999999997,0.4,12.0
2021-01-07,0.003,20.0,0.024,0.013000000000000001,0.3,11.0
2021-01-08,0.004,20.0,0.013000000000000001,0.022000000000000002,0.4,11.0
2021-01-09,0.004,25.0,0.011000000000000001,0.027000000000000003,0.5,15.0
2021-01-10,0.004,27.0,0.008,0.032,0.6,18.0
2021-01-11,0.005,42.0,0.005,0.046,0.7,32.0
2021-01-12,0.003,46.0,0.011000000000000001,0.040999999999999995,0.6,34.0
2021-01-13,0.003,87.0,0.012,0.047,0.7,37.0
2021-01-14,0.004,113.0,0.009000000000000001,0.044000000000000004,0.6,38.0
2021-01-15,0.004,74.0,0.018000000000000002,0.038,0.6,33.0
2021-01-16,0.002,80.0,0.027000000000000003,0.02,0.3,36.0
2021-01-17,0.002,20.0,0.028999999999999998,0.017,0.2,8.0
2021-01-18,0.003,38.0,0.022000000000000002,0.027000000000000003,0.3,19.0
2021-01-19,0.003,43.0,0.017,0.032,0.3,12.0
2021-01-20,0.004,52.0,0.006999999999999999,0.044000000000000004,0.6,21.0
2021-01-21,0.004,56.0,0.005,0.053,0.9,36.0
2021-01-22,0.003,39.0,0.006,0.042,0.6,33.0
2021-01-23,0.002,38.0,0.02,0.024,0.4,25.0
2021-01-24,0.002,27.0,0.026000000000000002,0.024,0.3,7.0
2021-01-25,0.003,39.0,0.018000000000000002,0.033,0.3,9.0
2021-01-26,0.003,25.0,0.015,0.031,0.4,14.0
2021-01-27,0.003,59.0,0.021,0.028999999999999998,0.4,21.0
2021-01-28,0.003,42.0,0.018000000000000002,0.028999999999999998,0.4,17.0
2021-01-29,0.003,40.0,0.023,0.022000000000000002,0.3,10.0
2021-01-30,0.003,75.0,0.012,0.038,0.6,24.0
2021-01-31,0.004,64.0,0.011000000000000001,0.04,0.7,24.0
2021-02-01,0.003,89.0,0.02,0.035,0.6,50.0
2021-02-02,0.003,41.0,0.03,0.019,0.4,17.0
2021-02-03,0.003,38.0,0.025,0.024,0.4,14.0
2021-02-04,0.003,40.0,0.026000000000000002,0.026000000000000002,0.4,15.0
2021-02-05,0.003,44.0,0.013999999999999999,0.038,0.5,13.0
2021-02-06,0.003,56.0,0.023,0.033,0.5,28.0
2021-02-07,0.003,90.0,0.036000000000000004,0.022000000000000002,0.5,55.0
2021-02-08,0.003,32.0,0.027999999999999997,0.02,0.4,12.0
2021-02-09,0.003,34.0,0.022000000000000002,0.027999999999999997,0.4,12.0
2021-02-10,0.003,43.0,0.017,0.036000000000000004,0.5,19.0
2021-02-11,0.003,60.0,0.016,0.036000000000000004,0.6,32.0
2021-02-12,0.004,66.0,0.019,0.036000000000000004,0.6,40.0
2021-02-13,0.005,79.0,0.021,0.040999999999999995,0.7,51.0
2021-02-14,0.004,66.0,0.018000000000000002,0.038,0.6,39.0
2021-02-15,0.003,43.0,0.034,0.019,0.3,24.0
2021-02-16,0.003,23.0,0.028999999999999998,0.021,0.3,9.0
2021-02-17,0.003,33.0,0.03,0.015,0.3,9.0
2021-02-18,0.003,37.0,0.027000000000000003,0.02,0.3,10.0
2021-02-19,0.004,38.0,0.027000000000000003,0.032,0.4,17.0
2021-02-20,0.004,82.0,0.037000000000000005,0.031,0.5,42.0
2021-02-21,0.004,81.0,0.027999999999999997,0.036000000000000004,0.6,38.0
2021-02-22,0.004,65.0,0.033,0.028999999999999998,0.4,26.0
2021-02-23,0.004,51.0,0.03,0.022000000000000002,0.3,13.0
2021-02-24,0.004,51.0,0.02,0.033,0.4,17.0
2021-02-25,0.004,53.0,0.013000000000000001,0.037000000000000005,0.6,25.0
2021-02-26,0.003,47.0,0.028999999999999998,0.025,0.4,17.0
2021-02-27,0.002,23.0,0.044000000000000004,0.01,0.3,7.0
2021-02-28,0.003,21.0,0.031,0.021,0.4,8.0
2021-03-01,0.003,13.0,0.018000000000000002,0.026000000000000002,0.5,10.0
2021-03-02,0.003,20.0,0.025,0.023,0.4,6.0
2021-03-03,0.003,39.0,0.015,0.028999999999999998,0.4,15.0
2021-03-04,0.003,37.0,0.012,0.033,0.5,17.0
2021-03-05,0.003,56.0,0.02,0.033,0.5,24.0
2021-03-06,0.003,43.0,0.03,0.019,0.4,17.0
2021-03-07,0.003,36.0,0.035,0.018000000000000002,0.4,13.0
2021-03-08,0.003,75.0,0.023,0.03,0.6,42.0
2021-03-09,0.004,67.0,0.03,0.028999999999999998,0.5,35.0
2021-03-10,0.003,67.0,0.032,0.034,0.5,35.0
2021-03-11,0.004,71.0,0.04,0.036000000000000004,0.6,38.0
2021-03-12,0.003,46.0,0.03,0.034,0.5,32.0
2021-03-13,0.003,47.0,0.026000000000000002,0.026000000000000002,0.5,22.0
2021-03-14,0.003,63.0,0.037000000000000005,0.022000000000000002,0.6,39.0
2021-03-15,0.003,68.0,0.032,0.028999999999999998,0.6,38.0
2021-03-16,0.003,74.0,0.045,0.018000000000000002,0.4,15.0
2021-03-17,0.003,95.0,0.027000000000000003,0.03,0.5,17.0
2021-03-18,0.003,88.0,0.039,0.025,0.5,22.0
2021-03-19,0.003,46.0,0.048,0.016,0.3,9.0
2021-03-20,0.003,21.0,0.034,0.022000000000000002,0.4,9.0
2021-03-21,0.003,51.0,0.047,0.015,0.5,26.0
2021-03-22,0.003,46.0,0.042,0.019,0.4,14.0
2021-03-23,0.004,99.0,0.045,0.024,0.5,28.0
2021-03-24,0.003,57.0,0.033,0.032,0.5,17.0
2021-03-25,0.003,54.0,0.03,0.03,0.4,16.0
2021-03-26,0.003,78.0,0.024,0.036000000000000004,0.4,27.0
2021-03-27,0.003,44.0,0.02,0.033,0.4,20.0
2021-03-28,0.002,15.0,0.033,0.017,0.4,10.0
2021-03-29,0.003,409.0,0.03,0.019,0.4,65.0
2021-03-30,0.004,152.0,0.023,0.027000000000000003,0.4,29.0
2021-03-31,0.003,51.0,0.019,0.036000000000000004,0.4,16.0
2021-04-01,0.003,61.0,0.038,0.016,0.3,12.0
2021-04-02,0.003,57.0,0.040999999999999995,0.017,0.3,13.0
2021-04-03,0.003,31.0,0.023,0.024,0.4,15.0
2021-04-04,0.003,9.0,0.028999999999999998,0.012,0.3,2.0
2021-04-05,0.003,20.0,0.022000000000000002,0.02,0.3,5.0
2021-04-06,0.003,37.0,0.028999999999999998,0.025,0.4,14.0
2021-04-07,0.004,55.0,0.034,0.026000000000000002,0.4,23.0
2021-04-08,0.003,38.0,0.034,0.022000000000000002,0.4,15.0
2021-04-09,0.003,32.0,0.03,0.019,0.3,11.0
2021-04-10,0.003,40.0,0.042,0.017,0.3,14.0
2021-04-11,0.003,41.0,0.035,0.02,0.4,17.0
2021-04-12,0.003,25.0,0.026000000000000002,0.024,0.3,10.0
2021-04-13,0.003,13.0,0.035,0.015,0.3,5.0
2021-04-14,0.003,31.0,0.045,0.017,0.3,10.0
2021-04-15,0.003,39.0,0.04,0.027000000000000003,0.3,12.0
2021-04-16,0.003,46.0,0.038,0.025,0.4,14.0
2021-04-17,0.003,90.0,0.031,0.019,0.3,19.0
2021-04-18,0.003,29.0,0.045,0.013000000000000001,0.3,9.0
2021-04-19,0.004,46.0,0.055999999999999994,0.022000000000000002,0.4,15.0
2021-04-20,0.004,68.0,0.064,0.032,0.5,27.0
2021-04-21,0.004,64.0,0.051,0.034,0.5,26.0
2021-04-22,0.004,59.0,0.048,0.025,0.4,21.0
2021-04-23,0.003,36.0,0.040999999999999995,0.016,0.3,9.0
2021-04-24,0.003,27.0,0.042,0.017,0.3,9.0
2021-04-25,0.003,32.0,0.034,0.013999999999999999,0.3,11.0
2021-04-26,0.003,23.0,0.037000000000000005,0.016,0.3,7.0
2021-04-27,0.003,38.0,0.034,0.022000000000000002,0.3,14.0
2021-04-28,0.003,85.0,0.037000000000000005,0.02,0.3,21.0
2021-04-29,0.003,77.0,0.042,0.021,0.4,21.0
2021-04-30,0.003,46.0,0.051,0.015,0.3,15.0
2021-05-01,0.003,38.0,0.033,0.017,0.4,14.0
2021-05-02,0.003,18.0,0.04,0.012,0.3,7.0
2021-05-03,0.003,19.0,0.036000000000000004,0.018000000000000002,0.3,7.0
2021-05-04,0.003,28.0,0.025,0.024,0.4,11.0
2021-05-05,0.003,37.0,0.039,0.013000000000000001,0.3,10.0
2021-05-06,0.003,70.0,0.034,0.023,0.4,14.0
2021-05-07,0.003,207.0,0.032,0.02,0.4,60.0
2021-05-08,0.003,428.0,0.044000000000000004,0.013999999999999999,0.3,99.0
2021-05-09,0.003,103.0,0.04,0.013999999999999999,0.3,22.0
2021-05-10,0.003,21.0,0.026000000000000002,0.021,0.3,7.0
2021-05-11,0.003,15.0,0.038,0.015,0.3,6.0
2021-05-12,0.003,20.0,0.044000000000000004,0.016,0.3,6.0
2021-05-13,0.004,36.0,0.040999999999999995,0.027000000000000003,0.4,16.0
2021-05-14,0.003,53.0,0.05,0.027000000000000003,0.4,30.0
2021-05-15,0.003,24.0,0.055,0.017,0.4,18.0
2021-05-16,0.003,2.0,0.11599999999999999,0.017,0.3,4.0
2021-05-17,0.003,7.0,0.032,0.015,0.3,4.0
2021-05-18,0.003,27.0,0.033,0.018000000000000002,0.4,14.0
2021-05-19,0.004,36.0,0.045,0.019,0.4,18.0
2021-05-20,0.003,22.0,0.035,0.023,0.4,13.0
2021-05-21,0.003,14.0,0.039,0.018000000000000002,0.4,7.0
2021-05-22,0.003,27.0,0.048,0.016,0.3,13.0
2021-05-23,0.004,32.0,0.047,0.016,0.4,19.0
2021-05-24,0.004,82.0,0.04,0.02,0.4,30.0
2021-05-25,0.003,109.0,0.039,0.017,0.4,31.0
2021-05-26,0.003,37.0,0.035,0.022000000000000002,0.4,10.0
2021-05-27,0.003,31.0,0.039,0.018000000000000002,0.4,14.0
2021-05-28,0.003,37.0,0.032,0.021,0.5,16.0
2021-05-29,0.003,30.0,0.046,0.018000000000000002,0.4,12.0
2021-05-30,0.003,33.0,0.047,0.016,0.4,14.0
2021-05-31,0.003,35.0,0.040999999999999995,0.027000000000000003,0.4,15.0
2021-06-01,0.003,40.0,0.035,0.023,0.4,20.0
2021-06-02,0.003,41.0,0.044000000000000004,0.023,0.4,22.0
2021-06-03,0.003,20.0,0.03,0.022000000000000002,0.4,14.0
2021-06-04,0.003,22.0,0.044000000000000004,0.017,0.4,8.0
2021-06-05,0.003,65.0,0.066,0.019,0.5,38.0
2021-06-06,0.003,56.0,0.063,0.016,0.4,30.0
2021-06-07,0.003,43.0,0.049,0.024,0.4,21.0
2021-06-08,0.003,43.0,0.046,0.019,0.4,25.0
2021-06-09,0.003,39.0,0.053,0.016,0.4,24.0
2021-06-10,0.003,41.0,0.05,0.013999999999999999,0.4,25.0
2021-06-11,0.002,20.0,0.065,0.009000000000000001,0.4,15.0
2021-06-12,0.003,33.0,0.07400000000000001,0.004,0.4,24.0
2021-06-13,0.003,43.0,0.10300000000000001,0.004,0.4,33.0
2021-06-14,0.003,46.0,0.07200000000000001,0.01,0.4,35.0
2021-06-15,0.003,27.0,0.044000000000000004,0.009000000000000001,0.4,16.0
2021-06-16,0.003,10.0,0.044000000000000004,0.01,0.3,2.0
2021-06-17,0.003,13.0,0.027999999999999997,0.017,0.3,5.0
2021-06-18,0.003,14.0,0.025,0.018000000000000002,0.4,7.0
2021-06-19,0.003,29.0,0.047,0.018000000000000002,0.4,15.0
2021-06-20,0.003,30.0,0.054000000000000006,0.015,0.4,16.0
2021-06-21,0.003,45.0,0.06,0.019,0.4,28.0
2021-06-22,0.003,23.0,0.038,0.023,0.4,11.0
2021-06-23,0.003,32.0,0.026000000000000002,0.019,0.4,19.0
2021-06-24,0.003,31.0,0.03,0.018000000000000002,0.4,14.0
2021-06-25,0.003,30.0,0.037000000000000005,0.021,0.4,14.0
2021-06-26,0.003,19.0,0.036000000000000004,0.018000000000000002,0.4,10.0
2021-06-27,0.003,22.0,0.04,0.013999999999999999,0.4,13.0
2021-06-28,0.003,24.0,0.038,0.018000000000000002,0.4,15.0
2021-06-29,0.003,25.0,0.037000000000000005,0.019,0.4,16.0
2021-06-30,0.003,38.0,0.034,0.024,0.4,23.0
