지점,지점명,일시,평균기온(°C),일강수량(mm),평균 풍속(m/s)
642,문화,2017-06-01,22,0,1.8
642,문화,2017-06-02,20.6,0,1.5
642,문화,2017-06-03,20.6,0,1.8
642,문화,2017-06-04,21.2,0,1.4
642,문화,2017-06-05,22.6,0,1.3
642,문화,2017-06-06,18.7,9.5,1.4
642,문화,2017-06-07,17.8,4.5,1.6
642,문화,2017-06-08,20.3,0,1.7
642,문화,2017-06-09,22.3,0,2.2
642,문화,2017-06-10,22.7,0,2
642,문화,2017-06-11,23.3,0,1.3
642,문화,2017-06-12,21.9,0,1.4
642,문화,2017-06-13,21.9,0,1.5
642,문화,2017-06-14,21.8,0,1.4
642,문화,2017-06-15,23.3,0,2.1
642,문화,2017-06-16,25,0,1.3
642,문화,2017-06-17,24.9,0,1.1
642,문화,2017-06-18,25.1,0,1.3
642,문화,2017-06-19,26.2,0,1.1
642,문화,2017-06-20,25.5,0,.9
642,문화,2017-06-21,25.2,0,1.8
642,문화,2017-06-22,25.6,0,1.4
642,문화,2017-06-23,27.5,0,1.4
642,문화,2017-06-24,24.1,4.5,1.1
642,문화,2017-06-25,25,0,1.3
642,문화,2017-06-26,23.8,3,1.2
642,문화,2017-06-27,24.4,23,1.2
642,문화,2017-06-28,25.1,5.5,1.3
642,문화,2017-06-29,26.2,0,1.1
642,문화,2017-06-30,26.9,0,1.4
642,문화,2017-07-01,24.1,21,.7
642,문화,2017-07-02,26.1,32.5,.9
642,문화,2017-07-03,25.6,75,2.1
642,문화,2017-07-04,26.2,19.5,1.7
642,문화,2017-07-05,28,0,1
642,문화,2017-07-06,26.4,4,.9
642,문화,2017-07-07,27.2,3,.7
642,문화,2017-07-08,26.4,55,.8
642,문화,2017-07-09,27.6,40.5,.9
642,문화,2017-07-10,26.8,18.5,1
642,문화,2017-07-11,27,4.5,2.1
642,문화,2017-07-12,27.9,0,1.5
642,문화,2017-07-13,27.6,0,1.2
642,문화,2017-07-14,27.6,3.5,1.2
642,문화,2017-07-15,25.4,24.5,1.2
642,문화,2017-07-16,27.6,0,1.9
642,문화,2017-07-17,25.8,9.5,1.2
642,문화,2017-07-18,25.7,2,1.2
642,문화,2017-07-19,28.2,0,1
642,문화,2017-07-20,29.2,0,1.3
642,문화,2017-07-21,30,0,1.3
642,문화,2017-07-22,29.6,0,1.3
642,문화,2017-07-23,27.9,.5,1.2
642,문화,2017-07-24,28.5,2,1.2
642,문화,2017-07-25,28.4,30,1.4
642,문화,2017-07-26,27.9,0,1.7
642,문화,2017-07-27,28,0,1.1
642,문화,2017-07-28,28.4,1,1.4
642,문화,2017-07-29,27.2,.5,1.5
642,문화,2017-07-30,27.6,8,1.1
642,문화,2017-07-31,24.9,36,.7
642,문화,2017-08-01,27.1,21,.8
642,문화,2017-08-02,29.4,0,1
642,문화,2017-08-03,28.7,0,2
642,문화,2017-08-04,30.3,0,1.2
642,문화,2017-08-05,31.9,0,1.2
642,문화,2017-08-06,30.1,36.5,1.1
642,문화,2017-08-07,29,0,1.4
642,문화,2017-08-08,28.5,0,.9
642,문화,2017-08-09,24.7,21,.9
642,문화,2017-08-10,26.3,46,1.1
642,문화,2017-08-11,26.2,54.5,.7
642,문화,2017-08-12,26.9,0,1
642,문화,2017-08-13,24.9,2.5,1.5
642,문화,2017-08-14,22.8,64,1.4
642,문화,2017-08-15,23.6,44,1.2
642,문화,2017-08-16,25.6,3.5,.9
642,문화,2017-08-17,26.1,0,1.2
642,문화,2017-08-18,26.6,0,.9
642,문화,2017-08-19,25.5,4,.8
642,문화,2017-08-20,26.4,5.5,1.4
642,문화,2017-08-21,24.8,43.5,.8
642,문화,2017-08-22,27.6,0,1.1
642,문화,2017-08-23,28.9,1.5,1.5
642,문화,2017-08-24,28.2,49,2.4
642,문화,2017-08-25,27,0,1.2
642,문화,2017-08-26,24.3,0,1.1
642,문화,2017-08-27,24.3,0,.9
642,문화,2017-08-28,25.3,24,1.1
642,문화,2017-08-29,22.2,0,1.7
642,문화,2017-08-30,18.9,0,1.1
642,문화,2017-08-31,22.1,0,1.1
642,문화,2017-09-01,22.3,0,.9
642,문화,2017-09-02,21.5,0,.9
642,문화,2017-09-03,22.3,0,.8
642,문화,2017-09-04,23,0,1.1
642,문화,2017-09-05,21.2,.5,.7
642,문화,2017-09-06,21.3,2,.8
642,문화,2017-09-07,22.3,0,.9
642,문화,2017-09-08,23.1,0,.8
642,문화,2017-09-09,23,0,.7
642,문화,2017-09-10,22.9,0,.7
642,문화,2017-09-11,20.5,69,1.2
642,문화,2017-09-12,22.4,0,1.1
642,문화,2017-09-13,21.1,0,.9
642,문화,2017-09-14,21.6,0,1.1
642,문화,2017-09-15,21.7,0,2.1
642,문화,2017-09-16,21.4,0,1.7
642,문화,2017-09-17,22.4,0,1.4
642,문화,2017-09-18,21.6,0,1.3
642,문화,2017-09-19,23.5,0,1.7
642,문화,2017-09-20,20.6,2.5,1.5
642,문화,2017-09-21,19.4,0,.7
642,문화,2017-09-22,20.3,0,.9
642,문화,2017-09-23,20.8,0,.7
642,문화,2017-09-24,23,0,1
642,문화,2017-09-25,23.4,0,.9
642,문화,2017-09-26,23.7,0,.8
642,문화,2017-09-27,19.2,36.5,1
642,문화,2017-09-28,20.6,0,1.4
642,문화,2017-09-29,15.9,0,1.1
642,문화,2017-09-30,17.8,0,.6
642,문화,2017-10-01,16,12,.8
642,문화,2017-10-02,19.1,3.5,.6
642,문화,2017-10-03,18.8,0,1
642,문화,2017-10-04,17.7,0,1.2
642,문화,2017-10-05,18.2,0,1.4
642,문화,2017-10-06,17,1.5,.8
642,문화,2017-10-07,19.7,.5,.6
642,문화,2017-10-08,21.4,0,.6
642,문화,2017-10-09,22.1,0,.7
642,문화,2017-10-10,22.7,0,.9
642,문화,2017-10-11,17.9,11,1.4
642,문화,2017-10-12,12.8,2.5,1
642,문화,2017-10-13,12.3,0,1
642,문화,2017-10-14,14,0,1
642,문화,2017-10-15,15.1,0,1
642,문화,2017-10-16,16.4,0,1
642,문화,2017-10-17,15.9,0,.8
642,문화,2017-10-18,16.3,0,1.4
642,문화,2017-10-19,16.9,0,1.2
642,문화,2017-10-20,16.7,0,.8
642,문화,2017-10-21,16.2,0,.7
642,문화,2017-10-22,16.5,0,1.6
642,문화,2017-10-23,13.3,0,1.1
642,문화,2017-10-24,12.4,0,.6
642,문화,2017-10-25,12.5,0,.6
642,문화,2017-10-26,13.1,0,.6
642,문화,2017-10-27,14.6,0,.6
642,문화,2017-10-28,15.5,0,.7
642,문화,2017-10-29,12.3,0,1.5
642,문화,2017-10-30,7.7,0,1
642,문화,2017-10-31,8.9,0,.7
642,문화,2017-11-01,12.9,0,1
642,문화,2017-11-02,13.9,0,.5
642,문화,2017-11-03,11.8,0,1.4
642,문화,2017-11-04,8.5,0,1.2
642,문화,2017-11-05,7.3,0,.6
642,문화,2017-11-06,9.1,0,.6
642,문화,2017-11-07,14,0,.5
642,문화,2017-11-08,15,0,1.6
642,문화,2017-11-09,9.2,0,.5
642,문화,2017-11-10,10.5,2,1.5
642,문화,2017-11-11,6.7,0,1.2
642,문화,2017-11-12,5.7,0,.6
642,문화,2017-11-13,7.7,0,.7
642,문화,2017-11-14,9.4,0,1.4
642,문화,2017-11-15,6.3,0,1.6
642,문화,2017-11-16,3.4,0,1
642,문화,2017-11-17,5.2,0,.7
642,문화,2017-11-18,1.1,0,2.3
642,문화,2017-11-19,.1,0,1.3
642,문화,2017-11-20,4.2,0,1.3
642,문화,2017-11-21,2.8,0,.6
642,문화,2017-11-22,5.2,0,.9
642,문화,2017-11-23,2.1,.5,1.2
642,문화,2017-11-24,1.4,6,1.1
642,문화,2017-11-25,6.5,0,1.7
642,문화,2017-11-26,7.7,3,1.8
642,문화,2017-11-27,3.7,0,.5
642,문화,2017-11-28,6.2,0,.6
642,문화,2017-11-29,6.9,0,1.4
642,문화,2017-11-30,.9,0,1.6
642,문화,2017-12-01,-.3,0,1.2
642,문화,2017-12-02,2.3,0,.5
642,문화,2017-12-03,6.6,0,.8
642,문화,2017-12-04,2.9,0,1.9
642,문화,2017-12-05,-2.5,0,1.5
642,문화,2017-12-06,1.8,.5,.8
642,문화,2017-12-07,3.8,2.5,1.4
642,문화,2017-12-08,-1.1,0,1.5
642,문화,2017-12-09,1.1,0,.6
642,문화,2017-12-10,3.7,1.5,1.4
642,문화,2017-12-11,-3.4,0,2.3
642,문화,2017-12-12,-5.7,0,1.6
642,문화,2017-12-13,-5.3,0,1
642,문화,2017-12-14,-4.5,0,.6
642,문화,2017-12-15,-1.2,0,.6
642,문화,2017-12-16,-1.7,0,2
642,문화,2017-12-17,-4.4,0,1
642,문화,2017-12-18,1.3,0,1.3
642,문화,2017-12-19,-1.5,0,1.5
642,문화,2017-12-20,-1.2,.5,.7
642,문화,2017-12-21,-.1,0,.5
642,문화,2017-12-22,1.9,0,.6
642,문화,2017-12-23,4.9,0,.4
642,문화,2017-12-24,4,19,1.2
642,문화,2017-12-25,.4,0,2
642,문화,2017-12-26,-.6,0,2
642,문화,2017-12-27,-3.9,0,1.3
642,문화,2017-12-28,-1.2,0,.7
642,문화,2017-12-29,3.3,0,.8
642,문화,2017-12-30,3.7,.5,.6
642,문화,2017-12-31,2,.5,1.6
642,문화,2018-01-01,-.6,0,.6
642,문화,2018-01-02,-.3,0,.7
642,문화,2018-01-03,-1.7,0,1.2
642,문화,2018-01-04,-2.3,0,.9
642,문화,2018-01-05,-.4,0,1
642,문화,2018-01-06,-.5,0,.7
642,문화,2018-01-07,-.8,0,.5
642,문화,2018-01-08,1.6,1.5,1.1
642,문화,2018-01-09,-1.3,1,2.1
642,문화,2018-01-10,-4.5,.5,1.7
642,문화,2018-01-11,-8.3,0,1.4
642,문화,2018-01-12,-8,0,1.1
642,문화,2018-01-13,-1.5,0,.8
642,문화,2018-01-14,.7,0,.5
642,문화,2018-01-15,5.4,0,1
642,문화,2018-01-16,4,3.5,.5
642,문화,2018-01-17,4.2,11,.8
642,문화,2018-01-18,4.3,0,1.1
642,문화,2018-01-19,.5,0,.6
642,문화,2018-01-20,.8,0,.6
642,문화,2018-01-21,1.5,0,.5
642,문화,2018-01-22,3.4,1,1.4
642,문화,2018-01-23,-6.6,0,2.6
642,문화,2018-01-24,-11.1,0,2.4
642,문화,2018-01-25,-10.3,0,1.6
642,문화,2018-01-26,-10.8,0,1.8
642,문화,2018-01-27,-8,0,.8
642,문화,2018-01-28,-3,0,1.6
642,문화,2018-01-29,-6,0,1.7
642,문화,2018-01-30,-4.4,0,1
642,문화,2018-01-31,.1,0,1.1
642,문화,2018-02-01,-1.6,0,1
642,문화,2018-02-02,-2.7,0,.7
642,문화,2018-02-03,-4.5,0,2.3
642,문화,2018-02-04,-6.9,0,2
642,문화,2018-02-05,-7.3,0,1.9
642,문화,2018-02-06,-7.7,0,1.7
642,문화,2018-02-07,-6.8,0,.8
642,문화,2018-02-08,-3.9,0,.7
642,문화,2018-02-09,1.6,0,.9
642,문화,2018-02-10,1,0,1.7
642,문화,2018-02-11,-3.5,.5,2
642,문화,2018-02-12,-4.7,0,1.7
642,문화,2018-02-13,-.3,.5,1.9
642,문화,2018-02-14,5.4,0,1.8
642,문화,2018-02-15,1.3,0,1.3
642,문화,2018-02-16,.7,0,1
642,문화,2018-02-17,-.7,0,1.6
642,문화,2018-02-18,.4,0,.7
642,문화,2018-02-19,2.8,0,.7
642,문화,2018-02-20,2.6,0,1.1
642,문화,2018-02-21,.7,0,1.4
642,문화,2018-02-22,.5,0,1.1
642,문화,2018-02-23,5.8,0,2
642,문화,2018-02-24,6,0,1.4
642,문화,2018-02-25,4.6,0,1.1
642,문화,2018-02-26,4,0,.8
642,문화,2018-02-27,6.5,0,.8
642,문화,2018-02-28,5.3,28,1.5
642,문화,2018-03-01,2.4,.5,2.6
642,문화,2018-03-02,1.7,0,1.1
642,문화,2018-03-03,8.6,0,.6
642,문화,2018-03-04,15.3,10.5,1
642,문화,2018-03-05,7,13,1.7
642,문화,2018-03-06,6.1,0,.9
642,문화,2018-03-07,5.9,2.5,1.8
642,문화,2018-03-08,3.2,9.5,1.1
642,문화,2018-03-09,3.2,0,1
642,문화,2018-03-10,4.4,0,1.3
642,문화,2018-03-11,7.7,0,1.1
642,문화,2018-03-12,8.7,0,.9
642,문화,2018-03-13,13,0,1.3
642,문화,2018-03-14,16.3,0,1
642,문화,2018-03-15,13.5,21.5,.9
642,문화,2018-03-16,6.7,1.5,1.9
642,문화,2018-03-17,7.6,0,1.1
642,문화,2018-03-18,7.9,6.5,.6
642,문화,2018-03-19,8.4,16.5,1.7
642,문화,2018-03-20,6,0,2.8
642,문화,2018-03-21,1.1,8.5,1.3
642,문화,2018-03-22,5,0,1.6
642,문화,2018-03-23,6.4,0,1.1
642,문화,2018-03-24,8.5,0,1.5
642,문화,2018-03-25,10.5,0,1.4
642,문화,2018-03-26,12.3,0,1.2
642,문화,2018-03-27,14.3,0,1.6
642,문화,2018-03-28,15.1,0,1.6
642,문화,2018-03-29,16.3,0,.8
642,문화,2018-03-30,15.7,0,1.3
642,문화,2018-03-31,15.9,0,1.2
642,문화,2018-04-01,16.1,0,1.1
642,문화,2018-04-02,18.1,0,1.2
642,문화,2018-04-03,19.1,0,1.3
642,문화,2018-04-04,13.2,14,1.5
642,문화,2018-04-05,8.4,16.5,1.4
642,문화,2018-04-06,8,18,2.2
642,문화,2018-04-07,5.3,0,3
642,문화,2018-04-08,8.4,0,2.6
642,문화,2018-04-09,12.2,0,1.2
642,문화,2018-04-10,16.9,.5,2.2
642,문화,2018-04-11,16.1,5.5,2.5
642,문화,2018-04-12,14.3,0,1.4
642,문화,2018-04-13,13.7,0,1.3
642,문화,2018-04-14,9.2,31.5,1.5
642,문화,2018-04-15,10.2,0,2.4
642,문화,2018-04-16,11.6,0,1.1
642,문화,2018-04-17,14,0,1
642,문화,2018-04-18,13.8,0,1.2
642,문화,2018-04-19,14.9,0,1.4
642,문화,2018-04-20,19.2,0,1.1
642,문화,2018-04-21,19.7,0,1.2
642,문화,2018-04-22,16.8,1,1.2
642,문화,2018-04-23,11.7,40,1.8
642,문화,2018-04-24,12.4,3,1.3
642,문화,2018-04-25,14.5,0,1.1
642,문화,2018-04-26,15.7,0,1.4
642,문화,2018-04-27,16,0,1.4
642,문화,2018-04-28,16.2,0,1.4
642,문화,2018-04-29,16.8,0,1.2
642,문화,2018-04-30,20.8,0,1.1
642,문화,2018-05-01,21.4,1,1
642,문화,2018-05-02,17.7,10,2
642,문화,2018-05-03,12.6,0,3.2
642,문화,2018-05-04,15.3,0,3.2
642,문화,2018-05-05,19.3,0,1.9
642,문화,2018-05-06,16.1,16.5,.9
642,문화,2018-05-07,17.3,6,1
642,문화,2018-05-08,16.6,0,1.8
642,문화,2018-05-09,16.1,0,1.4
642,문화,2018-05-10,16.9,0,1.6
642,문화,2018-05-11,17.2,0,1.6
642,문화,2018-05-12,15.6,22,.6
642,문화,2018-05-13,17.8,2,1.7
642,문화,2018-05-14,20,0,1.1
642,문화,2018-05-15,23.7,0,.7
642,문화,2018-05-16,25.9,0,1.1
642,문화,2018-05-17,,0,
642,문화,2018-05-19,17.5,0,2
642,문화,2018-05-20,17.4,0,2.3
642,문화,2018-05-21,17.4,0,1.8
642,문화,2018-05-22,18.8,6,.9
642,문화,2018-05-23,19,23,1.6
642,문화,2018-05-24,19,0,1.6
642,문화,2018-05-25,20.1,0,.9
642,문화,2018-05-26,22.4,0,1.1
642,문화,2018-05-27,21.2,0,.9
642,문화,2018-05-28,23.2,0,1.3
642,문화,2018-05-29,23.3,0,1.3
642,문화,2018-05-30,22.4,0,1.9
642,문화,2018-05-31,21.2,0,1.5
642,문화,2018-06-01,24.3,0,1.1
642,문화,2018-06-02,24,0,1.2
642,문화,2018-06-03,24,0,1.1
642,문화,2018-06-04,23.8,0,1.4
642,문화,2018-06-05,23.5,0,1.1
642,문화,2018-06-06,24.4,0,1.2
642,문화,2018-06-07,24.6,0,1.3
642,문화,2018-06-08,22.8,0,1.5
642,문화,2018-06-09,22.8,.5,1.8
642,문화,2018-06-10,21.3,0,2
642,문화,2018-06-11,20,.5,1.4
642,문화,2018-06-12,21.1,0,1.3
642,문화,2018-06-13,22.8,0,1
642,문화,2018-06-14,22.6,0,1.8
642,문화,2018-06-15,21.2,0,1.9
642,문화,2018-06-16,22,0,1.7
642,문화,2018-06-17,23.4,0,1.1
642,문화,2018-06-18,25.8,0,1.3
642,문화,2018-06-19,21.3,3.5,.8
642,문화,2018-06-20,23.3,0,1.3
642,문화,2018-06-21,23.7,0,1.6
642,문화,2018-06-22,25,0,1.1
642,문화,2018-06-23,24.4,0,1.7
642,문화,2018-06-24,26.4,0,1.7
642,문화,2018-06-25,26.8,0,1
642,문화,2018-06-26,24.4,37.5,1.4
642,문화,2018-06-27,25.7,61,2.1
642,문화,2018-06-28,24.5,0,1
642,문화,2018-06-29,26,20.5,1.3
642,문화,2018-06-30,25.1,5,.7
642,문화,2018-07-01,22.2,99.5,.8
642,문화,2018-07-02,23,51,.4
642,문화,2018-07-03,25.6,0,1.2
642,문화,2018-07-04,27.1,0,1.6
642,문화,2018-07-05,25.6,13,.9
642,문화,2018-07-06,22.3,19.5,1.3
642,문화,2018-07-07,22.8,0,1.8
642,문화,2018-07-08,22.1,0,1.5
642,문화,2018-07-09,20.9,18.5,.9
642,문화,2018-07-10,26.4,0,.8
642,문화,2018-07-11,28.5,0,.8
642,문화,2018-07-12,28.8,0,1.2
642,문화,2018-07-13,29,0,1.6
642,문화,2018-07-14,28.9,0,1.6
642,문화,2018-07-15,29.7,0,1.2
642,문화,2018-07-16,29.6,0,1.2
642,문화,2018-07-17,29.6,0,1.3
642,문화,2018-07-18,29.3,0,.9
642,문화,2018-07-19,29.5,0,1
642,문화,2018-07-20,30.4,0,.9
642,문화,2018-07-21,31.5,0,1
642,문화,2018-07-22,31.4,0,1
642,문화,2018-07-23,31,0,1
642,문화,2018-07-24,31.6,0,1.2
642,문화,2018-07-25,30.7,0,1.7
642,문화,2018-07-26,31,0,1.4
642,문화,2018-07-27,31.5,0,1.3
642,문화,2018-07-28,29.7,0,1.1
642,문화,2018-07-29,31,0,1.7
642,문화,2018-07-30,30.2,0,1.6
642,문화,2018-07-31,31.2,0,1.4
642,문화,2018-08-01,32.7,0,1.3
642,문화,2018-08-02,32.9,0,1.3
642,문화,2018-08-03,32.6,0,1.3
642,문화,2018-08-04,31.5,0,1.6
642,문화,2018-08-05,30.6,0,1.7
642,문화,2018-08-06,30.7,0,1.2
642,문화,2018-08-07,31.4,0,1.3
642,문화,2018-08-08,31.4,0,1.4
642,문화,2018-08-09,30.2,.5,1.2
642,문화,2018-08-10,30.6,0,1.4
642,문화,2018-08-11,29.7,0,1.8
642,문화,2018-08-12,29.9,0,1.3
642,문화,2018-08-13,30.6,0,.9
642,문화,2018-08-14,32.3,0,1.2
642,문화,2018-08-15,32.6,0,1.2
642,문화,2018-08-16,29.3,0,1.8
642,문화,2018-08-17,26.5,0,2.5
642,문화,2018-08-18,26.4,0,1.6
642,문화,2018-08-19,27.5,0,1
642,문화,2018-08-20,29.1,0,1.2
642,문화,2018-08-21,28.3,0,1.4
642,문화,2018-08-22,30.6,0,1.8
642,문화,2018-08-23,28.5,5,2.3
642,문화,2018-08-24,25.2,18.5,2.1
642,문화,2018-08-25,25.4,0,1.2
642,문화,2018-08-26,21.4,125,.8
642,문화,2018-08-27,23.7,68,.7
642,문화,2018-08-28,26.5,35.5,.8
642,문화,2018-08-29,28.1,0,1.2
642,문화,2018-08-30,26.4,78.5,1.4
642,문화,2018-08-31,22.3,47,.7
642,문화,2018-09-01,24.9,0,1.6
642,문화,2018-09-02,24,0,1.5
642,문화,2018-09-03,25,57,.8
642,문화,2018-09-04,24.6,25.5,1.4
642,문화,2018-09-05,24.4,0,2
642,문화,2018-09-06,23.7,0,1.1
642,문화,2018-09-07,22.4,2,1.6
642,문화,2018-09-08,21.1,0,1
642,문화,2018-09-09,22.1,0,.9
642,문화,2018-09-10,22.2,0,1.5
642,문화,2018-09-11,21,0,1.6
642,문화,2018-09-12,22.3,0,1.2
642,문화,2018-09-13,21.9,0,1.2
642,문화,2018-09-14,22.1,8.5,.9
642,문화,2018-09-15,22.7,.5,.7
642,문화,2018-09-16,23,.5,.7
642,문화,2018-09-17,23.2,0,.9
642,문화,2018-09-18,22.3,0,.9
642,문화,2018-09-19,21.5,0,.6
642,문화,2018-09-20,20.9,.5,1.2
642,문화,2018-09-21,19.7,32,.9
642,문화,2018-09-22,21.2,0,1
642,문화,2018-09-23,19.6,0,.9
642,문화,2018-09-24,17.3,0,1
642,문화,2018-09-25,17.6,0,1.1
642,문화,2018-09-26,19.2,0,1.4
642,문화,2018-09-27,18.6,0,1.3
642,문화,2018-09-28,17.8,0,.8
642,문화,2018-09-29,20.2,0,1
642,문화,2018-09-30,19,0,1.6
642,문화,2018-10-01,15.4,1,2
642,문화,2018-10-02,16.1,0,.6
642,문화,2018-10-03,16,0,.6
642,문화,2018-10-04,18.9,0,1.1
642,문화,2018-10-05,17.9,52,1
642,문화,2018-10-06,18.2,33,1.4
642,문화,2018-10-07,17.9,0,.9
642,문화,2018-10-08,14.2,0,.5
642,문화,2018-10-09,15.1,0,.6
642,문화,2018-10-10,14.2,0,1.8
642,문화,2018-10-11,11,0,1.3
642,문화,2018-10-12,10.8,0,.6
642,문화,2018-10-13,12,0,.5
642,문화,2018-10-14,13.6,0,.6
642,문화,2018-10-15,14.2,0,.4
642,문화,2018-10-16,13.2,0,.4
642,문화,2018-10-17,12.9,0,.6
642,문화,2018-10-18,12,0,.9
642,문화,2018-10-19,12.6,0,.8
642,문화,2018-10-20,12.3,0,.5
642,문화,2018-10-21,12.5,0,.5
642,문화,2018-10-22,13.7,0,.4
642,문화,2018-10-23,13.3,0,.8
642,문화,2018-10-24,12.8,0,.5
642,문화,2018-10-25,12.7,0,.6
642,문화,2018-10-26,11.9,17,.5
642,문화,2018-10-27,10.7,.5,2.2
642,문화,2018-10-28,10.1,13.5,1.6
642,문화,2018-10-29,9.9,.5,.8
642,문화,2018-10-30,7.3,0,.9
642,문화,2018-10-31,8.5,0,.8
642,문화,2018-11-01,7.7,0,.5
642,문화,2018-11-02,9.2,0,.5
642,문화,2018-11-03,10.3,0,.4
642,문화,2018-11-04,10.2,0,.4
642,문화,2018-11-05,10.6,0,.5
642,문화,2018-11-06,11.6,0,.5
642,문화,2018-11-07,12.7,1,.2
642,문화,2018-11-08,14.2,35.5,.9
642,문화,2018-11-09,11.5,0,1.7
642,문화,2018-11-10,11.6,0,.7
642,문화,2018-11-11,10.2,0,.5
642,문화,2018-11-12,9.5,0,.9
642,문화,2018-11-13,8.7,0,.6
642,문화,2018-11-14,9.1,0,.4
642,문화,2018-11-15,9.2,0,.3
642,문화,2018-11-16,9.9,0,.4
642,문화,2018-11-17,7.5,0,1.1
642,문화,2018-11-18,5.6,0,.2
642,문화,2018-11-19,8.3,0,.7
642,문화,2018-11-20,6.6,0,.5
642,문화,2018-11-21,5.2,0,.9
642,문화,2018-11-22,4,0,1.2
642,문화,2018-11-23,2.7,0,.6
642,문화,2018-11-24,3.8,7,.6
642,문화,2018-11-25,6.9,0,.3
642,문화,2018-11-26,6.1,0,.3
642,문화,2018-11-27,8.3,0,.5
642,문화,2018-11-28,5.9,0,.8
642,문화,2018-11-29,4.9,0,.3
642,문화,2018-11-30,5.9,0,.7
642,문화,2018-12-01,5.4,0,.4
642,문화,2018-12-02,8,0,.2
642,문화,2018-12-03,12.6,12.5,.4
642,문화,2018-12-04,10,19,1.3
642,문화,2018-12-05,2.6,0,1.3
642,문화,2018-12-06,2.9,.5,1
642,문화,2018-12-07,-3.5,0,2.6
642,문화,2018-12-08,-5.8,0,1.3
642,문화,2018-12-09,-5,0,1.1
642,문화,2018-12-10,-2.7,0,.5
642,문화,2018-12-11,-.9,.5,.2
642,문화,2018-12-12,-.7,0,.6
642,문화,2018-12-13,-.3,0,1.2
642,문화,2018-12-14,-2.1,0,.9
642,문화,2018-12-15,-2.4,0,.4
642,문화,2018-12-16,1.1,0,.6
642,문화,2018-12-17,3.9,0,1.6
642,문화,2018-12-18,3,0,1
642,문화,2018-12-19,6.5,.5,.9
642,문화,2018-12-20,4.6,0,.4
642,문화,2018-12-21,4.5,0,.3
642,문화,2018-12-22,6.7,0,.5
642,문화,2018-12-23,5.8,0,1.7
642,문화,2018-12-24,-.5,0,.8
642,문화,2018-12-25,.1,0,.3
642,문화,2018-12-26,2.2,0,1.4
642,문화,2018-12-27,-5.8,0,2.4
642,문화,2018-12-28,-8,0,1.4
642,문화,2018-12-29,-5.5,0,1.2
642,문화,2018-12-30,-5.1,0,.7
642,문화,2018-12-31,-4.6,0,.5
642,문화,2019-01-01,-2.5,0,.9
642,문화,2019-01-02,-3.2,0,.7
642,문화,2019-01-03,-3,0,.3
642,문화,2019-01-04,-1.6,0,.4
642,문화,2019-01-05,.1,0,1.2
642,문화,2019-01-06,-2,0,.6
642,문화,2019-01-07,-1.2,0,.5
642,문화,2019-01-08,-1.2,0,1.5
642,문화,2019-01-09,-3.1,0,.8
642,문화,2019-01-10,-.7,0,.5
642,문화,2019-01-11,3,0,.6
642,문화,2019-01-12,4.4,0,.7
642,문화,2019-01-13,1.9,0,.5
642,문화,2019-01-14,1.7,0,.5
642,문화,2019-01-15,.7,0,1.7
642,문화,2019-01-16,-3,0,1.1
642,문화,2019-01-17,.1,0,1.7
642,문화,2019-01-18,.8,0,.5
642,문화,2019-01-19,3.3,0,.3
642,문화,2019-01-20,1.7,0,2
642,문화,2019-01-21,.3,0,1.4
642,문화,2019-01-22,2.5,0,1.1
642,문화,2019-01-23,3.7,0,1.1
642,문화,2019-01-24,.4,0,.5
642,문화,2019-01-25,-.4,0,1.4
642,문화,2019-01-26,-1.9,0,1.3
642,문화,2019-01-27,-.8,0,.8
642,문화,2019-01-28,2.7,.5,1.9
642,문화,2019-01-29,-.2,0,.5
642,문화,2019-01-30,2.6,0,.7
642,문화,2019-01-31,.8,0,1.4
642,문화,2019-02-01,-1.5,0,1.1
642,문화,2019-02-02,2,0,.4
642,문화,2019-02-03,5.2,24,1.3
642,문화,2019-02-04,2.1,0,1.3
642,문화,2019-02-05,3.6,0,.4
642,문화,2019-02-06,6.1,0,.9
642,문화,2019-02-07,1.9,0,2.1
642,문화,2019-02-08,-2.9,0,1.4
642,문화,2019-02-09,-2.3,0,1.8
642,문화,2019-02-10,-1.8,0,1.2
642,문화,2019-02-11,-1.1,0,1.5
642,문화,2019-02-12,-.1,0,.7
642,문화,2019-02-13,.1,0,1.4
642,문화,2019-02-14,1.9,0,.9
642,문화,2019-02-15,1.8,0,1.3
642,문화,2019-02-16,-.6,0,1.7
642,문화,2019-02-17,-.2,0,1
642,문화,2019-02-18,2,0,.6
642,문화,2019-02-19,2.4,14,.7
642,문화,2019-02-20,2.3,0,1
642,문화,2019-02-21,2.4,0,.6
642,문화,2019-02-22,3.9,0,.6
642,문화,2019-02-23,5.6,0,.6
642,문화,2019-02-24,6.9,0,.8
642,문화,2019-02-25,6.1,0,.9
642,문화,2019-02-26,5.5,0,.7
642,문화,2019-02-27,6.7,0,.5
642,문화,2019-02-28,6.5,0,.7
642,문화,2019-03-01,6.3,0,.8
642,문화,2019-03-02,7.7,0,.5
642,문화,2019-03-03,9.2,0,.6
642,문화,2019-03-04,9.8,0,1.1
642,문화,2019-03-05,8.6,0,.8
642,문화,2019-03-06,10,0,1
642,문화,2019-03-07,6.9,0,1.4
642,문화,2019-03-08,7.2,0,1
642,문화,2019-03-09,8.3,0,.6
642,문화,2019-03-10,8.2,.5,.8
642,문화,2019-03-11,6,.5,1.4
642,문화,2019-03-12,4.8,.5,2.2
642,문화,2019-03-13,3.9,0,2.3
642,문화,2019-03-14,6.1,0,1.5
642,문화,2019-03-15,7,0,2.2
642,문화,2019-03-16,6.3,0,1.6
642,문화,2019-03-17,7.6,0,1.1
642,문화,2019-03-18,7.5,0,.7
642,문화,2019-03-19,10.9,0,1
642,문화,2019-03-20,11.3,15.5,.6
642,문화,2019-03-21,8.6,3,2.6
642,문화,2019-03-22,4.8,0,1.7
642,문화,2019-03-23,3.6,5,1.7
642,문화,2019-03-24,4.8,0,1.7
642,문화,2019-03-25,7.1,0,1.3
642,문화,2019-03-26,11.2,0,.9
642,문화,2019-03-27,14.2,0,2.6
642,문화,2019-03-28,12,0,1.4
642,문화,2019-03-29,12,0,1.4
642,문화,2019-03-30,6.2,3,2.1
642,문화,2019-03-31,5.6,0,2.5
642,문화,2019-04-01,6,0,1.9
642,문화,2019-04-02,7.3,0,1.4
642,문화,2019-04-03,7.5,0,1.6
642,문화,2019-04-04,9.3,0,1.5
642,문화,2019-04-05,11.4,0,2.5
642,문화,2019-04-06,12.6,0,.9
642,문화,2019-04-07,14.8,0,.9
642,문화,2019-04-08,12.9,0,1.3
642,문화,2019-04-09,10.4,28,1.9
642,문화,2019-04-10,8.1,2,1.5
642,문화,2019-04-11,10.8,0,1
642,문화,2019-04-12,11.9,0,1.2
642,문화,2019-04-13,12.1,0,1
642,문화,2019-04-14,10.6,.5,1.7
642,문화,2019-04-15,12,0,1.4
642,문화,2019-04-16,14.8,0,.7
642,문화,2019-04-17,17,0,1.3
642,문화,2019-04-18,15.8,0,2
642,문화,2019-04-19,14.4,0,1.3
642,문화,2019-04-20,17.1,0,1.3
642,문화,2019-04-21,18.3,0,.9
642,문화,2019-04-22,20.9,0,1.1
642,문화,2019-04-23,18.6,5,.8
642,문화,2019-04-24,17.7,21,.8
642,문화,2019-04-25,15.1,11,1
642,문화,2019-04-26,9.9,1.5,1.6
642,문화,2019-04-27,12.3,0,1
642,문화,2019-04-28,12.8,0,.9
642,문화,2019-04-29,11,15.5,.6
642,문화,2019-04-30,16.2,0,.9
642,문화,2019-05-01,15.8,0,1.5
642,문화,2019-05-02,15.5,0,1.7
642,문화,2019-05-03,18.1,0,1.1
642,문화,2019-05-04,19.6,0,.8
642,문화,2019-05-05,20,0,1.2
642,문화,2019-05-06,14.5,0,2
642,문화,2019-05-07,14.9,0,1.2
642,문화,2019-05-08,16.2,0,1.6
642,문화,2019-05-09,17.7,0,1.2
642,문화,2019-05-10,18.7,0,.9
642,문화,2019-05-11,20.4,0,.9
642,문화,2019-05-12,21.1,0,1.1
642,문화,2019-05-13,20.2,0,1.1
642,문화,2019-05-14,21.4,0,1.2
642,문화,2019-05-15,22.5,0,.9
642,문화,2019-05-16,23.6,0,1.1
642,문화,2019-05-17,23.3,0,1
642,문화,2019-05-18,19.3,12.5,2.1
642,문화,2019-05-19,20.6,1,1.3
642,문화,2019-05-20,17.3,3,2.3
642,문화,2019-05-21,18,0,2.6
642,문화,2019-05-22,20.8,0,1.8
642,문화,2019-05-23,23,0,1.3
642,문화,2019-05-24,24.5,0,.7
642,문화,2019-05-25,23.8,0,.6
642,문화,2019-05-26,24.9,0,1.3
642,문화,2019-05-27,17.8,16,1.9
642,문화,2019-05-28,18,0,1.4
642,문화,2019-05-29,20.6,0,1.3
642,문화,2019-05-30,20.2,0,1.4
642,문화,2019-05-31,19.2,.5,1.7
642,문화,2019-06-01,19.3,0,.8
642,문화,2019-06-02,21.9,0,.8
642,문화,2019-06-03,23.5,0,.8
642,문화,2019-06-04,24.8,0,1.4
642,문화,2019-06-05,24.1,0,1.3
642,문화,2019-06-06,22.4,15.5,.8
642,문화,2019-06-07,18.9,17,1.5
642,문화,2019-06-08,21.5,0,.7
642,문화,2019-06-09,22.1,1,.9
642,문화,2019-06-10,19.3,14.5,1.1
642,문화,2019-06-11,20.8,0,.9
642,문화,2019-06-12,21.6,0,.7
642,문화,2019-06-13,23.6,0,.5
642,문화,2019-06-14,21.8,0,.3
642,문화,2019-06-15,22,0,1.1
642,문화,2019-06-16,21.7,0,1.1
642,문화,2019-06-17,22.1,0,1.7
642,문화,2019-06-18,21.8,0,.7
642,문화,2019-06-19,22.9,0,.8
642,문화,2019-06-20,24.2,0,1.1
642,문화,2019-06-21,24.4,0,1.1
642,문화,2019-06-22,23.3,2.5,1.1
642,문화,2019-06-23,23.6,0,.8
642,문화,2019-06-24,24.5,0,1.2
642,문화,2019-06-25,26.3,0,.8
642,문화,2019-06-26,21.9,2,.8
642,문화,2019-06-27,24.4,2.5,.8
642,문화,2019-06-28,25.3,0,1.5
642,문화,2019-06-29,22.1,15.5,.4
642,문화,2019-06-30,24.3,0,1.5
642,문화,2019-07-01,23.7,0,1.4
642,문화,2019-07-02,24.3,0,1.1
642,문화,2019-07-03,24.5,0,.6
642,문화,2019-07-04,25.6,0,.9
642,문화,2019-07-05,27.9,0,.6
642,문화,2019-07-06,27.2,0,1.7
642,문화,2019-07-07,25.5,0,1.9
642,문화,2019-07-08,24.7,0,1.6
642,문화,2019-07-09,24.3,0,1.8
642,문화,2019-07-10,21.6,19,1.1
642,문화,2019-07-11,21.1,6,.6
642,문화,2019-07-12,23.5,0,1.5
642,문화,2019-07-13,24.2,1.5,.8
642,문화,2019-07-14,25.7,0,.8
642,문화,2019-07-15,24,44,.8
642,문화,2019-07-16,24.6,36,.7
642,문화,2019-07-17,25.8,0,.6
642,문화,2019-07-18,25.4,5,.4
642,문화,2019-07-19,26.5,.5,1
642,문화,2019-07-20,25.6,21,1.6
642,문화,2019-07-21,24.7,29,1.4
642,문화,2019-07-22,28.3,0,1.2
642,문화,2019-07-23,29,0,.5
642,문화,2019-07-24,27.7,0,.1
642,문화,2019-07-25,26.4,23.5,
642,문화,2019-07-26,27,19,.1
642,문화,2019-07-27,27.9,15,.4
642,문화,2019-07-28,26.9,21.5,.5
642,문화,2019-07-29,28.8,0,.6
642,문화,2019-07-30,29.5,0,1.3
642,문화,2019-07-31,29.9,0,2.1
642,문화,2019-08-01,29.7,0,1.3
642,문화,2019-08-02,30.4,0,.6
642,문화,2019-08-03,30.4,0,1
642,문화,2019-08-04,30.3,0,.9
642,문화,2019-08-05,31.3,0,.9
642,문화,2019-08-06,29.5,0,1.6
642,문화,2019-08-07,28.8,17.5,1.7
642,문화,2019-08-08,28,15,.9
642,문화,2019-08-09,29.6,4,.8
642,문화,2019-08-10,30.2,0,1.5
642,문화,2019-08-11,30.1,0,2
642,문화,2019-08-12,29.9,0,1.4
642,문화,2019-08-13,30.3,0,.9
642,문화,2019-08-14,30.2,0,1.6
642,문화,2019-08-15,25.8,9,1.4
642,문화,2019-08-16,26.7,1,1.6
642,문화,2019-08-17,26.5,3.5,1.5
642,문화,2019-08-18,25.9,0,.9
642,문화,2019-08-19,26.6,0,.8
642,문화,2019-08-20,27.8,0,1.4
642,문화,2019-08-21,27.1,7,.9
642,문화,2019-08-22,26.4,30,1.2
642,문화,2019-08-23,25.2,0,1.6
642,문화,2019-08-24,23.7,0,1
642,문화,2019-08-25,24.5,0,1.2
642,문화,2019-08-26,25.8,0,.8
642,문화,2019-08-27,22.2,41,.9
642,문화,2019-08-28,24.3,1.5,1
642,문화,2019-08-29,23.8,5.5,.9
642,문화,2019-08-30,23.8,1.5,1.4
642,문화,2019-08-31,23.6,0,1.2
642,문화,2019-09-01,24,0,.8
642,문화,2019-09-02,22.5,10.5,.7
642,문화,2019-09-03,22.5,2.5,.6
642,문화,2019-09-04,24.9,3.5,.8
642,문화,2019-09-05,24.8,26.5,.4
642,문화,2019-09-06,26.2,.5,.9
642,문화,2019-09-07,26.7,3,3
642,문화,2019-09-08,25.7,3.5,.6
642,문화,2019-09-09,24.4,10.5,.6
642,문화,2019-09-10,27.8,0,.8
642,문화,2019-09-11,25.7,0,1.3
642,문화,2019-09-12,21.3,4,1.6
642,문화,2019-09-13,23.2,0,1.2
642,문화,2019-09-14,23.6,0,.9
642,문화,2019-09-15,25.5,0,1
642,문화,2019-09-16,24.7,0,1
642,문화,2019-09-17,23.4,0,1.2
642,문화,2019-09-18,22.4,0,1.3
642,문화,2019-09-19,20.5,0,.9
642,문화,2019-09-20,20.1,0,1.2
642,문화,2019-09-21,18.2,43.5,1.3
642,문화,2019-09-22,17.2,68,2
642,문화,2019-09-23,18.3,0,.8
642,문화,2019-09-24,18.5,0,.7
642,문화,2019-09-25,19,0,.6
642,문화,2019-09-26,21.2,0,.7
642,문화,2019-09-27,23,0,.7
642,문화,2019-09-28,24.6,0,.6
642,문화,2019-09-29,23.6,0,.6
642,문화,2019-09-30,23,0,.3
642,문화,2019-10-01,22.5,0,.1
642,문화,2019-10-02,21.6,76,.7
642,문화,2019-10-03,22.7,13,1.2
642,문화,2019-10-04,22.9,0,1.1
642,문화,2019-10-05,19.4,0,1.6
642,문화,2019-10-06,18.4,0,1.6
642,문화,2019-10-07,15.7,13,.7
642,문화,2019-10-08,16.5,0,1.4
642,문화,2019-10-09,13.6,0,.5
642,문화,2019-10-10,14.7,0,.6
642,문화,2019-10-11,17.8,0,.6
642,문화,2019-10-12,18.6,0,1.2
642,문화,2019-10-13,16.9,0,1.1
642,문화,2019-10-14,15,0,1
642,문화,2019-10-15,14.2,0,1
642,문화,2019-10-16,14.5,0,.6
642,문화,2019-10-17,14.9,0,.9
642,문화,2019-10-18,16.4,0,.9
642,문화,2019-10-19,16.8,0,.6
642,문화,2019-10-20,15.6,0,.3
642,문화,2019-10-21,15.8,0,.6
642,문화,2019-10-22,16.9,0,.7
642,문화,2019-10-23,16.8,0,.8
642,문화,2019-10-24,18.9,0,1.4
642,문화,2019-10-25,17.6,0,.9
642,문화,2019-10-26,13.2,0,1.6
642,문화,2019-10-27,11.2,0,.8
642,문화,2019-10-28,12,0,.9
642,문화,2019-10-29,14.6,.5,1.5
642,문화,2019-10-30,11.5,0,.6
642,문화,2019-10-31,13.1,0,.9
642,문화,2019-11-01,15.4,0,.6
642,문화,2019-11-02,13.7,0,.2
642,문화,2019-11-03,14.6,0,.6
642,문화,2019-11-04,13.7,0,.5
642,문화,2019-11-05,12.2,0,.7
642,문화,2019-11-06,11.9,0,.8
642,문화,2019-11-07,11.2,0,1
642,문화,2019-11-08,7.2,0,.6
642,문화,2019-11-09,8.2,0,.4
642,문화,2019-11-10,9.3,9.5,.7
642,문화,2019-11-11,12.8,.5,1.8
642,문화,2019-11-12,9.8,0,.3
642,문화,2019-11-13,9,2,1
642,문화,2019-11-14,3.2,0,1.8
642,문화,2019-11-15,9.9,0,1.8
642,문화,2019-11-16,13.1,1.5,.9
642,문화,2019-11-17,10.1,47.5,.4
642,문화,2019-11-18,8.2,16.5,2.1
642,문화,2019-11-19,3,0,1.3
642,문화,2019-11-20,2.6,0,.4
642,문화,2019-11-21,4.6,0,.4
642,문화,2019-11-22,9.8,0,.5
642,문화,2019-11-23,11.3,0,.3
642,문화,2019-11-24,13.1,0,1
642,문화,2019-11-25,4.1,0,1.6
642,문화,2019-11-26,8.1,0,.4
642,문화,2019-11-27,6.3,0,1.4
642,문화,2019-11-28,5.3,0,.8
642,문화,2019-11-29,3.2,0,.2
642,문화,2019-11-30,4.8,0,.3
642,문화,2019-12-01,6.3,10.5,.1
642,문화,2019-12-02,3.3,0,1.9
642,문화,2019-12-03,2.6,0,.9
642,문화,2019-12-04,6,0,.9
642,문화,2019-12-05,.1,0,2
642,문화,2019-12-06,-3.8,0,1
642,문화,2019-12-07,.4,0,.5
642,문화,2019-12-08,1.3,0,.2
642,문화,2019-12-09,3.1,0,.2
642,문화,2019-12-10,7.4,0,.5
642,문화,2019-12-11,8.1,0,1.8
642,문화,2019-12-12,2,0,1.3
642,문화,2019-12-13,1.1,0,.5
642,문화,2019-12-14,4.5,0,1.1
642,문화,2019-12-15,5.1,0,.4
642,문화,2019-12-16,7.7,0,.5
642,문화,2019-12-17,7.9,2,.7
642,문화,2019-12-18,3.3,0,1
642,문화,2019-12-19,1.4,0,1
642,문화,2019-12-20,1.3,0,1
642,문화,2019-12-21,.6,0,.5
642,문화,2019-12-22,3.3,0,.5
642,문화,2019-12-23,4.3,0,1.2
642,문화,2019-12-24,1.6,0,.6
642,문화,2019-12-25,3,0,.6
642,문화,2019-12-26,3,1.5,1.3
642,문화,2019-12-27,.7,0,1.3
642,문화,2019-12-28,.7,0,.5
642,문화,2019-12-29,2.4,9,.5
642,문화,2019-12-30,4.5,.5,1.1
642,문화,2019-12-31,-4.2,0,2.2
642,문화,2020-01-01,-.5,0,.9
642,문화,2020-01-02,1.6,0,.9
642,문화,2020-01-03,2.2,0,.9
642,문화,2020-01-04,.8,0,.6
642,문화,2020-01-05,1.3,0,.5
642,문화,2020-01-06,3.2,9.5,.5
642,문화,2020-01-07,8.4,46,.7
642,문화,2020-01-08,4.5,4,3.1
642,문화,2020-01-09,1.9,0,1.5
642,문화,2020-01-10,.6,0,.7
642,문화,2020-01-11,1.6,0,.8
642,문화,2020-01-12,1.7,0,1.5
642,문화,2020-01-13,.8,0,1.7
642,문화,2020-01-14,.5,0,.9
642,문화,2020-01-15,-.5,0,.9
642,문화,2020-01-16,-.1,0,.8
642,문화,2020-01-17,.3,0,.6
642,문화,2020-01-18,.4,0,.6
642,문화,2020-01-19,3,0,1.3
642,문화,2020-01-20,3.4,0,2
642,문화,2020-01-21,.7,0,.9
642,문화,2020-01-22,2.6,0,.5
642,문화,2020-01-23,6.2,.5,.9
642,문화,2020-01-24,4.1,0,.7
642,문화,2020-01-25,5.4,0,.4
642,문화,2020-01-26,6.6,0,1.4
642,문화,2020-01-27,5.9,3,2.3
642,문화,2020-01-28,6.7,0,.8
642,문화,2020-01-29,7,0,.7
642,문화,2020-01-30,5.8,0,.9
642,문화,2020-01-31,4,0,1.5
642,문화,2020-02-01,2.6,0,.8
642,문화,2020-02-02,2.1,0,.9
642,문화,2020-02-03,1.9,0,1.5
642,문화,2020-02-04,.3,0,1.2
642,문화,2020-02-05,-4.3,0,2.3
642,문화,2020-02-06,-4.5,0,1
642,문화,2020-02-07,-1.1,0,.9
642,문화,2020-02-08,1.9,0,1.7
642,문화,2020-02-09,.3,0,1.1
642,문화,2020-02-10,5.3,0,1
642,문화,2020-02-11,6.5,0,.5
642,문화,2020-02-12,7.6,12,.7
642,문화,2020-02-13,7.3,0,1.4
642,문화,2020-02-14,7.7,0,.7
642,문화,2020-02-15,9.8,2,.8
642,문화,2020-02-16,1.2,6,2.5
642,문화,2020-02-17,-2.8,0,2.6
642,문화,2020-02-18,-.8,0,1.6
642,문화,2020-02-19,2.3,0,.7
642,문화,2020-02-20,5.2,0,.6
642,문화,2020-02-21,7.3,1.5,.6
642,문화,2020-02-22,6.3,1.5,2.7
642,문화,2020-02-23,3.9,0,1.3
642,문화,2020-02-24,7.2,.5,.7
642,문화,2020-02-25,7.1,51.5,1.2
642,문화,2020-02-26,8.4,0,1
642,문화,2020-02-27,7,0,1
642,문화,2020-02-28,4.9,2.5,.6
642,문화,2020-02-29,7.2,0,.6
642,문화,2020-03-01,6.2,0,1.5
642,문화,2020-03-02,5.8,0,1.9
642,문화,2020-03-03,7.4,0,1.4
642,문화,2020-03-04,4,0,2.8
642,문화,2020-03-05,3.4,0,1.6
642,문화,2020-03-06,4.8,0,.7
642,문화,2020-03-07,6,0,.6
642,문화,2020-03-08,8.8,0,.8
642,문화,2020-03-09,9.9,1,.8
642,문화,2020-03-10,6.8,8,1.5
642,문화,2020-03-11,5.2,0,2.1
642,문화,2020-03-12,7.4,0,1.2
642,문화,2020-03-13,7.1,0,1.5
642,문화,2020-03-14,5,0,2
642,문화,2020-03-15,5.4,0,2.8
642,문화,2020-03-16,4.7,0,1.6
642,문화,2020-03-17,7.9,0,2
642,문화,2020-03-18,10.4,0,.8
642,문화,2020-03-19,10.4,0,3.6
642,문화,2020-03-20,9.4,0,2
642,문화,2020-03-21,14.5,0,1.5
642,문화,2020-03-22,13.6,0,1.9
642,문화,2020-03-23,10.4,0,1.9
642,문화,2020-03-24,11.3,0,1
642,문화,2020-03-25,13.8,0,.8
642,문화,2020-03-26,14.2,.5,.6
642,문화,2020-03-27,11.7,8.5,1.5
642,문화,2020-03-28,7.6,0,1.3
642,문화,2020-03-29,8.9,0,1.3
642,문화,2020-03-30,12,0,1
642,문화,2020-03-31,12.9,0,1
642,문화,2020-04-01,11.8,0,1.9
642,문화,2020-04-02,10,0,1.2
642,문화,2020-04-03,10.7,0,1.4
642,문화,2020-04-04,10,0,2.2
642,문화,2020-04-05,8,0,1.5
642,문화,2020-04-06,9.7,0,1.4
642,문화,2020-04-07,11.7,0,2
642,문화,2020-04-08,10.1,0,2.2
642,문화,2020-04-09,9.9,0,1.5
642,문화,2020-04-10,10.9,0,1.6
642,문화,2020-04-11,9,0,1.5
642,문화,2020-04-12,8.5,1,1.2
642,문화,2020-04-13,10.7,0,1.9
642,문화,2020-04-14,13,0,1.5
642,문화,2020-04-15,12.8,0,.9
642,문화,2020-04-16,15.9,0,1.6
642,문화,2020-04-17,14.5,3,2.2
642,문화,2020-04-18,13.7,0,2
642,문화,2020-04-19,11.4,12.5,1.2
642,문화,2020-04-20,11,0,2.1
642,문화,2020-04-21,9.4,0,3.2
642,문화,2020-04-22,7.3,0,2.9
642,문화,2020-04-23,9,0,2.7
642,문화,2020-04-24,10.6,0,2.9
642,문화,2020-04-25,15.7,0,3.5
642,문화,2020-04-26,13.3,0,2
642,문화,2020-04-27,12.7,0,1.5
642,문화,2020-04-28,13.6,0,1.9
642,문화,2020-04-29,16.1,0,1.5
642,문화,2020-04-30,17.8,0,1.6
642,문화,2020-05-01,22.4,0,2
642,문화,2020-05-02,22.5,0,1.4
642,문화,2020-05-03,19,11,1
642,문화,2020-05-04,20.5,0,1.6
642,문화,2020-05-05,15.9,2,.9
642,문화,2020-05-06,20.4,0,1.5
642,문화,2020-05-07,20,0,2.3
642,문화,2020-05-08,19.4,8.5,1.4
642,문화,2020-05-09,16.1,18,1.8
642,문화,2020-05-10,14.8,.5,2.1
642,문화,2020-05-11,19,0,2.2
642,문화,2020-05-12,16.7,0,3.1
642,문화,2020-05-13,16.6,0,2
642,문화,2020-05-14,20.6,0,.8
642,문화,2020-05-15,16.7,26,1.1
642,문화,2020-05-16,17.8,0,1.1
642,문화,2020-05-17,21.6,0,1.2
642,문화,2020-05-18,20,10.5,1.8
642,문화,2020-05-19,14.3,4.5,1.8
642,문화,2020-05-20,15,0,1.3
642,문화,2020-05-21,17.8,0,.9
642,문화,2020-05-22,18.9,19,1.3
642,문화,2020-05-23,20.6,0,1.2
642,문화,2020-05-24,19.7,3,1.7
642,문화,2020-05-25,18.1,0,1.1
642,문화,2020-05-26,20,0,1.6
642,문화,2020-05-27,19.8,0,1.5
642,문화,2020-05-28,19.3,0,1.5
642,문화,2020-05-29,21.6,0,1.2
642,문화,2020-05-30,22.9,0,1
642,문화,2020-05-31,21.7,0,1.3
642,문화,2020-06-01,21.2,.5,2
642,문화,2020-06-02,20.3,0,1.1
642,문화,2020-06-03,23.3,0,1.3
642,문화,2020-06-04,25.5,0,2.1
642,문화,2020-06-05,25.6,0,1.5
642,문화,2020-06-06,24.5,4.5,1.3
642,문화,2020-06-07,24.2,0,1.3
642,문화,2020-06-08,26.5,0,1
642,문화,2020-06-09,27.9,0,1.1
642,문화,2020-06-10,25.9,57.5,1.1
642,문화,2020-06-11,25.5,67.5,1
642,문화,2020-06-12,24.3,4,.8
642,문화,2020-06-13,24.4,20.5,.9
642,문화,2020-06-14,24.2,5,2.1
642,문화,2020-06-15,23.5,0,2
642,문화,2020-06-16,24.3,0,1.4
642,문화,2020-06-17,23.6,0,1.2
642,문화,2020-06-18,20.8,1,1.1
642,문화,2020-06-19,24.2,0,1.3
642,문화,2020-06-20,24.9,0,1.3
642,문화,2020-06-21,26.2,0,1.1
642,문화,2020-06-22,27.5,0,1.2
642,문화,2020-06-23,27.3,0,1.2
642,문화,2020-06-24,23.3,6,1.3
642,문화,2020-06-25,21.5,4,1.3
642,문화,2020-06-26,23.5,0,2
642,문화,2020-06-27,25.2,0,.8
642,문화,2020-06-28,24.9,0,1.2
642,문화,2020-06-29,22.5,36.5,1.4
642,문화,2020-06-30,20.4,22.5,1.8
642,문화,2020-07-01,21.3,.5,1.2
642,문화,2020-07-02,23.6,0,.8
642,문화,2020-07-03,22,1,1.2
642,문화,2020-07-04,21.7,.5,1.2
642,문화,2020-07-05,23.4,0,.9
642,문화,2020-07-06,24.2,0,1
642,문화,2020-07-07,25.4,0,1.6
642,문화,2020-07-08,25.4,0,1.3
642,문화,2020-07-09,26.9,0,1.4
642,문화,2020-07-10,25.4,13.5,1.6
642,문화,2020-07-11,26.4,0,1.3
642,문화,2020-07-12,22.3,62,1.5
642,문화,2020-07-13,19.5,98.5,2.5
642,문화,2020-07-14,20,5.5,1.4
642,문화,2020-07-15,21,8,.8
642,문화,2020-07-16,23.6,0,.8
642,문화,2020-07-17,25.5,0,.8
642,문화,2020-07-18,25.3,0,1.3
642,문화,2020-07-19,26.6,5,1.3
642,문화,2020-07-20,24.5,15.5,1.7
642,문화,2020-07-21,26.2,0,1
642,문화,2020-07-22,23.5,26.5,1
642,문화,2020-07-23,21.9,57,2
642,문화,2020-07-24,21.9,16,1.3
642,문화,2020-07-25,22.8,11.5,.8
642,문화,2020-07-26,24.2,0,.6
642,문화,2020-07-27,24.6,1,1
642,문화,2020-07-28,24,14.5,.8
642,문화,2020-07-29,24.9,97.5,.4
642,문화,2020-07-30,25.4,197,1
642,문화,2020-07-31,26.8,4.5,.9
642,문화,2020-08-01,26,9,.8
642,문화,2020-08-02,28.8,0,2.2
642,문화,2020-08-03,27.5,7.5,1.5
642,문화,2020-08-04,27.3,49,.9
642,문화,2020-08-05,27,15,.6
642,문화,2020-08-06,25.5,32.5,2.4
642,문화,2020-08-07,23.5,58,.4
642,문화,2020-08-08,23.9,59,.3
642,문화,2020-08-09,27.1,17.5,.8
642,문화,2020-08-10,26.4,32,.7
642,문화,2020-08-11,26.2,32,.9
642,문화,2020-08-12,27.4,9,.7
642,문화,2020-08-13,29,0,.8
642,문화,2020-08-14,29,0,1.8
642,문화,2020-08-15,29.6,0,2
642,문화,2020-08-16,28.6,0,1.5
642,문화,2020-08-17,29,0,.9
642,문화,2020-08-18,28.9,0,.8
642,문화,2020-08-19,29.1,0,1.3
642,문화,2020-08-20,29.1,0,1.2
642,문화,2020-08-21,28.9,0,.9
642,문화,2020-08-22,25.6,37.5,1.1
642,문화,2020-08-23,27.5,0,.8
642,문화,2020-08-24,28.7,0,1
642,문화,2020-08-25,29.7,0,1
642,문화,2020-08-26,29.3,4,1.9
642,문화,2020-08-27,29.7,3,1.8
642,문화,2020-08-28,29.1,12,1.2
642,문화,2020-08-29,27,12.5,.9
642,문화,2020-08-30,28.1,28.5,1
642,문화,2020-08-31,27.1,0,1.7
642,문화,2020-09-01,27,0,1.5
642,문화,2020-09-02,24.8,29.5,1.3
642,문화,2020-09-03,23.5,62,3.1
642,문화,2020-09-04,24.5,0,1.3
642,문화,2020-09-05,22.4,0,.9
642,문화,2020-09-06,21.1,23,1.4
642,문화,2020-09-07,19.4,27.5,3.1
642,문화,2020-09-08,24.1,0,2.4
642,문화,2020-09-09,22.4,14.5,1.3
642,문화,2020-09-10,23.6,0,.6
642,문화,2020-09-11,21.9,1.5,.6
642,문화,2020-09-12,19.6,12.5,1
642,문화,2020-09-13,21.7,0,.9
642,문화,2020-09-14,22,0,.8
642,문화,2020-09-15,23.5,0,.7
642,문화,2020-09-16,21.7,6,.4
642,문화,2020-09-17,21.7,9.5,.9
642,문화,2020-09-18,20.9,0,1.5
642,문화,2020-09-19,20.7,0,1.5
642,문화,2020-09-20,19.6,0,1
642,문화,2020-09-21,18.2,0,.6
642,문화,2020-09-22,19.5,0,1.3
642,문화,2020-09-23,19.1,0,1.2
642,문화,2020-09-24,20.2,0,1
642,문화,2020-09-25,20.3,0,1
642,문화,2020-09-26,19.8,0,1
642,문화,2020-09-27,19.4,0,.9
642,문화,2020-09-28,18.9,0,.5
642,문화,2020-09-29,18.6,0,.7
642,문화,2020-09-30,19.2,0,.4
642,문화,2020-10-01,20.1,0,.8
642,문화,2020-10-02,20.9,0,1.2
642,문화,2020-10-03,20.2,2,.5
642,문화,2020-10-04,18.3,1,1.7
642,문화,2020-10-05,14.5,0,1.2
642,문화,2020-10-06,14.7,0,.7
642,문화,2020-10-07,17,0,1.1
642,문화,2020-10-08,18,0,2
642,문화,2020-10-09,18.2,0,1.5
642,문화,2020-10-10,17.6,0,.9
642,문화,2020-10-11,18,0,.7
642,문화,2020-10-12,17.4,0,.9
642,문화,2020-10-13,13.5,0,.7
642,문화,2020-10-14,12.8,0,
642,문화,2020-10-15,11.8,0,.7
642,문화,2020-10-16,11.7,0,.1
642,문화,2020-10-17,13,0,.6
642,문화,2020-10-18,12.6,0,.6
642,문화,2020-10-19,13.2,0,
642,문화,2020-10-20,14,0,.7
642,문화,2020-10-21,13.3,0,.5
642,문화,2020-10-22,13.5,0,1.2
642,문화,2020-10-23,10.7,0,1.9
642,문화,2020-10-24,9.8,0,1.3
642,문화,2020-10-25,12.1,0,.7
642,문화,2020-10-26,12.2,0,.7
642,문화,2020-10-27,13.1,0,.6
642,문화,2020-10-28,14.2,0,.8
642,문화,2020-10-29,9.9,0,.7
642,문화,2020-10-30,11.3,0,.8
642,문화,2020-10-31,12.6,0,.6
642,문화,2020-11-01,12.7,2.5,.7
642,문화,2020-11-02,11.5,0,.9
642,문화,2020-11-03,7,0,1.9
642,문화,2020-11-04,4.9,0,.9
642,문화,2020-11-05,8.4,0,.6
642,문화,2020-11-06,12.2,0,.4
642,문화,2020-11-07,14.6,0,1.3
642,문화,2020-11-08,10.7,0,2
642,문화,2020-11-09,7.6,0,1.2
642,문화,2020-11-10,9,0,1.1
642,문화,2020-11-11,8.4,0,.6
642,문화,2020-11-12,9.5,0,.4
642,문화,2020-11-13,10,0,.5
642,문화,2020-11-14,11.1,0,.5
642,문화,2020-11-15,11.7,0,.7
642,문화,2020-11-16,11.1,0,.5
642,문화,2020-11-17,15.4,3.5,.9
642,문화,2020-11-18,15.9,2.5,.6
642,문화,2020-11-19,16.7,28,2.3
642,문화,2020-11-20,7.1,0,2.1
642,문화,2020-11-21,8.5,0,1.3
642,문화,2020-11-22,8,3,1.5
642,문화,2020-11-23,4.5,0,1.4
642,문화,2020-11-24,5.2,0,.9
642,문화,2020-11-25,5.5,0,.7
642,문화,2020-11-26,7.2,0,.7
642,문화,2020-11-27,6.2,0,1.6
642,문화,2020-11-28,3.2,0,1.8
642,문화,2020-11-29,2.5,0,1.2
642,문화,2020-11-30,1.6,0,.9
642,문화,2020-12-01,1.9,0,.8
642,문화,2020-12-02,3.6,0,.8
642,문화,2020-12-03,2,0,1.1
642,문화,2020-12-04,.6,0,.7
642,문화,2020-12-05,1.9,0,.6
642,문화,2020-12-06,3.2,0,.5
642,문화,2020-12-07,3.5,0,.9
642,문화,2020-12-08,1.1,0,.9
642,문화,2020-12-09,1.5,0,.6
642,문화,2020-12-10,6.1,0,.5
642,문화,2020-12-11,6.9,0,.5
642,문화,2020-12-12,4.7,0,1.4
642,문화,2020-12-13,1.3,4,1.3
642,문화,2020-12-14,-4.3,0,2.4
642,문화,2020-12-15,-5.4,0,1.7
642,문화,2020-12-16,-4.8,0,1.5
642,문화,2020-12-17,-3.6,0,.7
642,문화,2020-12-18,.4,0,1.3
642,문화,2020-12-19,-3.2,0,1.3
642,문화,2020-12-20,-2.2,0,.8
642,문화,2020-12-21,.4,0,.6
642,문화,2020-12-22,1.6,0,.8
642,문화,2020-12-23,4.1,0,.8
642,문화,2020-12-24,4.5,0,1.6
642,문화,2020-12-25,.6,0,1.2
642,문화,2020-12-26,1.4,0,.5
642,문화,2020-12-27,3.1,0,.3
642,문화,2020-12-28,5.2,0,.5
642,문화,2020-12-29,1.5,.5,1.2
642,문화,2020-12-30,-7.2,0,3
642,문화,2020-12-31,-7.1,0,1.1
642,문화,2021-01-01,-4.4,0,.4
642,문화,2021-01-02,-2.8,0,1.1
642,문화,2021-01-03,-3.6,0,.6
642,문화,2021-01-04,-2.6,0,.5
642,문화,2021-01-05,-2.4,0,1.6
642,문화,2021-01-06,-5.2,1,1
642,문화,2021-01-07,-10.8,.5,2.6
642,문화,2021-01-08,-13,0,1
642,문화,2021-01-09,-11.2,0,.9
642,문화,2021-01-10,-8,0,.5
642,문화,2021-01-11,-5.6,0,.5
642,문화,2021-01-12,-1.6,0,1
642,문화,2021-01-13,3.9,0,1.3
642,문화,2021-01-14,3.5,0,.7
642,문화,2021-01-15,6.4,0,1.8
642,문화,2021-01-16,-.9,0,2.2
642,문화,2021-01-17,-3.1,0,1.7
642,문화,2021-01-18,-1.1,1,1.9
642,문화,2021-01-19,-4.5,0,1.1
642,문화,2021-01-20,-1,0,.4
642,문화,2021-01-21,4.7,3.5,.4
642,문화,2021-01-22,7.5,2.5,.6
642,문화,2021-01-23,8.7,0,1.3
642,문화,2021-01-24,7.8,0,1.1
642,문화,2021-01-25,8.3,0,1
642,문화,2021-01-26,5.9,2.5,1
642,문화,2021-01-27,3.5,0,1.4
642,문화,2021-01-28,-1.1,1,2.2
642,문화,2021-01-29,-5.6,0,1.9
642,문화,2021-01-30,.4,0,.9
642,문화,2021-01-31,3.9,0,.5
642,문화,2021-02-01,7.4,6.5,1.8
642,문화,2021-02-02,-2.4,0,2.5
642,문화,2021-02-03,-1.4,0,1.5
642,문화,2021-02-04,-.3,0,1.6
642,문화,2021-02-05,1.6,0,.8
642,문화,2021-02-06,7,0,1.9
642,문화,2021-02-07,6.3,0,1.5
642,문화,2021-02-08,-1.3,0,2.3
642,문화,2021-02-09,.2,0,1
642,문화,2021-02-10,2.6,0,.9
642,문화,2021-02-11,5.4,0,.6
642,문화,2021-02-12,6.9,0,.5
642,문화,2021-02-13,7.6,0,.5
642,문화,2021-02-14,9.5,.5,.6
642,문화,2021-02-15,3.3,0,2.8
642,문화,2021-02-16,-2.5,3,1.9
642,문화,2021-02-17,-6.1,0,2.9
642,문화,2021-02-18,-4.2,0,1.9
642,문화,2021-02-19,2.8,0,1.7
642,문화,2021-02-20,10.7,0,2.2
642,문화,2021-02-21,14.4,0,2.1
642,문화,2021-02-22,12,0,2.2
642,문화,2021-02-23,2.4,0,1.5
642,문화,2021-02-24,4.6,0,.9
642,문화,2021-02-25,4.8,0,.6
642,문화,2021-02-26,8.7,0,1.6
642,문화,2021-02-27,8.7,0,2.1
642,문화,2021-02-28,7.4,0,.8
642,문화,2021-03-01,8.3,44.5,1.1
642,문화,2021-03-02,2.9,0,1.5
642,문화,2021-03-03,4.3,0,.6
642,문화,2021-03-04,5.8,2.5,.5
642,문화,2021-03-05,8.8,0,.9
642,문화,2021-03-06,7.7,0,1.5
642,문화,2021-03-07,6.9,0,1.1
642,문화,2021-03-08,8,0,.7
642,문화,2021-03-09,8.1,0,1
642,문화,2021-03-10,9.4,0,1
642,문화,2021-03-11,11.2,0,.9
642,문화,2021-03-12,8.4,14,1.1
642,문화,2021-03-13,8.8,0,.8
642,문화,2021-03-14,9.4,0,.9
642,문화,2021-03-15,11.6,0,1.1
642,문화,2021-03-16,11.5,.5,1.7
642,문화,2021-03-17,9.9,0,1
642,문화,2021-03-18,12.5,0,1
642,문화,2021-03-19,13.6,0,1.6
642,문화,2021-03-20,9,6,1
642,문화,2021-03-21,6.7,0,2.5
642,문화,2021-03-22,6.7,0,2.5
642,문화,2021-03-23,9.5,0,1.8
642,문화,2021-03-24,11.1,0,1.2
642,문화,2021-03-25,12.6,0,1
642,문화,2021-03-26,14.5,0,.8
642,문화,2021-03-27,12.5,15.5,.7
642,문화,2021-03-28,10.2,2,2.3
642,문화,2021-03-29,12.3,0,2
642,문화,2021-03-30,12.8,0,1.1
642,문화,2021-03-31,14.5,0,.9
642,문화,2021-04-01,15.5,0,2.3
642,문화,2021-04-02,17.7,0,1.8
642,문화,2021-04-03,16.5,23,.9
642,문화,2021-04-04,11.7,7,1.4
642,문화,2021-04-05,11.4,0,1.3
642,문화,2021-04-06,13.1,0,1.5
642,문화,2021-04-07,14.6,0,1.2
642,문화,2021-04-08,13.5,0,1.4
642,문화,2021-04-09,12,0,1.7
642,문화,2021-04-10,13,0,1.3
642,문화,2021-04-11,15.6,0,1.1
642,문화,2021-04-12,13.6,14,1.2
642,문화,2021-04-13,11.4,2,2.8
642,문화,2021-04-14,9.4,0,1.9
642,문화,2021-04-15,11.4,0,1
642,문화,2021-04-16,11.9,0,1.4
642,문화,2021-04-17,10.4,0,1.9
642,문화,2021-04-18,10.8,0,2.4
642,문화,2021-04-19,13.3,0,1.8
642,문화,2021-04-20,15.7,0,1
642,문화,2021-04-21,19.8,0,1.2
642,문화,2021-04-22,22,0,1.5
642,문화,2021-04-23,19.1,0,2.3
642,문화,2021-04-24,18.4,0,1.4
642,문화,2021-04-25,17.6,0,1.4
642,문화,2021-04-26,17.1,0,1.4
642,문화,2021-04-27,16.5,0,1.1
642,문화,2021-04-28,17,0,1.6
642,문화,2021-04-29,16.5,1,1.8
642,문화,2021-04-30,13.3,0,3.1
642,문화,2021-05-01,10.8,.5,2.1
642,문화,2021-05-02,12.5,3.5,1.6
642,문화,2021-05-03,15.1,0,1.4
642,문화,2021-05-04,17.1,4.5,.9
642,문화,2021-05-05,15.2,2,2.3
642,문화,2021-05-06,15.9,0,1
642,문화,2021-05-07,15.2,3,2
642,문화,2021-05-08,16.2,0,2.6
642,문화,2021-05-09,17,0,2
642,문화,2021-05-10,12.6,9.5,.9
642,문화,2021-05-11,15.9,6,1.6
642,문화,2021-05-12,20,0,1.4
642,문화,2021-05-13,22.6,0,.9
642,문화,2021-05-14,23.8,0,1.2
642,문화,2021-05-15,22.8,2,1
642,문화,2021-05-16,21.4,41,1.2
642,문화,2021-05-17,16.4,3,1.7
642,문화,2021-05-18,18.7,0,1
642,문화,2021-05-19,21,0,1.1
642,문화,2021-05-20,16.9,6.5,1.2
642,문화,2021-05-21,15.2,1,2.1
642,문화,2021-05-22,19.1,0,1.4
642,문화,2021-05-23,20.8,0,.8
642,문화,2021-05-24,20.5,0,1.6
642,문화,2021-05-25,16.7,3,2
642,문화,2021-05-26,17.9,0,.8
642,문화,2021-05-27,16.7,2,1.7
642,문화,2021-05-28,15.4,27.5,1.5
642,문화,2021-05-29,18.6,0,2
642,문화,2021-05-30,20.8,10.5,1.1
642,문화,2021-05-31,20.9,7,1.1
642,문화,2021-06-01,22.5,0,1
642,문화,2021-06-02,24.4,0,1.1
642,문화,2021-06-03,18.8,26,.7
642,문화,2021-06-04,19,3,1.7
642,문화,2021-06-05,22.1,0,2
642,문화,2021-06-06,23.2,0,1.4
642,문화,2021-06-07,23.5,0,1
642,문화,2021-06-08,24.9,0,.8
642,문화,2021-06-09,26.6,0,1
642,문화,2021-06-10,25.1,1.5,1
642,문화,2021-06-11,23.6,13.5,1.4
642,문화,2021-06-12,25.3,0,1.1
642,문화,2021-06-13,24.8,0,1.5
642,문화,2021-06-14,24.6,0,1.3
642,문화,2021-06-15,22.5,2,1.3
642,문화,2021-06-16,23.2,0,1.9
642,문화,2021-06-17,21.9,0,1.3
642,문화,2021-06-18,21.4,2.5,1.4
642,문화,2021-06-19,23.2,0,1.3
642,문화,2021-06-20,24.5,0,1.8
642,문화,2021-06-21,25.1,0,1.6
642,문화,2021-06-22,23.4,0,1.1
642,문화,2021-06-23,20.5,23.5,1
642,문화,2021-06-24,22.8,0,1
642,문화,2021-06-25,24,5.5,1.1
642,문화,2021-06-26,22.7,11.5,.9
642,문화,2021-06-27,24.9,0,.9
642,문화,2021-06-28,25.1,0,1.2
642,문화,2021-06-29,23.7,0,1
642,문화,2021-06-30,24.6,9,.9
